fat_id,path,start,end,size,class,note
3,/battle/alb000_mdl.bin,2393600,2420864,27264,container,"in-house EZBIND"
4,/battle/alb000_mot.bin,2421248,2535464,114216,container,"in-house EZBIND"
5,/battle/alb000_sp.bin,2535936,2601904,65968,container,"in-house EZBIND"
6,/battle/alb000_tex.bin,2601984,2620140,18156,container,"in-house EZBIND"
7,/battle/amp000_mdl.bin,2620416,2636756,16340,container,"in-house EZBIND"
8,/battle/amp000_mot.bin,2636800,2722820,86020,container,"in-house EZBIND"
9,/battle/amp000_tex.bin,2723328,2728024,4696,container,"in-house EZBIND"
10,/battle/amp001_mdl.bin,2728448,2744780,16332,container,"in-house EZBIND"
11,/battle/amp001_tex.bin,2744832,2749528,4696,container,"in-house EZBIND"
12,/battle/amp002_mdl.bin,2749952,2766284,16332,container,"in-house EZBIND"
13,/battle/amp002_tex.bin,2766336,2771032,4696,container,"in-house EZBIND"
14,/battle/amp003_mdl.bin,2771456,2787788,16332,container,"in-house EZBIND"
15,/battle/amp003_tex.bin,2787840,2792536,4696,container,"in-house EZBIND"
16,/battle/amp00g_mdl.bin,2792960,2810460,17500,container,"in-house EZBIND"
17,/battle/amp00g_tex.bin,2810880,2815528,4648,container,"in-house EZBIND"
18,/battle/amp010_mdl.bin,2816000,2829840,13840,container,"in-house EZBIND"
19,/battle/amp010_mot.bin,2830336,2867276,36940,container,"in-house EZBIND"
20,/battle/amp010_tex.bin,2867712,2872280,4568,container,"in-house EZBIND"
21,/battle/amp011_mdl.bin,2872320,2886160,13840,container,"in-house EZBIND"
22,/battle/amp011_tex.bin,2886656,2891224,4568,container,"in-house EZBIND"
23,/battle/amp012_mdl.bin,2891264,2905104,13840,container,"in-house EZBIND"
24,/battle/amp012_tex.bin,2905600,2910152,4552,container,"in-house EZBIND"
25,/battle/amp013_mdl.bin,2910208,2924048,13840,container,"in-house EZBIND"
26,/battle/amp013_tex.bin,2924544,2929112,4568,container,"in-house EZBIND"
27,/battle/amp016_mdl.bin,2929152,2942992,13840,container,"in-house EZBIND"
28,/battle/amp016_tex.bin,2943488,2948088,4600,container,"in-house EZBIND"
29,/battle/amp01g_mdl.bin,2948096,2957920,9824,container,"in-house EZBIND"
30,/battle/amp01g_tex.bin,2958336,2962888,4552,container,"in-house EZBIND"
31,/battle/amp020_mdl.bin,2962944,2984864,21920,container,"in-house EZBIND"
32,/battle/amp020_mot.bin,2984960,3135120,150160,container,"in-house EZBIND"
33,/battle/amp020_tex.bin,3135488,3140168,4680,container,"in-house EZBIND"
34,/battle/amp021_mdl.bin,3140608,3162504,21896,container,"in-house EZBIND"
35,/battle/amp021_tex.bin,3162624,3167256,4632,container,"in-house EZBIND"
36,/battle/amp022_mdl.bin,3167744,3191208,23464,container,"in-house EZBIND"
37,/battle/amp022_tex.bin,3191296,3195944,4648,container,"in-house EZBIND"
38,/battle/amp023_mdl.bin,3196416,3219868,23452,container,"in-house EZBIND"
39,/battle/amp023_tex.bin,3219968,3224632,4664,container,"in-house EZBIND"
40,/battle/amp02g_mdl.bin,3225088,3247672,22584,container,"in-house EZBIND"
41,/battle/amp02g_tex.bin,3248128,3252728,4600,container,"in-house EZBIND"
42,/battle/amp030_mdl.bin,3252736,3271564,18828,container,"in-house EZBIND"
43,/battle/amp030_mot.bin,3271680,3403728,132048,container,"in-house EZBIND"
44,/battle/amp030_tex.bin,3403776,3409756,5980,container,"in-house EZBIND"
45,/battle/amp031_mdl.bin,3409920,3430952,21032,container,"in-house EZBIND"
46,/battle/amp031_tex.bin,3431424,3437372,5948,container,"in-house EZBIND"
47,/battle/amp032_mdl.bin,3437568,3459776,22208,container,"in-house EZBIND"
48,/battle/amp032_tex.bin,3460096,3466012,5916,container,"in-house EZBIND"
49,/battle/amp033_mdl.bin,3466240,3491596,25356,container,"in-house EZBIND"
50,/battle/amp033_tex.bin,3491840,3497820,5980,container,"in-house EZBIND"
51,/battle/amp03g_mdl.bin,3497984,3516840,18856,container,"in-house EZBIND"
52,/battle/amp03g_tex.bin,3516928,3522988,6060,container,"in-house EZBIND"
53,/battle/ang000_mdl.bin,3523072,3545580,22508,container,"in-house EZBIND"
54,/battle/ang000_mot.bin,3545600,3755056,209456,container,"in-house EZBIND"
55,/battle/ang000_tex.bin,3755520,3773820,18300,container,"in-house EZBIND"
56,/battle/ang000_win_mot.bin,3773952,3802344,28392,container,"in-house EZBIND"
57,/battle/ange_sp.bin,3802624,3870520,67896,container,"in-house EZBIND"
58,/battle/asu000_mdl.bin,3870720,3900896,30176,container,"in-house EZBIND"
59,/battle/asu000_mot.bin,3900928,3987488,86560,container,"in-house EZBIND"
60,/battle/asu000_tex.bin,3987968,4006988,19020,container,"in-house EZBIND"
61,/battle/bst000_mdl.bin,4007424,4029456,22032,container,"in-house EZBIND"
62,/battle/bst000_mot.bin,4029952,4134312,104360,container,"in-house EZBIND"
63,/battle/bst000_tex.bin,4134400,4139160,4760,container,"in-house EZBIND"
64,/battle/bst001_mdl.bin,4139520,4161568,22048,container,"in-house EZBIND"
65,/battle/bst001_tex.bin,4162048,4166760,4712,container,"in-house EZBIND"
66,/battle/bst002_mdl.bin,4167168,4191104,23936,container,"in-house EZBIND"
67,/battle/bst002_tex.bin,4191232,4195832,4600,container,"in-house EZBIND"
68,/battle/bst003_mdl.bin,4195840,4222168,26328,container,"in-house EZBIND"
69,/battle/bst003_tex.bin,4222464,4227112,4648,container,"in-house EZBIND"
70,/battle/bst004_mdl.bin,4227584,4248816,21232,container,"in-house EZBIND"
71,/battle/bst004_tex.bin,4249088,4253528,4440,container,"in-house EZBIND"
72,/battle/bst005_mdl.bin,4253696,4274928,21232,container,"in-house EZBIND"
73,/battle/bst005_mot.bin,4275200,4361872,86672,container,"in-house EZBIND"
74,/battle/bst005_tex.bin,4362240,4366744,4504,container,"in-house EZBIND"
75,/battle/bst00g_mdl.bin,4366848,4388020,21172,container,"in-house EZBIND"
76,/battle/bst00g_tex.bin,4388352,4392936,4584,container,"in-house EZBIND"
77,/battle/bst010_mdl.bin,4392960,4412264,19304,container,"in-house EZBIND"
78,/battle/bst010_mot.bin,4412416,4528084,115668,container,"in-house EZBIND"
79,/battle/bst010_tex.bin,4528128,4532856,4728,container,"in-house EZBIND"
80,/battle/bst011_mdl.bin,4533248,4552552,19304,container,"in-house EZBIND"
81,/battle/bst011_tex.bin,4552704,4557352,4648,container,"in-house EZBIND"
82,/battle/bst012_mdl.bin,4557824,4577128,19304,container,"in-house EZBIND"
83,/battle/bst012_tex.bin,4577280,4582024,4744,container,"in-house EZBIND"
84,/battle/bst013_mdl.bin,4582400,4601704,19304,container,"in-house EZBIND"
85,/battle/bst013_tex.bin,4601856,4606568,4712,container,"in-house EZBIND"
86,/battle/bst014_mdl.bin,4606976,4626280,19304,container,"in-house EZBIND"
87,/battle/bst014_tex.bin,4626432,4631096,4664,container,"in-house EZBIND"
88,/battle/bst01g_mdl.bin,4631552,4648092,16540,container,"in-house EZBIND"
89,/battle/bst01g_tex.bin,4648448,4653016,4568,container,"in-house EZBIND"
90,/battle/bst020_mdl.bin,4653056,4674548,21492,container,"in-house EZBIND"
91,/battle/bst020_mot.bin,4674560,4773276,98716,container,"in-house EZBIND"
92,/battle/bst020_tex.bin,4773376,4782024,8648,container,"in-house EZBIND"
93,/battle/bst021_mdl.bin,4782080,4803572,21492,container,"in-house EZBIND"
94,/battle/bst021_tex.bin,4803584,4812264,8680,container,"in-house EZBIND"
95,/battle/bst022_mdl.bin,4812288,4833780,21492,container,"in-house EZBIND"
96,/battle/bst022_tex.bin,4833792,4842472,8680,container,"in-house EZBIND"
97,/battle/bst023_mdl.bin,4842496,4863988,21492,container,"in-house EZBIND"
98,/battle/bst023_tex.bin,4864000,4872648,8648,container,"in-house EZBIND"
99,/battle/bst025_mdl.bin,4872704,4894196,21492,container,"in-house EZBIND"
100,/battle/bst025_tex.bin,4894208,4902952,8744,container,"in-house EZBIND"
101,/battle/bst02g_mdl.bin,4903424,4922128,18704,container,"in-house EZBIND"
102,/battle/bst02g_tex.bin,4922368,4931000,8632,container,"in-house EZBIND"
103,/battle/bst042_mdl.bin,4931072,4966100,35028,container,"in-house EZBIND"
104,/battle/bst042_mot.bin,4966400,5169212,202812,container,"in-house EZBIND"
105,/battle/bst042_tex.bin,5169664,5179516,9852,container,"in-house EZBIND"
106,/battle/bst04g_mdl.bin,5179904,5209020,29116,container,"in-house EZBIND"
107,/battle/bst04g_tex.bin,5209088,5217784,8696,container,"in-house EZBIND"
108,/battle/bst050_mdl.bin,5217792,5245316,27524,container,"in-house EZBIND"
109,/battle/bst050_mot.bin,5245440,5365844,120404,container,"in-house EZBIND"
110,/battle/bst050_tex.bin,5366272,5383176,16904,container,"in-house EZBIND"
111,/battle/bst051_mdl.bin,5383680,5411408,27728,container,"in-house EZBIND"
112,/battle/bst051_tex.bin,5411840,5420504,8664,container,"in-house EZBIND"
113,/battle/bst052_mdl.bin,5420544,5447048,26504,container,"in-house EZBIND"
114,/battle/bst052_tex.bin,5447168,5456956,9788,container,"in-house EZBIND"
115,/battle/bst053_mdl.bin,5457408,5485212,27804,container,"in-house EZBIND"
116,/battle/bst053_tex.bin,5485568,5494280,8712,container,"in-house EZBIND"
117,/battle/bst05g_mdl.bin,5494784,5516072,21288,container,"in-house EZBIND"
118,/battle/bst05g_tex.bin,5516288,5524936,8648,container,"in-house EZBIND"
119,/battle/bst060_mdl.bin,5524992,5549296,24304,container,"in-house EZBIND"
120,/battle/bst060_mot.bin,5549568,5678328,128760,container,"in-house EZBIND"
121,/battle/bst060_tex.bin,5678592,5687320,8728,container,"in-house EZBIND"
122,/battle/bst061_mdl.bin,5687808,5711044,23236,container,"in-house EZBIND"
123,/battle/bst061_tex.bin,5711360,5720104,8744,container,"in-house EZBIND"
124,/battle/bst062_mdl.bin,5720576,5744816,24240,container,"in-house EZBIND"
125,/battle/bst062_tex.bin,5745152,5753832,8680,container,"in-house EZBIND"
126,/battle/bst063_mdl.bin,5753856,5775536,21680,container,"in-house EZBIND"
127,/battle/bst063_tex.bin,5775872,5784632,8760,container,"in-house EZBIND"
128,/battle/bst064_mdl.bin,5785088,5809048,23960,container,"in-house EZBIND"
129,/battle/bst064_tex.bin,5809152,5817640,8488,container,"in-house EZBIND"
130,/battle/bst065_mdl.bin,5817856,5841816,23960,container,"in-house EZBIND"
131,/battle/bst065_tex.bin,5841920,5850456,8536,container,"in-house EZBIND"
132,/battle/bst066_mdl.bin,5850624,5874584,23960,container,"in-house EZBIND"
133,/battle/bst066_tex.bin,5874688,5883256,8568,container,"in-house EZBIND"
134,/battle/bst06g_mdl.bin,5883392,5902488,19096,container,"in-house EZBIND"
135,/battle/bst06g_tex.bin,5902848,5907400,4552,container,"in-house EZBIND"
136,/battle/bt_common.bin,5907456,5928532,21076,container,"in-house EZBIND"
137,/battle/bt_result.bin,5928960,5940216,11256,container,"in-house EZBIND"
138,/battle/btleff.bin,5940224,5992256,52032,container,"in-house EZBIND"
139,/battle/btmap_001_mdl.bin,5992448,6063900,71452,container,"in-house EZBIND"
140,/battle/btmap_001_tex.bin,6064128,6106296,42168,container,"in-house EZBIND"
141,/battle/btmap_002_mdl.bin,6106624,6161720,55096,container,"in-house EZBIND"
142,/battle/btmap_002_tex.bin,6161920,6189936,28016,container,"in-house EZBIND"
143,/battle/btmap_003_mdl.bin,6190080,6233784,43704,container,"in-house EZBIND"
144,/battle/btmap_003_tex.bin,6234112,6267092,32980,container,"in-house EZBIND"
145,/battle/btmap_004_mdl.bin,6267392,6320944,53552,container,"in-house EZBIND"
146,/battle/btmap_004_tex.bin,6321152,6363528,42376,container,"in-house EZBIND"
147,/battle/btmap_005_mdl.bin,6363648,6407096,43448,container,"in-house EZBIND"
148,/battle/btmap_005_tex.bin,6407168,6439580,32412,container,"in-house EZBIND"
149,/battle/btmap_006_mdl.bin,6439936,6485544,45608,container,"in-house EZBIND"
150,/battle/btmap_006_tex.bin,6486016,6505896,19880,container,"in-house EZBIND"
151,/battle/btmap_007_mdl.bin,6505984,6571512,65528,container,"in-house EZBIND"
152,/battle/btmap_007_tex.bin,6571520,6616880,45360,container,"in-house EZBIND"
153,/battle/btmap_008_mdl.bin,6617088,6674488,57400,container,"in-house EZBIND"
154,/battle/btmap_008_tex.bin,6674944,6703104,28160,container,"in-house EZBIND"
155,/battle/btmap_009_mdl.bin,6703104,6765260,62156,container,"in-house EZBIND"
156,/battle/btmap_009_tex.bin,6765568,6787888,22320,container,"in-house EZBIND"
157,/battle/btmap_010_mdl.bin,6788096,6855684,67588,container,"in-house EZBIND"
158,/battle/btmap_010_tex.bin,6856192,6888424,32232,container,"in-house EZBIND"
159,/battle/btmap_011_mdl.bin,6888448,6918504,30056,container,"in-house EZBIND"
160,/battle/btmap_011_tex.bin,6918656,6935396,16740,container,"in-house EZBIND"
161,/battle/btmap_012_mdl.bin,6935552,7005468,69916,container,"in-house EZBIND"
162,/battle/btmap_012_tex.bin,7005696,7027668,21972,container,"in-house EZBIND"
163,/battle/btmap_013_mdl.bin,7027712,7089724,62012,container,"in-house EZBIND"
164,/battle/btmap_013_tex.bin,7090176,7138912,48736,container,"in-house EZBIND"
165,/battle/btmap_014_mdl.bin,7139328,7207956,68628,container,"in-house EZBIND"
166,/battle/btmap_014_tex.bin,7208448,7255696,47248,container,"in-house EZBIND"
167,/battle/btmap_015_mdl.bin,7256064,7320536,64472,container,"in-house EZBIND"
168,/battle/btmap_015_tex.bin,7320576,7373188,52612,container,"in-house EZBIND"
169,/battle/btmap_016_mdl.bin,7373312,7434336,61024,container,"in-house EZBIND"
170,/battle/btmap_016_tex.bin,7434752,7477720,42968,container,"in-house EZBIND"
171,/battle/btmap_017_mdl.bin,7477760,7547684,69924,container,"in-house EZBIND"
172,/battle/btmap_017_tex.bin,7547904,7569984,22080,container,"in-house EZBIND"
173,/battle/btmap_018_mdl.bin,7570432,7634972,64540,container,"in-house EZBIND"
174,/battle/btmap_018_tex.bin,7635456,7682096,46640,container,"in-house EZBIND"
175,/battle/btmap_019_mdl.bin,7682560,7744932,62372,container,"in-house EZBIND"
176,/battle/btmap_019_tex.bin,7745024,7760372,15348,container,"in-house EZBIND"
177,/battle/btmap_020_mdl.bin,7760384,7814004,53620,container,"in-house EZBIND"
178,/battle/btmap_020_tex.bin,7814144,7825564,11420,container,"in-house EZBIND"
179,/battle/btmap_021_mdl.bin,7825920,7872048,46128,container,"in-house EZBIND"
180,/battle/btmap_021_tex.bin,7872512,7884412,11900,container,"in-house EZBIND"
181,/battle/btmap_022_mdl.bin,7884800,7936576,51776,container,"in-house EZBIND"
182,/battle/btmap_022_tex.bin,7937024,7953268,16244,container,"in-house EZBIND"
183,/battle/btmap_023_mdl.bin,7953408,8004868,51460,container,"in-house EZBIND"
184,/battle/btmap_023_tex.bin,8005120,8014700,9580,container,"in-house EZBIND"
185,/battle/btmap_024_mdl.bin,8014848,8068780,53932,container,"in-house EZBIND"
186,/battle/btmap_024_tex.bin,8069120,8083664,14544,container,"in-house EZBIND"
187,/battle/btmap_025_mdl.bin,8083968,8145012,61044,container,"in-house EZBIND"
188,/battle/btmap_025_tex.bin,8145408,8160084,14676,container,"in-house EZBIND"
189,/battle/btmap_026_mdl.bin,8160256,8212776,52520,container,"in-house EZBIND"
190,/battle/btmap_026_tex.bin,8212992,8228964,15972,container,"in-house EZBIND"
191,/battle/btmap_027_mdl.bin,8229376,8265344,35968,container,"in-house EZBIND"
192,/battle/btmap_027_tex.bin,8265728,8282828,17100,container,"in-house EZBIND"
193,/battle/btmap_028_mdl.bin,8283136,8319104,35968,container,"in-house EZBIND"
194,/battle/btmap_028_tex.bin,8319488,8336588,17100,container,"in-house EZBIND"
195,/battle/btmap_029_mdl.bin,8336896,8372864,35968,container,"in-house EZBIND"
196,/battle/btmap_029_tex.bin,8373248,8390348,17100,container,"in-house EZBIND"
197,/battle/btmap_030_mdl.bin,8390656,8426624,35968,container,"in-house EZBIND"
198,/battle/btmap_030_tex.bin,8427008,8444108,17100,container,"in-house EZBIND"
199,/battle/btmap_031_mdl.bin,8444416,8480384,35968,container,"in-house EZBIND"
200,/battle/btmap_031_tex.bin,8480768,8497868,17100,container,"in-house EZBIND"
201,/battle/btmap_032_mdl.bin,8498176,8534144,35968,container,"in-house EZBIND"
202,/battle/btmap_032_tex.bin,8534528,8551628,17100,container,"in-house EZBIND"
203,/battle/btmap_033_mdl.bin,8551936,8587904,35968,container,"in-house EZBIND"
204,/battle/btmap_033_tex.bin,8588288,8605388,17100,container,"in-house EZBIND"
205,/battle/btmap_034_mdl.bin,8605696,8641664,35968,container,"in-house EZBIND"
206,/battle/btmap_034_tex.bin,8642048,8659148,17100,container,"in-house EZBIND"
207,/battle/btmap_035_mdl.bin,8659456,8695424,35968,container,"in-house EZBIND"
208,/battle/btmap_035_tex.bin,8695808,8712908,17100,container,"in-house EZBIND"
209,/battle/btmap_036_mdl.bin,8713216,8749184,35968,container,"in-house EZBIND"
210,/battle/btmap_036_tex.bin,8749568,8766668,17100,container,"in-house EZBIND"
211,/battle/btmap_037_mdl.bin,8766976,8828996,62020,container,"in-house EZBIND"
212,/battle/btmap_037_tex.bin,8829440,8880848,51408,container,"in-house EZBIND"
213,/battle/btmap_038_mdl.bin,8881152,8947876,66724,container,"in-house EZBIND"
214,/battle/btmap_038_tex.bin,8948224,8996260,48036,container,"in-house EZBIND"
215,/battle/btmap_039_mdl.bin,8996352,9062032,65680,container,"in-house EZBIND"
216,/battle/btmap_039_tex.bin,9062400,9104180,41780,container,"in-house EZBIND"
217,/battle/btmap_040_mdl.bin,9104384,9159536,55152,container,"in-house EZBIND"
218,/battle/btmap_040_tex.bin,9159680,9214092,54412,container,"in-house EZBIND"
219,/battle/btmap_041_mdl.bin,9214464,9275400,60936,container,"in-house EZBIND"
220,/battle/btmap_041_tex.bin,9275904,9320408,44504,container,"in-house EZBIND"
221,/battle/btmap_042_mdl.bin,9320448,9393992,73544,container,"in-house EZBIND"
222,/battle/btmap_042_tex.bin,9394176,9449384,55208,container,"in-house EZBIND"
223,/battle/btmap_043_mdl.bin,9449472,9497564,48092,container,"in-house EZBIND"
224,/battle/btmap_043_tex.bin,9497600,9530004,32404,container,"in-house EZBIND"
225,/battle/cer000_mdl.bin,9530368,9550668,20300,container,"in-house EZBIND"
226,/battle/cer000_mot.bin,9550848,9626604,75756,container,"in-house EZBIND"
227,/battle/cer000_tex.bin,9626624,9635304,8680,container,"in-house EZBIND"
228,/battle/effmodel.bin,9635328,9658684,23356,container,"in-house EZBIND"
229,/battle/enm010_mdl.bin,9658880,9681820,22940,container,"in-house EZBIND"
230,/battle/enm010_mot.bin,9681920,9789248,107328,container,"in-house EZBIND"
231,/battle/enm010_tex.bin,9789440,9798136,8696,container,"in-house EZBIND"
232,/battle/enm011_mdl.bin,9798144,9821084,22940,container,"in-house EZBIND"
233,/battle/enm011_tex.bin,9821184,9829864,8680,container,"in-house EZBIND"
234,/battle/enm012_mdl.bin,9829888,9852828,22940,container,"in-house EZBIND"
235,/battle/enm012_tex.bin,9852928,9861608,8680,container,"in-house EZBIND"
236,/battle/enm013_mdl.bin,9861632,9886200,24568,container,"in-house EZBIND"
237,/battle/enm013_tex.bin,9886208,9894888,8680,container,"in-house EZBIND"
238,/battle/enm01g_mdl.bin,9894912,9915944,21032,container,"in-house EZBIND"
239,/battle/enm01g_tex.bin,9916416,9925128,8712,container,"in-house EZBIND"
240,/battle/enm040_mdl.bin,9925632,9943932,18300,container,"in-house EZBIND"
241,/battle/enm040_mot.bin,9944064,10006092,62028,container,"in-house EZBIND"
242,/battle/enm040_tex.bin,10006528,10015320,8792,container,"in-house EZBIND"
243,/battle/enm041_mdl.bin,10015744,10034044,18300,container,"in-house EZBIND"
244,/battle/enm041_tex.bin,10034176,10043000,8824,container,"in-house EZBIND"
245,/battle/enm042_mdl.bin,10043392,10061692,18300,container,"in-house EZBIND"
246,/battle/enm042_tex.bin,10061824,10070680,8856,container,"in-house EZBIND"
247,/battle/enm043_mdl.bin,10071040,10089340,18300,container,"in-house EZBIND"
248,/battle/enm043_tex.bin,10089472,10098200,8728,container,"in-house EZBIND"
249,/battle/enm04g_mdl.bin,10098688,10117076,18388,container,"in-house EZBIND"
250,/battle/enm04g_tex.bin,10117120,10121768,4648,container,"in-house EZBIND"
251,/battle/enm050_mdl.bin,10122240,10133584,11344,container,"in-house EZBIND"
252,/battle/enm050_mot.bin,10134016,10191608,57592,container,"in-house EZBIND"
253,/battle/enm050_tex.bin,10191872,10196552,4680,container,"in-house EZBIND"
254,/battle/enm051_mdl.bin,10196992,10208336,11344,container,"in-house EZBIND"
255,/battle/enm051_tex.bin,10208768,10213432,4664,container,"in-house EZBIND"
256,/battle/enm052_mdl.bin,10213888,10225228,11340,container,"in-house EZBIND"
257,/battle/enm052_tex.bin,10225664,10230296,4632,container,"in-house EZBIND"
258,/battle/enm053_mdl.bin,10230784,10242124,11340,container,"in-house EZBIND"
259,/battle/enm053_tex.bin,10242560,10247176,4616,container,"in-house EZBIND"
260,/battle/enm054_mdl.bin,10247680,10260224,12544,container,"in-house EZBIND"
261,/battle/enm054_tex.bin,10260480,10265096,4616,container,"in-house EZBIND"
262,/battle/enm055_mdl.bin,10265600,10278144,12544,container,"in-house EZBIND"
263,/battle/enm055_tex.bin,10278400,10283000,4600,container,"in-house EZBIND"
264,/battle/enm05g_mdl.bin,10283008,10296416,13408,container,"in-house EZBIND"
265,/battle/enm05g_tex.bin,10296832,10301416,4584,container,"in-house EZBIND"
266,/battle/enm070_mdl.bin,10301440,10339476,38036,container,"in-house EZBIND"
267,/battle/enm070_mot.bin,10339840,10462696,122856,container,"in-house EZBIND"
268,/battle/enm070_tex.bin,10462720,10480396,17676,container,"in-house EZBIND"
269,/battle/enm071_mdl.bin,10480640,10520732,40092,container,"in-house EZBIND"
270,/battle/enm071_tex.bin,10521088,10538700,17612,container,"in-house EZBIND"
271,/battle/enm080_mdl.bin,10539008,10556500,17492,container,"in-house EZBIND"
272,/battle/enm080_mot.bin,10556928,10619492,62564,container,"in-house EZBIND"
273,/battle/enm080_tex.bin,10619904,10628536,8632,container,"in-house EZBIND"
274,/battle/enm082_mdl.bin,10628608,10646100,17492,container,"in-house EZBIND"
275,/battle/enm082_tex.bin,10646528,10655224,8696,container,"in-house EZBIND"
276,/battle/enm085_mdl.bin,10655232,10675760,20528,container,"in-house EZBIND"
277,/battle/enm085_tex.bin,10676224,10684856,8632,container,"in-house EZBIND"
278,/battle/enm08g_mdl.bin,10684928,10702528,17600,container,"in-house EZBIND"
279,/battle/enm08g_tex.bin,10702848,10711528,8680,container,"in-house EZBIND"
280,/battle/enm090_mdl.bin,10711552,10727160,15608,container,"in-house EZBIND"
281,/battle/enm090_mot.bin,10727424,10749964,22540,container,"in-house EZBIND"
282,/battle/enm090_tex.bin,10750464,10763388,12924,container,"in-house EZBIND"
283,/battle/enm092_mdl.bin,10763776,10779384,15608,container,"in-house EZBIND"
284,/battle/enm092_tex.bin,10779648,10792780,13132,container,"in-house EZBIND"
285,/battle/enm095_mdl.bin,10792960,10813556,20596,container,"in-house EZBIND"
286,/battle/enm095_tex.bin,10813952,10826924,12972,container,"in-house EZBIND"
287,/battle/enm09g_mdl.bin,10827264,10843188,15924,container,"in-house EZBIND"
288,/battle/enm09g_tex.bin,10843648,10854588,10940,container,"in-house EZBIND"
289,/battle/fly000_mdl.bin,10854912,10874092,19180,container,"in-house EZBIND"
290,/battle/fly000_mot.bin,10874368,10944008,69640,container,"in-house EZBIND"
291,/battle/fly000_tex.bin,10944512,10949048,4536,container,"in-house EZBIND"
292,/battle/fly001_mdl.bin,10949120,10968176,19056,container,"in-house EZBIND"
293,/battle/fly001_tex.bin,10968576,10973176,4600,container,"in-house EZBIND"
294,/battle/fly006_mdl.bin,10973184,10992240,19056,container,"in-house EZBIND"
295,/battle/fly006_tex.bin,10992640,10997288,4648,container,"in-house EZBIND"
296,/battle/fly009_mdl.bin,10997760,11016596,18836,container,"in-house EZBIND"
297,/battle/fly009_tex.bin,11016704,11021208,4504,container,"in-house EZBIND"
298,/battle/fly00a_mdl.bin,11021312,11040368,19056,container,"in-house EZBIND"
299,/battle/fly00a_tex.bin,11040768,11045272,4504,container,"in-house EZBIND"
300,/battle/fly00g_mdl.bin,11045376,11060500,15124,container,"in-house EZBIND"
301,/battle/fly00g_tex.bin,11060736,11065288,4552,container,"in-house EZBIND"
302,/battle/fly010_mdl.bin,11065344,11094464,29120,container,"in-house EZBIND"
303,/battle/fly010_mot.bin,11094528,11258912,164384,container,"in-house EZBIND"
304,/battle/fly010_tex.bin,11259392,11268120,8728,container,"in-house EZBIND"
305,/battle/fly011_mdl.bin,11268608,11298000,29392,container,"in-house EZBIND"
306,/battle/fly011_tex.bin,11298304,11307016,8712,container,"in-house EZBIND"
307,/battle/fly012_mdl.bin,11307520,11338412,30892,container,"in-house EZBIND"
308,/battle/fly012_tex.bin,11338752,11347416,8664,container,"in-house EZBIND"
309,/battle/fly01g_mdl.bin,11347456,11369996,22540,container,"in-house EZBIND"
310,/battle/fly01g_tex.bin,11370496,11379240,8744,container,"in-house EZBIND"
311,/battle/fly020_mdl.bin,11379712,11406268,26556,container,"in-house EZBIND"
312,/battle/fly020_mot.bin,11406336,11527040,120704,container,"in-house EZBIND"
313,/battle/fly020_tex.bin,11527168,11535896,8728,container,"in-house EZBIND"
314,/battle/fly021_mdl.bin,11536384,11562940,26556,container,"in-house EZBIND"
315,/battle/fly021_tex.bin,11563008,11571640,8632,container,"in-house EZBIND"
316,/battle/fly022_mdl.bin,11571712,11598264,26552,container,"in-house EZBIND"
317,/battle/fly022_tex.bin,11598336,11607064,8728,container,"in-house EZBIND"
318,/battle/fly024_mdl.bin,11607552,11634504,26952,container,"in-house EZBIND"
319,/battle/fly024_tex.bin,11634688,11643416,8728,container,"in-house EZBIND"
320,/battle/fly02g_mdl.bin,11643904,11663396,19492,container,"in-house EZBIND"
321,/battle/fly02g_tex.bin,11663872,11672520,8648,container,"in-house EZBIND"
322,/battle/fly030_mdl.bin,11672576,11690088,17512,container,"in-house EZBIND"
323,/battle/fly030_mot.bin,11690496,11735732,45236,container,"in-house EZBIND"
324,/battle/fly030_tex.bin,11736064,11738568,2504,container,"in-house EZBIND"
325,/battle/fly031_mdl.bin,11738624,11756136,17512,container,"in-house EZBIND"
326,/battle/fly031_tex.bin,11756544,11759016,2472,container,"in-house EZBIND"
327,/battle/fly033_mdl.bin,11759104,11776616,17512,container,"in-house EZBIND"
328,/battle/fly033_tex.bin,11777024,11779528,2504,container,"in-house EZBIND"
329,/battle/fly036_mdl.bin,11779584,11797096,17512,container,"in-house EZBIND"
330,/battle/fly036_tex.bin,11797504,11800072,2568,container,"in-house EZBIND"
331,/battle/fly03g_mdl.bin,11800576,11815284,14708,container,"in-house EZBIND"
332,/battle/fly03g_tex.bin,11815424,11819992,4568,container,"in-house EZBIND"
333,/battle/fly044_mdl.bin,11820032,11842384,22352,container,"in-house EZBIND"
334,/battle/fly044_mot.bin,11842560,11989052,146492,container,"in-house EZBIND"
335,/battle/fly044_tex.bin,11989504,11998008,8504,container,"in-house EZBIND"
336,/battle/fly045_mdl.bin,11998208,12018248,20040,container,"in-house EZBIND"
337,/battle/fly045_tex.bin,12018688,12027208,8520,container,"in-house EZBIND"
338,/battle/fly046_mdl.bin,12027392,12049744,22352,container,"in-house EZBIND"
339,/battle/fly046_tex.bin,12049920,12058440,8520,container,"in-house EZBIND"
340,/battle/gar000_mdl.bin,12058624,12082560,23936,container,"in-house EZBIND"
341,/battle/gar000_mot.bin,12082688,12246792,164104,container,"in-house EZBIND"
342,/battle/gar000_tex.bin,12247040,12266316,19276,container,"in-house EZBIND"
343,/battle/her000_mdl.bin,12266496,12296884,30388,container,"in-house EZBIND"
344,/battle/her000_mot.bin,12297216,12488980,191764,container,"in-house EZBIND"
345,/battle/her000_tex.bin,12489216,12507500,18284,container,"in-house EZBIND"
346,/battle/her000_win_mot.bin,12507648,12528488,20840,container,"in-house EZBIND"
347,/battle/hermana_sp.bin,12528640,12600580,71940,container,"in-house EZBIND"
348,/battle/hst000_mdl.bin,12600832,12631764,30932,container,"in-house EZBIND"
349,/battle/hst000_mot.bin,12632064,12775020,142956,container,"in-house EZBIND"
350,/battle/hst000_tex.bin,12775424,12797252,21828,container,"in-house EZBIND"
351,/battle/hum001_mdl.bin,12797440,12821240,23800,container,"in-house EZBIND"
352,/battle/hum001_mot.bin,12821504,12952100,130596,container,"in-house EZBIND"
353,/battle/hum001_tex.bin,12952576,12958912,6336,container,"in-house EZBIND"
354,/battle/hum002_mdl.bin,12959232,12974888,15656,container,"in-house EZBIND"
355,/battle/hum002_tex.bin,12975104,12980860,5756,container,"in-house EZBIND"
356,/battle/hum00g_mdl.bin,12981248,13000740,19492,container,"in-house EZBIND"
357,/battle/hum00g_tex.bin,13001216,13007100,5884,container,"in-house EZBIND"
358,/battle/hum011_mdl.bin,13007360,13031828,24468,container,"in-house EZBIND"
359,/battle/hum011_mot.bin,13031936,13156192,124256,container,"in-house EZBIND"
360,/battle/hum011_tex.bin,13156352,13162624,6272,container,"in-house EZBIND"
361,/battle/hum012_mdl.bin,13163008,13179768,16760,container,"in-house EZBIND"
362,/battle/hum012_tex.bin,13179904,13185852,5948,container,"in-house EZBIND"
363,/battle/hum01g_mdl.bin,13186048,13209680,23632,container,"in-house EZBIND"
364,/battle/hum01g_tex.bin,13210112,13216108,5996,container,"in-house EZBIND"
365,/battle/hum021_mdl.bin,13216256,13245908,29652,container,"in-house EZBIND"
366,/battle/hum021_mot.bin,13245952,13400724,154772,container,"in-house EZBIND"
367,/battle/hum021_tex.bin,13401088,13407024,5936,container,"in-house EZBIND"
368,/battle/hum022_mdl.bin,13407232,13425284,18052,container,"in-house EZBIND"
369,/battle/hum022_tex.bin,13425664,13431548,5884,container,"in-house EZBIND"
370,/battle/hum02g_mdl.bin,13431808,13459044,27236,container,"in-house EZBIND"
371,/battle/hum02g_tex.bin,13459456,13465468,6012,container,"in-house EZBIND"
372,/battle/hum034_mdl.bin,13465600,13503364,37764,container,"in-house EZBIND"
373,/battle/hum034_mot.bin,13503488,13662992,159504,container,"in-house EZBIND"
374,/battle/hum034_tex.bin,13663232,13672024,8792,container,"in-house EZBIND"
375,/battle/hum040_mdl.bin,13672448,13713312,40864,container,"in-house EZBIND"
376,/battle/hum040_mot.bin,13713408,13995072,281664,container,"in-house EZBIND"
377,/battle/hum040_tex.bin,13995520,14012312,16792,container,"in-house EZBIND"
378,/battle/hum042_mdl.bin,14012416,14054040,41624,container,"in-house EZBIND"
379,/battle/hum042_tex.bin,14054400,14067564,13164,container,"in-house EZBIND"
380,/battle/hum04g_mdl.bin,14067712,14098884,31172,container,"in-house EZBIND"
381,/battle/hum04g_tex.bin,14098944,14116008,17064,container,"in-house EZBIND"
382,/battle/hyu000_mdl.bin,14116352,14146368,30016,container,"in-house EZBIND"
383,/battle/hyu000_mot.bin,14146560,14209288,62728,container,"in-house EZBIND"
384,/battle/hyu000_tex.bin,14209536,14228956,19420,container,"in-house EZBIND"
385,/battle/iri000_mdl.bin,14228992,14256076,27084,container,"in-house EZBIND"
386,/battle/iri000_mot.bin,14256128,14468152,212024,container,"in-house EZBIND"
387,/battle/iri000_tex.bin,14468608,14489996,21388,container,"in-house EZBIND"
388,/battle/iri000_win_mot.bin,14490112,14508204,18092,container,"in-house EZBIND"
389,/battle/iria_sp.bin,14508544,14572724,64180,container,"in-house EZBIND"
390,/battle/list,14573056,14587165,14109,other,"unclassified"
391,/battle/lumbering_mdl.bin,14587392,14589488,2096,container,"in-house EZBIND"
392,/battle/lumbering_tex.bin,14589952,14591432,1480,container,"in-house EZBIND"
393,/battle/mat002_mdl.bin,14591488,14632664,41176,container,"in-house EZBIND"
394,/battle/mat002_mot.bin,14632960,14874084,241124,container,"in-house EZBIND"
395,/battle/mat002_tex.bin,14874112,14910192,36080,container,"in-house EZBIND"
396,/battle/mat00g_mdl.bin,14910464,14973096,62632,container,"in-house EZBIND"
397,/battle/mat00g_tex.bin,14973440,15009296,35856,container,"in-house EZBIND"
398,/battle/mining_mdl.bin,15009792,15016648,6856,container,"in-house EZBIND"
399,/battle/mining_tex.bin,15016960,15018276,1316,container,"in-house EZBIND"
400,/battle/pla000_mdl.bin,15018496,15040112,21616,container,"in-house EZBIND"
401,/battle/pla000_mot.bin,15040512,15205236,164724,container,"in-house EZBIND"
402,/battle/pla000_tex.bin,15205376,15210640,5264,container,"in-house EZBIND"
403,/battle/pla001_mdl.bin,15211008,15233140,22132,container,"in-house EZBIND"
404,/battle/pla001_tex.bin,15233536,15238688,5152,container,"in-house EZBIND"
405,/battle/pla002_mdl.bin,15239168,15261456,22288,container,"in-house EZBIND"
406,/battle/pla002_tex.bin,15261696,15266864,5168,container,"in-house EZBIND"
407,/battle/pla003_mdl.bin,15267328,15288876,21548,container,"in-house EZBIND"
408,/battle/pla003_tex.bin,15289344,15294608,5264,container,"in-house EZBIND"
409,/battle/pla00g_mdl.bin,15294976,15317916,22940,container,"in-house EZBIND"
410,/battle/pla00g_tex.bin,15318016,15322728,4712,container,"in-house EZBIND"
411,/battle/pla010_mdl.bin,15323136,15345004,21868,container,"in-house EZBIND"
412,/battle/pla010_mot.bin,15345152,15438996,93844,container,"in-house EZBIND"
413,/battle/pla010_tex.bin,15439360,15453128,13768,container,"in-house EZBIND"
414,/battle/pla011_mdl.bin,15453184,15479808,26624,container,"in-house EZBIND"
415,/battle/pla011_tex.bin,15479808,15498220,18412,container,"in-house EZBIND"
416,/battle/pla020_mdl.bin,15498240,15529424,31184,container,"in-house EZBIND"
417,/battle/pla020_mot.bin,15529472,15672028,142556,container,"in-house EZBIND"
418,/battle/pla020_tex.bin,15672320,15685340,13020,container,"in-house EZBIND"
419,/battle/pla021_mdl.bin,15685632,15717872,32240,container,"in-house EZBIND"
420,/battle/pla021_tex.bin,15717888,15730716,12828,container,"in-house EZBIND"
421,/battle/pla022_mdl.bin,15731200,15765688,34488,container,"in-house EZBIND"
422,/battle/pla022_tex.bin,15766016,15779100,13084,container,"in-house EZBIND"
423,/battle/pla023_mdl.bin,15779328,15810496,31168,container,"in-house EZBIND"
424,/battle/pla023_tex.bin,15810560,15823532,12972,container,"in-house EZBIND"
425,/battle/pla02g_mdl.bin,15823872,15852844,28972,container,"in-house EZBIND"
426,/battle/pla02g_tex.bin,15853056,15866060,13004,container,"in-house EZBIND"
427,/battle/pla030_mdl.bin,15866368,15877512,11144,container,"in-house EZBIND"
428,/battle/pla030_mot.bin,15877632,15968164,90532,container,"in-house EZBIND"
429,/battle/pla030_tex.bin,15968256,15970904,2648,container,"in-house EZBIND"
430,/battle/pla032_mdl.bin,15971328,15982472,11144,container,"in-house EZBIND"
431,/battle/pla032_tex.bin,15982592,15985256,2664,container,"in-house EZBIND"
432,/battle/pla034_mdl.bin,15985664,15997776,12112,container,"in-house EZBIND"
433,/battle/pla034_tex.bin,15997952,16000488,2536,container,"in-house EZBIND"
434,/battle/pla03g_mdl.bin,16000512,16011160,10648,container,"in-house EZBIND"
435,/battle/pla03g_tex.bin,16011264,16015816,4552,container,"in-house EZBIND"
436,/battle/ric000_mdl.bin,16015872,16042316,26444,container,"in-house EZBIND"
437,/battle/ric000_mot.bin,16042496,16236184,193688,container,"in-house EZBIND"
438,/battle/ric000_tex.bin,16236544,16255532,18988,container,"in-house EZBIND"
439,/battle/ric000_win_mot.bin,16256000,16283032,27032,container,"in-house EZBIND"
440,/battle/ricardo_sp.bin,16283136,16364152,81016,container,"in-house EZBIND"
441,/battle/ruc000_mdl.bin,16364544,16389356,24812,container,"in-house EZBIND"
442,/battle/ruc000_mot.bin,16389632,16559680,170048,container,"in-house EZBIND"
443,/battle/ruc000_tex.bin,16560128,16578460,18332,container,"in-house EZBIND"
444,/battle/ruc000_win_mot.bin,16578560,16594264,15704,container,"in-house EZBIND"
445,/battle/ruc001_mdl.bin,16594432,16618800,24368,container,"in-house EZBIND"
446,/battle/ruc001_tex.bin,16619008,16637068,18060,container,"in-house EZBIND"
447,/battle/ruca_sp.bin,16637440,16724364,86924,container,"in-house EZBIND"
448,/battle/sia000_mdl.bin,16724480,16751012,26532,container,"in-house EZBIND"
449,/battle/sia000_mot.bin,16751104,16856616,105512,container,"in-house EZBIND"
450,/battle/sia000_sp.bin,16857088,16884504,27416,container,"in-house EZBIND"
451,/battle/sia000_tex.bin,16884736,16901624,16888,container,"in-house EZBIND"
452,/battle/spa000_mdl.bin,16901632,16930028,28396,container,"in-house EZBIND"
453,/battle/spa000_mot.bin,16930304,17118272,187968,container,"in-house EZBIND"
454,/battle/spa000_tex.bin,17118720,17137132,18412,container,"in-house EZBIND"
455,/battle/spa000_win_mot.bin,17137152,17162912,25760,container,"in-house EZBIND"
456,/battle/spada_sp.bin,17163264,17181916,18652,container,"in-house EZBIND"
457,/battle/spi020_mdl.bin,17182208,17199832,17624,container,"in-house EZBIND"
458,/battle/spi020_mot.bin,17200128,17297264,97136,container,"in-house EZBIND"
459,/battle/spi020_tex.bin,17297408,17308300,10892,container,"in-house EZBIND"
460,/battle/spi021_mdl.bin,17308672,17330860,22188,container,"in-house EZBIND"
461,/battle/spi021_tex.bin,17331200,17339168,7968,container,"in-house EZBIND"
462,/battle/spi022_mdl.bin,17339392,17361548,22156,container,"in-house EZBIND"
463,/battle/spi022_tex.bin,17361920,17369920,8000,container,"in-house EZBIND"
464,/battle/spi02g_mdl.bin,17370112,17387836,17724,container,"in-house EZBIND"
465,/battle/spi02g_tex.bin,17388032,17401228,13196,container,"in-house EZBIND"
466,/battle/tit000_mdl.bin,17401344,17425272,23928,container,"in-house EZBIND"
467,/battle/tit000_mot.bin,17425408,17554420,129012,container,"in-house EZBIND"
468,/battle/tit000_sp.bin,17554432,17619428,64996,container,"in-house EZBIND"
469,/battle/tit000_tex.bin,17619456,17636376,16920,container,"in-house EZBIND"
470,/battle/toi000_mdl.bin,17636864,17660852,23988,container,"in-house EZBIND"
471,/battle/toi000_mot.bin,17660928,17768704,107776,container,"in-house EZBIND"
472,/battle/toi000_tex.bin,17768960,17774140,5180,container,"in-house EZBIND"
473,/battle/toi010_mdl.bin,17774592,17795968,21376,container,"in-house EZBIND"
474,/battle/toi010_mot.bin,17796096,17893280,97184,container,"in-house EZBIND"
475,/battle/toi010_tex.bin,17893376,17899084,5708,container,"in-house EZBIND"
476,/battle/toi020_mdl.bin,17899520,17931348,31828,container,"in-house EZBIND"
477,/battle/toi020_mot.bin,17931776,17982992,51216,container,"in-house EZBIND"
478,/battle/toi020_tex.bin,17983488,17996556,13068,container,"in-house EZBIND"
479,/battle/toi030_mdl.bin,17996800,18036564,39764,container,"in-house EZBIND"
480,/battle/toi030_mot.bin,18036736,18098188,61452,container,"in-house EZBIND"
481,/battle/toi030_tex.bin,18098688,18116064,17376,container,"in-house EZBIND"
482,/battle/toi031_mdl.bin,18116096,18155860,39764,container,"in-house EZBIND"
483,/battle/toi031_tex.bin,18156032,18173664,17632,container,"in-house EZBIND"
484,/battle/toi040_mdl.bin,18173952,18194816,20864,container,"in-house EZBIND"
485,/battle/toi040_mot.bin,18194944,18194960,16,container,"in-house EZBIND"
486,/battle/toi040_tex.bin,18195456,18200072,4616,container,"in-house EZBIND"
487,/battle/toi041_mdl.bin,18200576,18223784,23208,container,"in-house EZBIND"
488,/battle/toi041_mot.bin,18224128,18346340,122212,container,"in-house EZBIND"
489,/battle/toi041_tex.bin,18346496,18351144,4648,container,"in-house EZBIND"
490,/battle/toi050_mdl.bin,18351616,18372692,21076,container,"in-house EZBIND"
491,/battle/toi050_mot.bin,18373120,18455800,82680,container,"in-house EZBIND"
492,/battle/toi050_tex.bin,18456064,18473144,17080,container,"in-house EZBIND"
493,/battle/toi060_mdl.bin,18473472,18496952,23480,container,"in-house EZBIND"
494,/battle/toi060_mot.bin,18497024,18497040,16,container,"in-house EZBIND"
495,/battle/toi060_tex.bin,18497536,18503564,6028,container,"in-house EZBIND"
496,/battle/toi061_mdl.bin,18503680,18529444,25764,container,"in-house EZBIND"
497,/battle/toi061_mot.bin,18529792,18631612,101820,container,"in-house EZBIND"
498,/battle/toi061_tex.bin,18631680,18637740,6060,container,"in-house EZBIND"
499,/battle/toi062_mdl.bin,18637824,18661236,23412,container,"in-house EZBIND"
500,/battle/toi062_tex.bin,18661376,18667388,6012,container,"in-house EZBIND"
501,/battle/toi063_mdl.bin,18667520,18688932,21412,container,"in-house EZBIND"
502,/battle/toi063_tex.bin,18689024,18695052,6028,container,"in-house EZBIND"
503,/battle/toi070_mdl.bin,18695168,18718268,23100,container,"in-house EZBIND"
504,/battle/toi070_tex.bin,18718720,18725484,6764,container,"in-house EZBIND"
505,/battle/toi071_mdl.bin,18725888,18751328,25440,container,"in-house EZBIND"
506,/battle/toi071_mot.bin,18751488,18858488,107000,container,"in-house EZBIND"
507,/battle/toi071_tex.bin,18858496,18865276,6780,container,"in-house EZBIND"
508,/battle/toi072_mdl.bin,18865664,18888900,23236,container,"in-house EZBIND"
509,/battle/toi072_tex.bin,18889216,18895948,6732,container,"in-house EZBIND"
510,/battle/toi080_mdl.bin,18896384,18918060,21676,container,"in-house EZBIND"
511,/battle/toi080_mot.bin,18918400,18992412,74012,container,"in-house EZBIND"
512,/battle/toi080_tex.bin,18992640,18998572,5932,container,"in-house EZBIND"
513,/battle/toi090_mdl.bin,18998784,19021024,22240,container,"in-house EZBIND"
514,/battle/toi090_mot.bin,19021312,19104408,83096,container,"in-house EZBIND"
515,/battle/toi090_tex.bin,19104768,19109384,4616,container,"in-house EZBIND"
516,/battle/toi091_mdl.bin,19109888,19132128,22240,container,"in-house EZBIND"
517,/battle/toi091_tex.bin,19132416,19137048,4632,container,"in-house EZBIND"
518,/battle/toi092_mdl.bin,19137536,19159776,22240,container,"in-house EZBIND"
519,/battle/toi092_tex.bin,19160064,19164664,4600,container,"in-house EZBIND"
520,/battle/toi100_mdl.bin,19164672,19189444,24772,container,"in-house EZBIND"
521,/battle/toi100_mot.bin,19189760,19313688,123928,container,"in-house EZBIND"
522,/battle/toi100_tex.bin,19314176,19323708,9532,container,"in-house EZBIND"
523,/battle/toi101_mdl.bin,19323904,19348604,24700,container,"in-house EZBIND"
524,/battle/toi101_tex.bin,19348992,19358476,9484,container,"in-house EZBIND"
525,/battle/toi102_mdl.bin,19358720,19383492,24772,container,"in-house EZBIND"
526,/battle/toi102_tex.bin,19383808,19393308,9500,container,"in-house EZBIND"
527,/chara/alb000.bin,19393536,19439068,45532,container,"in-house EZBIND"
528,/chara/ang000.bin,19439104,19479896,40792,container,"in-house EZBIND"
529,/chara/ark080.bin,19480064,19503400,23336,container,"in-house EZBIND"
530,/chara/ash040.bin,19503616,19525116,21500,container,"in-house EZBIND"
531,/chara/ash042.bin,19525120,19546604,21484,container,"in-house EZBIND"
532,/chara/ash043.bin,19546624,19568124,21500,container,"in-house EZBIND"
533,/chara/ash050.bin,19568128,19590892,22764,container,"in-house EZBIND"
534,/chara/ash052.bin,19591168,19613948,22780,container,"in-house EZBIND"
535,/chara/ash053.bin,19614208,19636988,22780,container,"in-house EZBIND"
536,/chara/ash160.bin,19637248,19660280,23032,container,"in-house EZBIND"
537,/chara/ash170.bin,19660288,19684876,24588,container,"in-house EZBIND"
538,/chara/ash171.bin,19685376,19709964,24588,container,"in-house EZBIND"
539,/chara/ash172.bin,19710464,19735052,24588,container,"in-house EZBIND"
540,/chara/ash173.bin,19735552,19760140,24588,container,"in-house EZBIND"
541,/chara/asu000.bin,19760640,19809820,49180,container,"in-house EZBIND"
542,/chara/cbs000.bin,19810304,19836380,26076,container,"in-house EZBIND"
543,/chara/cbs001.bin,19836416,19874588,38172,container,"in-house EZBIND"
544,/chara/cer000.bin,19874816,19903780,28964,container,"in-house EZBIND"
545,/chara/cod000.bin,19904000,19922860,18860,container,"in-house EZBIND"
546,/chara/dummy.bin,19922944,19971920,48976,container,"in-house EZBIND"
547,/chara/dur000.bin,19972096,19977020,4924,container,"in-house EZBIND"
548,/chara/gae000.bin,19977216,19984088,6872,container,"in-house EZBIND"
549,/chara/gal020.bin,19984384,20009528,25144,container,"in-house EZBIND"
550,/chara/gal021.bin,20009984,20034524,24540,container,"in-house EZBIND"
551,/chara/gal030.bin,20034560,20058200,23640,container,"in-house EZBIND"
552,/chara/gal031.bin,20058624,20082400,23776,container,"in-house EZBIND"
553,/chara/gal032.bin,20082688,20107152,24464,container,"in-house EZBIND"
554,/chara/gal060.bin,20107264,20131360,24096,container,"in-house EZBIND"
555,/chara/gal070.bin,20131840,20155012,23172,container,"in-house EZBIND"
556,/chara/gal180.bin,20155392,20178760,23368,container,"in-house EZBIND"
557,/chara/gar000.bin,20178944,20222140,43196,container,"in-house EZBIND"
558,/chara/gar020.bin,20222464,20245108,22644,container,"in-house EZBIND"
559,/chara/gar022.bin,20245504,20267600,22096,container,"in-house EZBIND"
560,/chara/gar040.bin,20268032,20292116,24084,container,"in-house EZBIND"
561,/chara/gar050.bin,20292608,20314024,21416,container,"in-house EZBIND"
562,/chara/gar080.bin,20314112,20339700,25588,container,"in-house EZBIND"
563,/chara/gar190.bin,20339712,20362864,23152,container,"in-house EZBIND"
564,/chara/gri040.bin,20363264,20385252,21988,container,"in-house EZBIND"
565,/chara/gri041.bin,20385280,20406752,21472,container,"in-house EZBIND"
566,/chara/gri043.bin,20406784,20428532,21748,container,"in-house EZBIND"
567,/chara/her000.bin,20428800,20477456,48656,container,"in-house EZBIND"
568,/chara/him000.bin,20477952,20519104,41152,container,"in-house EZBIND"
569,/chara/hst000.bin,20519424,20562928,43504,container,"in-house EZBIND"
570,/chara/hyu000.bin,20562944,20612364,49420,container,"in-house EZBIND"
571,/chara/ina000.bin,20612608,20653908,41300,container,"in-house EZBIND"
572,/chara/iri000.bin,20654080,20702536,48456,container,"in-house EZBIND"
573,/chara/kng000.bin,20702720,20740328,37608,container,"in-house EZBIND"
574,/chara/mam000.bin,20740608,20764356,23748,container,"in-house EZBIND"
575,/chara/mam010.bin,20764672,20786864,22192,container,"in-house EZBIND"
576,/chara/mam020.bin,20787200,20809412,22212,container,"in-house EZBIND"
577,/chara/mam030.bin,20809728,20831016,21288,container,"in-house EZBIND"
578,/chara/mam040.bin,20831232,20854088,22856,container,"in-house EZBIND"
579,/chara/mat000.bin,20854272,20897416,43144,container,"in-house EZBIND"
580,/chara/mat001.bin,20897792,20941948,44156,container,"in-house EZBIND"
581,/chara/mat002.bin,20942336,21019576,77240,container,"in-house EZBIND"
582,/chara/mat003.bin,21019648,21064972,45324,container,"in-house EZBIND"
583,/chara/mat00g.bin,21065216,21163688,98472,container,"in-house EZBIND"
584,/chara/mgn000.bin,21164032,21183192,19160,container,"in-house EZBIND"
585,/chara/mgn001.bin,21183488,21207360,23872,container,"in-house EZBIND"
586,/chara/nar000.bin,21207552,21231284,23732,container,"in-house EZBIND"
587,/chara/nar010.bin,21231616,21256192,24576,container,"in-house EZBIND"
588,/chara/nar020.bin,21256192,21278260,22068,container,"in-house EZBIND"
589,/chara/nar030.bin,21278720,21299992,21272,container,"in-house EZBIND"
590,/chara/nar040.bin,21300224,21324260,24036,container,"in-house EZBIND"
591,/chara/nar050.bin,21324288,21345752,21464,container,"in-house EZBIND"
592,/chara/nar060.bin,21345792,21370700,24908,container,"in-house EZBIND"
593,/chara/nar070.bin,21370880,21392596,21716,container,"in-house EZBIND"
594,/chara/nar150.bin,21392896,21413440,20544,container,"in-house EZBIND"
595,/chara/nar70.bin,21413888,21424520,10632,container,"in-house EZBIND"
596,/chara/o001.bin,21424640,21429820,5180,container,"in-house EZBIND"
597,/chara/o002.bin,21430272,21433832,3560,container,"in-house EZBIND"
598,/chara/o003.bin,21433856,21441528,7672,container,"in-house EZBIND"
599,/chara/o004.bin,21441536,21446716,5180,container,"in-house EZBIND"
600,/chara/o005.bin,21447168,21454040,6872,container,"in-house EZBIND"
601,/chara/o006.bin,21454336,21459148,4812,container,"in-house EZBIND"
602,/chara/o007.bin,21459456,21470072,10616,container,"in-house EZBIND"
603,/chara/o008.bin,21470208,21475032,4824,container,"in-house EZBIND"
604,/chara/o009.bin,21475328,21477168,1840,container,"in-house EZBIND"
605,/chara/o010.bin,21477376,21482408,5032,container,"in-house EZBIND"
606,/chara/obj000.bin,21482496,21484720,2224,container,"in-house EZBIND"
607,/chara/obj002.bin,21485056,21529304,44248,container,"in-house EZBIND"
608,/chara/obj003.bin,21529600,21571724,42124,container,"in-house EZBIND"
609,/chara/obj004.bin,21572096,21604020,31924,container,"in-house EZBIND"
610,/chara/obj005.bin,21604352,21609124,4772,container,"in-house EZBIND"
611,/chara/obj006.bin,21609472,21613004,3532,container,"in-house EZBIND"
612,/chara/obj007.bin,21613056,21635368,22312,container,"in-house EZBIND"
613,/chara/obj008.bin,21635584,21643832,8248,container,"in-house EZBIND"
614,/chara/obj009.bin,21644288,21662520,18232,container,"in-house EZBIND"
615,/chara/obj010.bin,21662720,21694248,31528,container,"in-house EZBIND"
616,/chara/obj011.bin,21694464,21725344,30880,container,"in-house EZBIND"
617,/chara/obj013.bin,21725696,21726548,852,container,"in-house EZBIND"
618,/chara/obj014.bin,21726720,21730824,4104,container,"in-house EZBIND"
619,/chara/obj015.bin,21731328,21733188,1860,container,"in-house EZBIND"
620,/chara/obj016.bin,21733376,21735188,1812,container,"in-house EZBIND"
621,/chara/obj017.bin,21735424,21738304,2880,container,"in-house EZBIND"
622,/chara/obj018.bin,21738496,21756088,17592,container,"in-house EZBIND"
623,/chara/obj030.bin,21756416,21758636,2220,container,"in-house EZBIND"
624,/chara/ori000.bin,21758976,21799440,40464,container,"in-house EZBIND"
625,/chara/osw000.bin,21799936,21839036,39100,container,"in-house EZBIND"
626,/chara/reg010.bin,21839360,21861900,22540,container,"in-house EZBIND"
627,/chara/reg020.bin,21862400,21885348,22948,container,"in-house EZBIND"
628,/chara/reg022.bin,21885440,21908752,23312,container,"in-house EZBIND"
629,/chara/reg023.bin,21908992,21936696,27704,container,"in-house EZBIND"
630,/chara/reg030.bin,21937152,21959752,22600,container,"in-house EZBIND"
631,/chara/reg032.bin,21960192,21985940,25748,container,"in-house EZBIND"
632,/chara/reg040.bin,21986304,22008704,22400,container,"in-house EZBIND"
633,/chara/reg043.bin,22008832,22032264,23432,container,"in-house EZBIND"
634,/chara/reg050.bin,22032384,22055360,22976,container,"in-house EZBIND"
635,/chara/reg053.bin,22055424,22080740,25316,container,"in-house EZBIND"
636,/chara/reg060.bin,22081024,22105276,24252,container,"in-house EZBIND"
637,/chara/reg070.bin,22105600,22129776,24176,container,"in-house EZBIND"
638,/chara/reg080.bin,22130176,22158016,27840,container,"in-house EZBIND"
639,/chara/reg081.bin,22158336,22186944,28608,container,"in-house EZBIND"
640,/chara/reg090.bin,22187008,22217512,30504,container,"in-house EZBIND"
641,/chara/reg100.bin,22217728,22246380,28652,container,"in-house EZBIND"
642,/chara/reg110.bin,22246400,22270168,23768,container,"in-house EZBIND"
643,/chara/reg120.bin,22270464,22307928,37464,container,"in-house EZBIND"
644,/chara/reg130.bin,22308352,22330452,22100,container,"in-house EZBIND"
645,/chara/reg140.bin,22330880,22357684,26804,container,"in-house EZBIND"
646,/chara/reg190.bin,22358016,22381508,23492,container,"in-house EZBIND"
647,/chara/ric000.bin,22381568,22426984,45416,container,"in-house EZBIND"
648,/chara/ruc000.bin,22427136,22470264,43128,container,"in-house EZBIND"
649,/chara/ruc001.bin,22470656,22513068,42412,container,"in-house EZBIND"
650,/chara/sailor00.bin,22513152,22533072,19920,container,"in-house EZBIND"
651,/chara/sak000.bin,22533120,22574716,41596,container,"in-house EZBIND"
652,/chara/san000.bin,22575104,22598836,23732,container,"in-house EZBIND"
653,/chara/san010.bin,22599168,22623744,24576,container,"in-house EZBIND"
654,/chara/san020.bin,22623744,22645476,21732,container,"in-house EZBIND"
655,/chara/san030.bin,22645760,22667360,21600,container,"in-house EZBIND"
656,/chara/san040.bin,22667776,22689984,22208,container,"in-house EZBIND"
657,/chara/san050.bin,22690304,22710660,20356,container,"in-house EZBIND"
658,/chara/san060.bin,22710784,22735692,24908,container,"in-house EZBIND"
659,/chara/san070.bin,22735872,22757604,21732,container,"in-house EZBIND"
660,/chara/shop00.bin,22757888,22784648,26760,container,"in-house EZBIND"
661,/chara/shop01.bin,22785024,22810648,25624,container,"in-house EZBIND"
662,/chara/shop02.bin,22811136,22837248,26112,container,"in-house EZBIND"
663,/chara/shop03.bin,22837248,22862764,25516,container,"in-house EZBIND"
664,/chara/sia000.bin,22862848,22903536,40688,container,"in-house EZBIND"
665,/chara/spa000.bin,22903808,22950600,46792,container,"in-house EZBIND"
666,/chara/sum200.bin,22950912,22975792,24880,container,"in-house EZBIND"
667,/chara/symbol__mot.bin,22976000,22976048,48,container,"in-house EZBIND"
668,/chara/symbol_alb000_mot.bin,22976512,22984304,7792,container,"in-house EZBIND"
669,/chara/symbol_amp000_mot.bin,22984704,22994252,9548,container,"in-house EZBIND"
670,/chara/symbol_amp010_mot.bin,22994432,22997268,2836,container,"in-house EZBIND"
671,/chara/symbol_amp020_mot.bin,22997504,23015544,18040,container,"in-house EZBIND"
672,/chara/symbol_amp030_mot.bin,23015936,23025868,9932,container,"in-house EZBIND"
673,/chara/symbol_ang000_mot.bin,23026176,23037340,11164,container,"in-house EZBIND"
674,/chara/symbol_bst000_mot.bin,23037440,23044528,7088,container,"in-house EZBIND"
675,/chara/symbol_bst005_mot.bin,23044608,23051180,6572,container,"in-house EZBIND"
676,/chara/symbol_bst010_mot.bin,23051264,23057000,5736,container,"in-house EZBIND"
677,/chara/symbol_bst020_mot.bin,23057408,23064768,7360,container,"in-house EZBIND"
678,/chara/symbol_bst042_mot.bin,23065088,23089132,24044,container,"in-house EZBIND"
679,/chara/symbol_bst050_mot.bin,23089152,23096292,7140,container,"in-house EZBIND"
680,/chara/symbol_bst060_mot.bin,23096320,23111600,15280,container,"in-house EZBIND"
681,/chara/symbol_cer000_mot.bin,23111680,23118628,6948,container,"in-house EZBIND"
682,/chara/symbol_enm010_mot.bin,23118848,23130204,11356,container,"in-house EZBIND"
683,/chara/symbol_enm040_mot.bin,23130624,23138916,8292,container,"in-house EZBIND"
684,/chara/symbol_enm050_mot.bin,23139328,23143392,4064,container,"in-house EZBIND"
685,/chara/symbol_enm070_mot.bin,23143424,23155424,12000,container,"in-house EZBIND"
686,/chara/symbol_enm080_mot.bin,23155712,23161276,5564,container,"in-house EZBIND"
687,/chara/symbol_enm090_mot.bin,23161344,23163480,2136,container,"in-house EZBIND"
688,/chara/symbol_fly000_mot.bin,23163904,23168960,5056,container,"in-house EZBIND"
689,/chara/symbol_fly010_mot.bin,23169024,23181616,12592,container,"in-house EZBIND"
690,/chara/symbol_fly020_mot.bin,23181824,23190944,9120,container,"in-house EZBIND"
691,/chara/symbol_fly030_mot.bin,23191040,23194120,3080,container,"in-house EZBIND"
692,/chara/symbol_fly044_mot.bin,23194624,23208032,13408,container,"in-house EZBIND"
693,/chara/symbol_gar000_mot.bin,23208448,23218200,9752,container,"in-house EZBIND"
694,/chara/symbol_hst000_mot.bin,23218688,23229064,10376,container,"in-house EZBIND"
695,/chara/symbol_hum001_mot.bin,23229440,23240044,10604,container,"in-house EZBIND"
696,/chara/symbol_hum011_mot.bin,23240192,23250324,10132,container,"in-house EZBIND"
697,/chara/symbol_hum021_mot.bin,23250432,23269832,19400,container,"in-house EZBIND"
698,/chara/symbol_hum034_mot.bin,23269888,23285356,15468,container,"in-house EZBIND"
699,/chara/symbol_hum040_mot.bin,23285760,23319152,33392,container,"in-house EZBIND"
700,/chara/symbol_hyu000_mot.bin,23319552,23327784,8232,container,"in-house EZBIND"
701,/chara/symbol_mat002_mot.bin,23328256,23349244,20988,container,"in-house EZBIND"
702,/chara/symbol_pla000_mot.bin,23349248,23364332,15084,container,"in-house EZBIND"
703,/chara/symbol_pla010_mot.bin,23364608,23369964,5356,container,"in-house EZBIND"
704,/chara/symbol_pla020_mot.bin,23370240,23382100,11860,container,"in-house EZBIND"
705,/chara/symbol_pla030_mot.bin,23382528,23387468,4940,container,"in-house EZBIND"
706,/chara/symbol_ric000_mot.bin,23387648,23397008,9360,container,"in-house EZBIND"
707,/chara/symbol_sia000_mot.bin,23397376,23405024,7648,container,"in-house EZBIND"
708,/chara/symbol_spi020_mot.bin,23405056,23414144,9088,container,"in-house EZBIND"
709,/chara/symbol_tit000_mot.bin,23414272,23420404,6132,container,"in-house EZBIND"
710,/chara/symbol_toi000_mot.bin,23420416,23431116,10700,container,"in-house EZBIND"
711,/chara/symbol_toi010_mot.bin,23431168,23441728,10560,container,"in-house EZBIND"
712,/chara/symbol_toi020_mot.bin,23441920,23445748,3828,container,"in-house EZBIND"
713,/chara/symbol_toi030_mot.bin,23446016,23448896,2880,container,"in-house EZBIND"
714,/chara/symbol_toi041_mot.bin,23449088,23461660,12572,container,"in-house EZBIND"
715,/chara/symbol_toi050_mot.bin,23461888,23469484,7596,container,"in-house EZBIND"
716,/chara/symbol_toi061_mot.bin,23469568,23480136,10568,container,"in-house EZBIND"
717,/chara/symbol_toi071_mot.bin,23480320,23488888,8568,container,"in-house EZBIND"
718,/chara/symbol_toi080_mot.bin,23489024,23497260,8236,container,"in-house EZBIND"
719,/chara/symbol_toi090_mot.bin,23497728,23512072,14344,container,"in-house EZBIND"
720,/chara/symbol_toi100_mot.bin,23512576,23526788,14212,container,"in-house EZBIND"
721,/chara/tan000.bin,23526912,23561392,34480,container,"in-house EZBIND"
722,/chara/ten010.bin,23561728,23582824,21096,container,"in-house EZBIND"
723,/chara/ten020.bin,23583232,23606440,23208,container,"in-house EZBIND"
724,/chara/ten030.bin,23606784,23627416,20632,container,"in-house EZBIND"
725,/chara/ten040.bin,23627776,23651836,24060,container,"in-house EZBIND"
726,/chara/ten050.bin,23651840,23673296,21456,container,"in-house EZBIND"
727,/chara/ten060.bin,23673344,23696220,22876,container,"in-house EZBIND"
728,/chara/ten070.bin,23696384,23718728,22344,container,"in-house EZBIND"
729,/chara/ten080.bin,23718912,23744392,25480,container,"in-house EZBIND"
730,/chara/ten190.bin,23744512,23768928,24416,container,"in-house EZBIND"
731,/chara/tit000.bin,23769088,23809920,40832,container,"in-house EZBIND"
732,/chara/toi000.bin,23810048,23839200,29152,container,"in-house EZBIND"
733,/chara/toi010.bin,23839232,23866300,27068,container,"in-house EZBIND"
734,/chara/toi020.bin,23866368,23911248,44880,container,"in-house EZBIND"
735,/chara/toi030.bin,23911424,23968548,57124,container,"in-house EZBIND"
736,/chara/toi031.bin,23968768,24026148,57380,container,"in-house EZBIND"
737,/chara/toi040.bin,24026624,24052088,25464,container,"in-house EZBIND"
738,/chara/toi041.bin,24052224,24080064,27840,container,"in-house EZBIND"
739,/chara/toi050.bin,24080384,24118524,38140,container,"in-house EZBIND"
740,/chara/toi070.bin,24118784,24148632,29848,container,"in-house EZBIND"
741,/chara/toi071.bin,24148992,24181196,32204,container,"in-house EZBIND"
742,/chara/vri000.bin,24181248,24221504,40256,container,"in-house EZBIND"
743,/chara/vul000.bin,24221696,24251076,29380,container,"in-house EZBIND"
744,/cutin/cutin_000.bin,24251392,24410064,158672,container,"in-house EZBIND"
745,/cutin/cutin_001.bin,24410112,24462000,51888,container,"in-house EZBIND"
746,/cutin/cutin_002.bin,24462336,24514224,51888,container,"in-house EZBIND"
747,/cutin/cutin_003.bin,24514560,24711632,197072,container,"in-house EZBIND"
748,/cutin/cutin_004.bin,24711680,24751728,40048,container,"in-house EZBIND"
749,/cutin/cutin_005.bin,24752128,24866928,114800,container,"in-house EZBIND"
750,/cutin/cutin_006.bin,24867328,25012240,144912,container,"in-house EZBIND"
751,/cutin/cutin_007.bin,25012736,25168368,155632,container,"in-house EZBIND"
752,/cutin/cutin_008.bin,25168384,25306448,138064,container,"in-house EZBIND"
753,/facechat/ev0101.scr,25306624,25312504,5880,other,"in-house FaceChat / FaceData"
754,/facechat/ev0102.scr,25312768,25314810,2042,other,"in-house FaceChat / FaceData"
755,/facechat/ev0103.scr,25314816,25315713,897,other,"in-house FaceChat / FaceData"
756,/facechat/ev0104.scr,25315840,25319273,3433,other,"in-house FaceChat / FaceData"
757,/facechat/ev0105.scr,25319424,25320370,946,other,"in-house FaceChat / FaceData"
758,/facechat/ev0106.scr,25320448,25321066,618,other,"in-house FaceChat / FaceData"
759,/facechat/ev0107.scr,25321472,25322922,1450,other,"in-house FaceChat / FaceData"
760,/facechat/ev0108.scr,25323008,25327964,4956,other,"in-house FaceChat / FaceData"
761,/facechat/ev0109.scr,25328128,25333988,5860,other,"in-house FaceChat / FaceData"
762,/facechat/ev0110.scr,25334272,25338291,4019,other,"in-house FaceChat / FaceData"
763,/facechat/ev0111.scr,25338368,25341105,2737,other,"in-house FaceChat / FaceData"
764,/facechat/ev0112.scr,25341440,25342559,1119,other,"in-house FaceChat / FaceData"
765,/facechat/ev0113.scr,25342976,25346343,3367,other,"in-house FaceChat / FaceData"
766,/facechat/ev0114.scr,25346560,25348824,2264,other,"in-house FaceChat / FaceData"
767,/facechat/ev0115.scr,25349120,25349331,211,other,"in-house FaceChat / FaceData"
768,/facechat/ev0116.scr,25349632,25351657,2025,other,"in-house FaceChat / FaceData"
769,/facechat/ev0117.scr,25351680,25352923,1243,other,"in-house FaceChat / FaceData"
770,/facechat/ev0118.scr,25353216,25353576,360,other,"in-house FaceChat / FaceData"
771,/facechat/ev0119.scr,25353728,25353938,210,other,"in-house FaceChat / FaceData"
772,/facechat/ev0120.scr,25354240,25354320,80,other,"in-house FaceChat / FaceData"
773,/facechat/ev0121.scr,25354752,25354832,80,other,"in-house FaceChat / FaceData"
774,/facechat/ev0122.scr,25355264,25355336,72,other,"in-house FaceChat / FaceData"
775,/facechat/ev0123.scr,25355776,25355816,40,other,"in-house FaceChat / FaceData"
776,/facechat/ev0124.scr,25356288,25361963,5675,other,"in-house FaceChat / FaceData"
777,/facechat/ev0125.scr,25362432,25362655,223,other,"in-house FaceChat / FaceData"
778,/facechat/ev0201.scr,25362944,25365830,2886,other,"in-house FaceChat / FaceData"
779,/facechat/ev0202.scr,25366016,25368982,2966,other,"in-house FaceChat / FaceData"
780,/facechat/ev0203.scr,25369088,25370483,1395,other,"in-house FaceChat / FaceData"
781,/facechat/ev0204.scr,25370624,25372980,2356,other,"in-house FaceChat / FaceData"
782,/facechat/ev0205.scr,25373184,25374920,1736,other,"in-house FaceChat / FaceData"
783,/facechat/ev0206.scr,25375232,25377068,1836,other,"in-house FaceChat / FaceData"
784,/facechat/ev0207.scr,25377280,25381387,4107,other,"in-house FaceChat / FaceData"
785,/facechat/ev0208.scr,25381888,25382494,606,other,"in-house FaceChat / FaceData"
786,/facechat/ev0209.scr,25382912,25383894,982,other,"in-house FaceChat / FaceData"
787,/facechat/ev0210.scr,25383936,25384582,646,other,"in-house FaceChat / FaceData"
788,/facechat/ev0211.scr,25384960,25387321,2361,other,"in-house FaceChat / FaceData"
789,/facechat/ev0212.scr,25387520,25390369,2849,other,"in-house FaceChat / FaceData"
790,/facechat/ev0301.scr,25390592,25394310,3718,other,"in-house FaceChat / FaceData"
791,/facechat/ev0302.scr,25394688,25398818,4130,other,"in-house FaceChat / FaceData"
792,/facechat/ev0303.scr,25399296,25400860,1564,other,"in-house FaceChat / FaceData"
793,/facechat/ev0304.scr,25401344,25402921,1577,other,"in-house FaceChat / FaceData"
794,/facechat/ev0305.scr,25403392,25405176,1784,other,"in-house FaceChat / FaceData"
795,/facechat/ev0306.scr,25405440,25408467,3027,other,"in-house FaceChat / FaceData"
796,/facechat/ev0307.scr,25408512,25411231,2719,other,"in-house FaceChat / FaceData"
797,/facechat/ev0308.scr,25411584,25413628,2044,other,"in-house FaceChat / FaceData"
798,/facechat/ev0309.scr,25413632,25416639,3007,other,"in-house FaceChat / FaceData"
799,/facechat/ev0310.scr,25416704,25421783,5079,other,"in-house FaceChat / FaceData"
800,/facechat/ev0311.scr,25421824,25428606,6782,other,"in-house FaceChat / FaceData"
801,/facechat/ev0312.scr,25428992,25430854,1862,other,"in-house FaceChat / FaceData"
802,/facechat/ev0313.scr,25431040,25432240,1200,other,"in-house FaceChat / FaceData"
803,/facechat/ev0314.scr,25432576,25435493,2917,other,"in-house FaceChat / FaceData"
804,/facechat/ev0315.scr,25435648,25435728,80,other,"in-house FaceChat / FaceData"
805,/facechat/ev0316.scr,25436160,25436408,248,other,"in-house FaceChat / FaceData"
806,/facechat/ev0401.scr,25436672,25438304,1632,other,"in-house FaceChat / FaceData"
807,/facechat/ev0402.scr,25438720,25439721,1001,other,"in-house FaceChat / FaceData"
808,/facechat/ev0403.scr,25439744,25443552,3808,other,"in-house FaceChat / FaceData"
809,/facechat/ev0404.scr,25443840,25445983,2143,other,"in-house FaceChat / FaceData"
810,/facechat/ev0405.scr,25446400,25451257,4857,other,"in-house FaceChat / FaceData"
811,/facechat/ev0406.scr,25451520,25459303,7783,other,"in-house FaceChat / FaceData"
812,/facechat/ev0407.scr,25459712,25459897,185,other,"in-house FaceChat / FaceData"
813,/facechat/ev0501.scr,25460224,25460690,466,other,"in-house FaceChat / FaceData"
814,/facechat/ev0502.scr,25460736,25461968,1232,other,"in-house FaceChat / FaceData"
815,/facechat/ev0503.scr,25462272,25463833,1561,other,"in-house FaceChat / FaceData"
816,/facechat/ev0504.scr,25464320,25466537,2217,other,"in-house FaceChat / FaceData"
817,/facechat/ev0505.scr,25466880,25467596,716,other,"in-house FaceChat / FaceData"
818,/facechat/ev0506.scr,25467904,25474461,6557,other,"in-house FaceChat / FaceData"
819,/facechat/ev0507.scr,25474560,25475541,981,other,"in-house FaceChat / FaceData"
820,/facechat/ev0508.scr,25475584,25482093,6509,other,"in-house FaceChat / FaceData"
821,/facechat/ev0509.scr,25482240,25485022,2782,other,"in-house FaceChat / FaceData"
822,/facechat/ev0510.scr,25485312,25487134,1822,other,"in-house FaceChat / FaceData"
823,/facechat/ev0511.scr,25487360,25487977,617,other,"in-house FaceChat / FaceData"
824,/facechat/ev0512.scr,25488384,25495997,7613,other,"in-house FaceChat / FaceData"
825,/facechat/ev0513.scr,25496064,25496828,764,other,"in-house FaceChat / FaceData"
826,/facechat/ev0514.scr,25497088,25499174,2086,other,"in-house FaceChat / FaceData"
827,/facechat/ev0515.scr,25499648,25501930,2282,other,"in-house FaceChat / FaceData"
828,/facechat/ev0516.scr,25502208,25504826,2618,other,"in-house FaceChat / FaceData"
829,/facechat/ev0517.scr,25505280,25507291,2011,other,"in-house FaceChat / FaceData"
830,/facechat/ev0518.scr,25507328,25507424,96,other,"in-house FaceChat / FaceData"
831,/facechat/ev0519.scr,25507840,25507912,72,other,"in-house FaceChat / FaceData"
832,/facechat/ev0520.scr,25508352,25508559,207,other,"in-house FaceChat / FaceData"
833,/facechat/ev0521.scr,25508864,25509057,193,other,"in-house FaceChat / FaceData"
834,/facechat/ev0601.scr,25509376,25511395,2019,other,"in-house FaceChat / FaceData"
835,/facechat/ev0602.scr,25511424,25511489,65,other,"in-house FaceChat / FaceData"
836,/facechat/ev0603.scr,25511936,25514709,2773,other,"in-house FaceChat / FaceData"
837,/facechat/ev0604.scr,25515008,25519553,4545,other,"in-house FaceChat / FaceData"
838,/facechat/ev0605.scr,25519616,25525823,6207,other,"in-house FaceChat / FaceData"
839,/facechat/ev0606.scr,25526272,25528596,2324,other,"in-house FaceChat / FaceData"
840,/facechat/ev0607.scr,25528832,25529452,620,other,"in-house FaceChat / FaceData"
841,/facechat/ev0608.scr,25529856,25529896,40,other,"in-house FaceChat / FaceData"
842,/facechat/ev0609.scr,25530368,25531078,710,other,"in-house FaceChat / FaceData"
843,/facechat/ev0610.scr,25531392,25533760,2368,other,"in-house FaceChat / FaceData"
844,/facechat/ev0611.scr,25533952,25537951,3999,other,"in-house FaceChat / FaceData"
845,/facechat/ev0612.scr,25538048,25538346,298,other,"in-house FaceChat / FaceData"
846,/facechat/ev0613.scr,25538560,25538858,298,other,"in-house FaceChat / FaceData"
847,/facechat/ev0701.scr,25539072,25540851,1779,other,"in-house FaceChat / FaceData"
848,/facechat/ev0702.scr,25541120,25545186,4066,other,"in-house FaceChat / FaceData"
849,/facechat/ev0703.scr,25545216,25546847,1631,other,"in-house FaceChat / FaceData"
850,/facechat/ev0704.scr,25547264,25554855,7591,other,"in-house FaceChat / FaceData"
851,/facechat/ev0705.scr,25554944,25560246,5302,other,"in-house FaceChat / FaceData"
852,/facechat/ev0706.scr,25560576,25564044,3468,other,"in-house FaceChat / FaceData"
853,/facechat/ev0707.scr,25564160,25570381,6221,other,"in-house FaceChat / FaceData"
854,/facechat/ev0801.scr,25570816,25571838,1022,other,"in-house FaceChat / FaceData"
855,/facechat/ev0802.scr,25571840,25576594,4754,other,"in-house FaceChat / FaceData"
856,/facechat/ev0803.scr,25576960,25586861,9901,other,"in-house FaceChat / FaceData"
857,/facechat/ev0804.scr,25587200,25587665,465,other,"in-house FaceChat / FaceData"
858,/facechat/ev0805.scr,25587712,25591949,4237,other,"in-house FaceChat / FaceData"
859,/facechat/ev0901.scr,25592320,25594079,1759,other,"in-house FaceChat / FaceData"
860,/facechat/ev0902.scr,25594368,25594620,252,other,"in-house FaceChat / FaceData"
861,/facechat/ev0903.scr,25594880,25597200,2320,other,"in-house FaceChat / FaceData"
862,/facechat/ev0904.scr,25597440,25600230,2790,other,"in-house FaceChat / FaceData"
863,/facechat/ev0905.scr,25600512,25603282,2770,other,"in-house FaceChat / FaceData"
864,/facechat/ev0906.scr,25603584,25603855,271,other,"in-house FaceChat / FaceData"
865,/facechat/ev0907.scr,25604096,25605259,1163,other,"in-house FaceChat / FaceData"
866,/facechat/ev0908.scr,25605632,25611323,5691,other,"in-house FaceChat / FaceData"
867,/facechat/ev0909.scr,25611776,25613873,2097,other,"in-house FaceChat / FaceData"
868,/facechat/ev0910.scr,25614336,25615932,1596,other,"in-house FaceChat / FaceData"
869,/facechat/ev1001.scr,25616384,25617412,1028,other,"in-house FaceChat / FaceData"
870,/facechat/ev1002.scr,25617920,25619328,1408,other,"in-house FaceChat / FaceData"
871,/facechat/ev1003.scr,25619456,25621271,1815,other,"in-house FaceChat / FaceData"
872,/facechat/ev1004.scr,25621504,25624131,2627,other,"in-house FaceChat / FaceData"
873,/facechat/ev1005.scr,25624576,25629796,5220,other,"in-house FaceChat / FaceData"
874,/facechat/ev1006.scr,25630208,25633745,3537,other,"in-house FaceChat / FaceData"
875,/facechat/ev1007.scr,25633792,25634617,825,other,"in-house FaceChat / FaceData"
876,/facechat/ev1008.scr,25634816,25636576,1760,other,"in-house FaceChat / FaceData"
877,/facechat/ev1009.scr,25636864,25637368,504,other,"in-house FaceChat / FaceData"
878,/facechat/ev1010.scr,25637376,25638596,1220,other,"in-house FaceChat / FaceData"
879,/facechat/ev1011.scr,25638912,25640565,1653,other,"in-house FaceChat / FaceData"
880,/facechat/ev1012.scr,25640960,25646451,5491,other,"in-house FaceChat / FaceData"
881,/facechat/ev1013.scr,25646592,25646904,312,other,"in-house FaceChat / FaceData"
882,/facechat/ev1014.scr,25647104,25648231,1127,other,"in-house FaceChat / FaceData"
883,/facechat/ev1101.scr,25648640,25650951,2311,other,"in-house FaceChat / FaceData"
884,/facechat/ev1102.scr,25651200,25655963,4763,other,"in-house FaceChat / FaceData"
885,/facechat/ev1103.scr,25656320,25657580,1260,other,"in-house FaceChat / FaceData"
886,/facechat/ev1104.scr,25657856,25663070,5214,other,"in-house FaceChat / FaceData"
887,/facechat/ev1105.scr,25663488,25664691,1203,other,"in-house FaceChat / FaceData"
888,/facechat/ev1106.scr,25665024,25669780,4756,other,"in-house FaceChat / FaceData"
889,/facechat/ev1107.scr,25670144,25670368,224,other,"in-house FaceChat / FaceData"
890,/facechat/ev1108.scr,25670656,25671791,1135,other,"in-house FaceChat / FaceData"
891,/facechat/ev1109.scr,25672192,25672930,738,other,"in-house FaceChat / FaceData"
892,/facechat/ev1110.scr,25673216,25676815,3599,other,"in-house FaceChat / FaceData"
893,/facechat/ev1201.scr,25677312,25681604,4292,other,"in-house FaceChat / FaceData"
894,/facechat/ev1202.scr,25681920,25682595,675,other,"in-house FaceChat / FaceData"
895,/facechat/ev1203.scr,25682944,25685095,2151,other,"in-house FaceChat / FaceData"
896,/facechat/ev1204.scr,25685504,25686447,943,other,"in-house FaceChat / FaceData"
897,/facechat/ev1205.scr,25686528,25691840,5312,other,"in-house FaceChat / FaceData"
898,/facechat/ev1206.scr,25692160,25694527,2367,other,"in-house FaceChat / FaceData"
899,/facechat/ev1301.scr,25694720,25695769,1049,other,"in-house FaceChat / FaceData"
900,/facechat/ev1302.scr,25696256,25699976,3720,other,"in-house FaceChat / FaceData"
901,/facechat/ev1303.scr,25700352,25701131,779,other,"in-house FaceChat / FaceData"
902,/facechat/ev1304.scr,25701376,25705097,3721,other,"in-house FaceChat / FaceData"
903,/facechat/ev1305.scr,25705472,25712714,7242,other,"in-house FaceChat / FaceData"
904,/facechat/ev1306.scr,25713152,25714903,1751,other,"in-house FaceChat / FaceData"
905,/facechat/ev1307.scr,25715200,25716286,1086,other,"in-house FaceChat / FaceData"
906,/facechat/ev1308.scr,25716736,25718051,1315,other,"in-house FaceChat / FaceData"
907,/facechat/ev1309.scr,25718272,25719714,1442,other,"in-house FaceChat / FaceData"
908,/facechat/ev1310.scr,25719808,25720710,902,other,"in-house FaceChat / FaceData"
909,/facechat/ev1311.scr,25720832,25725116,4284,other,"in-house FaceChat / FaceData"
910,/facechat/ev1401.scr,25725440,25725995,555,other,"in-house FaceChat / FaceData"
911,/facechat/ev1402.scr,25726464,25726823,359,other,"in-house FaceChat / FaceData"
912,/facechat/ev1403.scr,25726976,25727418,442,other,"in-house FaceChat / FaceData"
913,/facechat/ev1404.scr,25727488,25730769,3281,other,"in-house FaceChat / FaceData"
914,/facechat/ev1405.scr,25731072,25739112,8040,other,"in-house FaceChat / FaceData"
915,/facechat/ev1501.scr,25739264,25742224,2960,other,"in-house FaceChat / FaceData"
916,/facechat/ev1502.scr,25742336,25744701,2365,other,"in-house FaceChat / FaceData"
917,/facechat/ev1503.scr,25744896,25747743,2847,other,"in-house FaceChat / FaceData"
918,/facechat/ev1504.scr,25747968,25748833,865,other,"in-house FaceChat / FaceData"
919,/facechat/ev1505.scr,25748992,25749359,367,other,"in-house FaceChat / FaceData"
920,/facechat/ev1601.scr,25749504,25756832,7328,other,"in-house FaceChat / FaceData"
921,/facechat/ev1602.scr,25757184,25758621,1437,other,"in-house FaceChat / FaceData"
922,/facechat/ev1603.scr,25758720,25759753,1033,other,"in-house FaceChat / FaceData"
923,/facechat/ev1604.scr,25760256,25762111,1855,other,"in-house FaceChat / FaceData"
924,/facechat/ev1605.scr,25762304,25768786,6482,other,"in-house FaceChat / FaceData"
925,/facechat/ev1606.scr,25768960,25769104,144,other,"in-house FaceChat / FaceData"
926,/facechat/ev1701.scr,25769472,25772209,2737,other,"in-house FaceChat / FaceData"
927,/facechat/ev1702.scr,25772544,25775853,3309,other,"in-house FaceChat / FaceData"
928,/facechat/ev1801.scr,25776128,25779692,3564,other,"in-house FaceChat / FaceData"
929,/facechat/ev1802.scr,25779712,25787692,7980,other,"in-house FaceChat / FaceData"
930,/facechat/ev1803.scr,25787904,25788308,404,other,"in-house FaceChat / FaceData"
931,/facechat/ev1901.scr,25788416,25791117,2701,other,"in-house FaceChat / FaceData"
932,/facechat/ev1902.scr,25791488,25791976,488,other,"in-house FaceChat / FaceData"
933,/facechat/ev1903.scr,25792000,25792520,520,other,"in-house FaceChat / FaceData"
934,/facechat/ev1904.scr,25793024,25795491,2467,other,"in-house FaceChat / FaceData"
935,/facechat/ev1905.scr,25795584,25801213,5629,other,"in-house FaceChat / FaceData"
936,/facechat/ev1906.scr,25801216,25802255,1039,other,"in-house FaceChat / FaceData"
937,/facechat/ev1907.scr,25802752,25804490,1738,other,"in-house FaceChat / FaceData"
938,/facechat/ev2001.scr,25804800,25812757,7957,other,"in-house FaceChat / FaceData"
939,/facechat/ev2002.scr,25812992,25814373,1381,other,"in-house FaceChat / FaceData"
940,/facechat/ev2003.scr,25814528,25816410,1882,other,"in-house FaceChat / FaceData"
941,/facechat/ev2004.scr,25816576,25818485,1909,other,"in-house FaceChat / FaceData"
942,/facechat/ev2005.scr,25818624,25820557,1933,other,"in-house FaceChat / FaceData"
943,/facechat/ev2006.scr,25820672,25822701,2029,other,"in-house FaceChat / FaceData"
944,/facechat/ev2007.scr,25822720,25828606,5886,other,"in-house FaceChat / FaceData"
945,/facechat/ev2008.scr,25828864,25833600,4736,other,"in-house FaceChat / FaceData"
946,/facechat/ev2009.scr,25833984,25837355,3371,other,"in-house FaceChat / FaceData"
947,/facechat/ev2010.scr,25837568,25837961,393,other,"in-house FaceChat / FaceData"
948,/facechat/ev2101.scr,25838080,25839148,1068,other,"in-house FaceChat / FaceData"
949,/facechat/ev2102.scr,25839616,25840393,777,other,"in-house FaceChat / FaceData"
950,/facechat/ev2201.scr,25840640,25841461,821,other,"in-house FaceChat / FaceData"
951,/facechat/ev2202.scr,25841664,25845057,3393,other,"in-house FaceChat / FaceData"
952,/facechat/ev2203.scr,25845248,25848182,2934,other,"in-house FaceChat / FaceData"
953,/facechat/ev2204.scr,25848320,25850343,2023,other,"in-house FaceChat / FaceData"
954,/facechat/ev2205.scr,25850368,25852392,2024,other,"in-house FaceChat / FaceData"
955,/facechat/ev2206.scr,25852416,25852512,96,other,"in-house FaceChat / FaceData"
956,/facechat/ev2207.scr,25852928,25853444,516,other,"in-house FaceChat / FaceData"
957,/facechat/ev2208.scr,25853952,25854395,443,other,"in-house FaceChat / FaceData"
958,/facechat/ev2301.scr,25854464,25854740,276,other,"in-house FaceChat / FaceData"
959,/facechat/ev2302.scr,25854976,25855702,726,other,"in-house FaceChat / FaceData"
960,/facechat/ev2303.scr,25856000,25860891,4891,other,"in-house FaceChat / FaceData"
961,/facechat/ev2304.scr,25861120,25863110,1990,other,"in-house FaceChat / FaceData"
962,/facechat/ev2305.scr,25863168,25863534,366,other,"in-house FaceChat / FaceData"
963,/facechat/ev2306.scr,25863680,25865380,1700,other,"in-house FaceChat / FaceData"
964,/facechat/ev2307.scr,25865728,25866470,742,other,"in-house FaceChat / FaceData"
965,/facechat/ev2308.scr,25866752,25866816,64,other,"in-house FaceChat / FaceData"
966,/facechat/ev2401.scr,25867264,25869242,1978,other,"in-house FaceChat / FaceData"
967,/facechat/ev2402.scr,25869312,25871187,1875,other,"in-house FaceChat / FaceData"
968,/facechat/ev2403.scr,25871360,25872068,708,other,"in-house FaceChat / FaceData"
969,/facechat/ev2404.scr,25872384,25873324,940,other,"in-house FaceChat / FaceData"
970,/facechat/ev2405.scr,25873408,25874096,688,other,"in-house FaceChat / FaceData"
971,/facechat/ev2406.scr,25874432,25875464,1032,other,"in-house FaceChat / FaceData"
972,/facechat/ev2407.scr,25875968,25877814,1846,other,"in-house FaceChat / FaceData"
973,/facechat/ev2408.scr,25878016,25878531,515,other,"in-house FaceChat / FaceData"
974,/facechat/ev2409.scr,25879040,25880012,972,other,"in-house FaceChat / FaceData"
975,/facechat/ev2410.scr,25880064,25890166,10102,other,"in-house FaceChat / FaceData"
976,/facechat/ev2411.scr,25890304,25890616,312,other,"in-house FaceChat / FaceData"
977,/facechat/ev2412.scr,25890816,25891182,366,other,"in-house FaceChat / FaceData"
978,/facechat/ev2501.scr,25891328,25891716,388,other,"in-house FaceChat / FaceData"
979,/facechat/ev2601.scr,25891840,25892211,371,other,"in-house FaceChat / FaceData"
980,/facechat/ev2602.scr,25892352,25893741,1389,other,"in-house FaceChat / FaceData"
981,/facechat/ev2603.scr,25893888,25897405,3517,other,"in-house FaceChat / FaceData"
982,/facechat/ev2604.scr,25897472,25902722,5250,other,"in-house FaceChat / FaceData"
983,/facechat/ev2605.scr,25903104,25903696,592,other,"in-house FaceChat / FaceData"
984,/facechat/ev2606.scr,25904128,25904627,499,other,"in-house FaceChat / FaceData"
985,/facechat/ev2607.scr,25904640,25904757,117,other,"in-house FaceChat / FaceData"
986,/facechat/ev2608.scr,25905152,25905374,222,other,"in-house FaceChat / FaceData"
987,/facechat/ev2609.scr,25905664,25907126,1462,other,"in-house FaceChat / FaceData"
988,/facechat/ev2610.scr,25907200,25909308,2108,other,"in-house FaceChat / FaceData"
989,/facechat/ev2611.scr,25909760,25909859,99,other,"in-house FaceChat / FaceData"
990,/facechat/ev2612.scr,25910272,25910371,99,other,"in-house FaceChat / FaceData"
991,/facechat/ev2701.scr,25910784,25911976,1192,other,"in-house FaceChat / FaceData"
992,/facechat/ev2702.scr,25912320,25913044,724,other,"in-house FaceChat / FaceData"
993,/facechat/ev2703.scr,25913344,25916226,2882,other,"in-house FaceChat / FaceData"
994,/facechat/ev2704.scr,25916416,25916977,561,other,"in-house FaceChat / FaceData"
995,/facechat/ev2705.scr,25917440,25919120,1680,other,"in-house FaceChat / FaceData"
996,/facechat/ev2706.scr,25919488,25929889,10401,other,"in-house FaceChat / FaceData"
997,/facechat/ev2707.scr,25930240,25933003,2763,other,"in-house FaceChat / FaceData"
998,/facechat/ev2708.scr,25933312,25937346,4034,other,"in-house FaceChat / FaceData"
999,/facechat/ev2709.scr,25937408,25938431,1023,other,"in-house FaceChat / FaceData"
1000,/facechat/ev2710.scr,25938432,25938928,496,other,"in-house FaceChat / FaceData"
1001,/facechat/ev2711.scr,25938944,25939448,504,other,"in-house FaceChat / FaceData"
1002,/facechat/ev2712.scr,25939456,25940027,571,other,"in-house FaceChat / FaceData"
1003,/facechat/ev2713.scr,25940480,25941383,903,other,"in-house FaceChat / FaceData"
1004,/facechat/ev2714.scr,25941504,25942933,1429,other,"in-house FaceChat / FaceData"
1005,/facechat/ev2801.scr,25943040,25945734,2694,other,"in-house FaceChat / FaceData"
1006,/facechat/ev2802.scr,25946112,25950116,4004,other,"in-house FaceChat / FaceData"
1007,/facechat/ev2803.scr,25950208,25951297,1089,other,"in-house FaceChat / FaceData"
1008,/facechat/ev2804.scr,25951744,25955841,4097,other,"in-house FaceChat / FaceData"
1009,/facechat/ev2901.scr,25956352,25957009,657,other,"in-house FaceChat / FaceData"
1010,/facechat/ev2902.scr,25957376,25959674,2298,other,"in-house FaceChat / FaceData"
1011,/facechat/ev2903.scr,25959936,25962966,3030,other,"in-house FaceChat / FaceData"
1012,/facechat/ev2904.scr,25963008,25967847,4839,other,"in-house FaceChat / FaceData"
1013,/facechat/ev2905.scr,25968128,25970161,2033,other,"in-house FaceChat / FaceData"
1014,/facechat/ev2906.scr,25970176,25977830,7654,other,"in-house FaceChat / FaceData"
1015,/facechat/ev2907.scr,25977856,25992145,14289,other,"in-house FaceChat / FaceData"
1016,/facechat/ev2908.scr,25992192,25992452,260,other,"in-house FaceChat / FaceData"
1017,/facechat/ev2909.scr,25992704,25996705,4001,other,"in-house FaceChat / FaceData"
1018,/facechat/ev3001.scr,25996800,26003310,6510,other,"in-house FaceChat / FaceData"
1019,/facechat/ev3002.scr,26003456,26005742,2286,other,"in-house FaceChat / FaceData"
1020,/facechat/ev3003.scr,26006016,26007680,1664,other,"in-house FaceChat / FaceData"
1021,/facechat/ev3004.scr,26008064,26014184,6120,other,"in-house FaceChat / FaceData"
1022,/facechat/ev3005.scr,26014208,26014407,199,other,"in-house FaceChat / FaceData"
1023,/facechat/ev3101.scr,26014720,26016191,1471,other,"in-house FaceChat / FaceData"
1024,/facechat/ev3102.scr,26016256,26017392,1136,other,"in-house FaceChat / FaceData"
1025,/facechat/ev3103.scr,26017792,26018490,698,other,"in-house FaceChat / FaceData"
1026,/facechat/ev3105.scr,26018816,26020991,2175,other,"in-house FaceChat / FaceData"
1027,/facechat/ev3106.scr,26021376,26022035,659,other,"in-house FaceChat / FaceData"
1028,/facechat/npc_a.scr,26022400,26037242,14842,other,"in-house FaceChat / FaceData"
1029,/facechat/npc_b.scr,26037248,26037859,611,other,"in-house FaceChat / FaceData"
1030,/facechat/npc_c.scr,26038272,26040014,1742,other,"in-house FaceChat / FaceData"
1031,/facechat/npc_d.scr,26040320,26047538,7218,other,"in-house FaceChat / FaceData"
1032,/facechat/npc_e.scr,26048000,26052096,4096,other,"in-house FaceChat / FaceData"
1033,/facechat/npc_f.scr,26052096,26058364,6268,other,"in-house FaceChat / FaceData"
1034,/facechat/npc_g.scr,26058752,26062713,3961,other,"in-house FaceChat / FaceData"
1035,/facechat/npc_h.scr,26062848,26064120,1272,other,"in-house FaceChat / FaceData"
1036,/facechat/npc_i.scr,26064384,26064988,604,other,"in-house FaceChat / FaceData"
1037,/facechat/npc_j.scr,26065408,26069092,3684,other,"in-house FaceChat / FaceData"
1038,/facechat/npc_k.scr,26069504,26070258,754,other,"in-house FaceChat / FaceData"
1039,/facechat/npc_l.scr,26070528,26074420,3892,other,"in-house FaceChat / FaceData"
1040,/facechat/npc_m.scr,26074624,26077176,2552,other,"in-house FaceChat / FaceData"
1041,/facechat/npc_n.scr,26077184,26078515,1331,other,"in-house FaceChat / FaceData"
1042,/facechat/npc_o.scr,26078720,26079240,520,other,"in-house FaceChat / FaceData"
1043,/facechat/sb01-0001.scr,26079744,26081686,1942,other,"in-house FaceChat / FaceData"
1044,/facechat/sb01-0002.scr,26081792,26082971,1179,other,"in-house FaceChat / FaceData"
1045,/facechat/sb01-0003.scr,26083328,26084740,1412,other,"in-house FaceChat / FaceData"
1046,/facechat/sb01-0004.scr,26084864,26084896,32,other,"in-house FaceChat / FaceData"
1047,/facechat/sb01-0005.scr,26085376,26086935,1559,other,"in-house FaceChat / FaceData"
1048,/facechat/sb01-0006.scr,26087424,26087464,40,other,"in-house FaceChat / FaceData"
1049,/facechat/sb01-0007.scr,26087936,26088994,1058,other,"in-house FaceChat / FaceData"
1050,/facechat/sb01-0008.scr,26089472,26090637,1165,other,"in-house FaceChat / FaceData"
1051,/facechat/sb01-0009.scr,26091008,26092029,1021,other,"in-house FaceChat / FaceData"
1052,/facechat/sb01-0010.scr,26092032,26093331,1299,other,"in-house FaceChat / FaceData"
1053,/facechat/sb01-0011.scr,26093568,26096548,2980,other,"in-house FaceChat / FaceData"
1054,/facechat/sb01-0012.scr,26096640,26098572,1932,other,"in-house FaceChat / FaceData"
1055,/facechat/sb01-0013.scr,26098688,26099585,897,other,"in-house FaceChat / FaceData"
1056,/facechat/sb01-0014.scr,26099712,26101219,1507,other,"in-house FaceChat / FaceData"
1057,/facechat/sb01-0015.scr,26101248,26102618,1370,other,"in-house FaceChat / FaceData"
1058,/facechat/sb01-0016.scr,26102784,26105338,2554,other,"in-house FaceChat / FaceData"
1059,/facechat/sb01-0017.scr,26105344,26106078,734,other,"in-house FaceChat / FaceData"
1060,/facechat/sb01-0018.scr,26106368,26107655,1287,other,"in-house FaceChat / FaceData"
1061,/facechat/sb01-0019.scr,26107904,26110136,2232,other,"in-house FaceChat / FaceData"
1062,/facechat/sb01-0020.scr,26110464,26113476,3012,other,"in-house FaceChat / FaceData"
1063,/facechat/sb01-0021.scr,26113536,26115136,1600,other,"in-house FaceChat / FaceData"
1064,/facechat/sb01-0022.scr,26115584,26116996,1412,other,"in-house FaceChat / FaceData"
1065,/facechat/sb01-0023.scr,26117120,26118166,1046,other,"in-house FaceChat / FaceData"
1066,/facechat/sb01-0024.scr,26118656,26120258,1602,other,"in-house FaceChat / FaceData"
1067,/facechat/sb01-0025.scr,26120704,26121840,1136,other,"in-house FaceChat / FaceData"
1068,/facechat/sb01-0027.scr,26122240,26123839,1599,other,"in-house FaceChat / FaceData"
1069,/facechat/sb01-0028.scr,26124288,26124842,554,other,"in-house FaceChat / FaceData"
1070,/facechat/sb01-0029.scr,26125312,26126065,753,other,"in-house FaceChat / FaceData"
1071,/facechat/sb01-0030.scr,26126336,26127178,842,other,"in-house FaceChat / FaceData"
1072,/facechat/sb01-0031.scr,26127360,26128638,1278,other,"in-house FaceChat / FaceData"
1073,/facechat/sb01-0032.scr,26128896,26129765,869,other,"in-house FaceChat / FaceData"
1074,/facechat/sb01-0033.scr,26129920,26131575,1655,other,"in-house FaceChat / FaceData"
1075,/facechat/sb01-0034.scr,26131968,26132917,949,other,"in-house FaceChat / FaceData"
1076,/facechat/sb01-0035.scr,26132992,26134052,1060,other,"in-house FaceChat / FaceData"
1077,/facechat/sb01-0036.scr,26134528,26135549,1021,other,"in-house FaceChat / FaceData"
1078,/facechat/sb01-0037.scr,26135552,26136875,1323,other,"in-house FaceChat / FaceData"
1079,/facechat/sb01-0038.scr,26137088,26138078,990,other,"in-house FaceChat / FaceData"
1080,/facechat/sb01-0039.scr,26138112,26139995,1883,other,"in-house FaceChat / FaceData"
1081,/facechat/sb01-0040.scr,26140160,26140192,32,other,"in-house FaceChat / FaceData"
1082,/facechat/sb01-0041.scr,26140672,26142884,2212,other,"in-house FaceChat / FaceData"
1083,/facechat/sb01-0042.scr,26143232,26144636,1404,other,"in-house FaceChat / FaceData"
1084,/facechat/sb01-0043.scr,26144768,26145604,836,other,"in-house FaceChat / FaceData"
1085,/facechat/sb01-0044.scr,26145792,26146791,999,other,"in-house FaceChat / FaceData"
1086,/facechat/sb01-0045.scr,26146816,26147780,964,other,"in-house FaceChat / FaceData"
1087,/facechat/sb01-0046.scr,26147840,26147872,32,other,"in-house FaceChat / FaceData"
1088,/facechat/sb01-0047.scr,26148352,26148384,32,other,"in-house FaceChat / FaceData"
1089,/facechat/sb01-0048.scr,26148864,26150430,1566,other,"in-house FaceChat / FaceData"
1090,/facechat/sb01-0049.scr,26150912,26150944,32,other,"in-house FaceChat / FaceData"
1091,/facechat/sb01-0050.scr,26151424,26153810,2386,other,"in-house FaceChat / FaceData"
1092,/facechat/sb01-0051.scr,26153984,26154777,793,other,"in-house FaceChat / FaceData"
1093,/facechat/sb01-0052.scr,26155008,26156647,1639,other,"in-house FaceChat / FaceData"
1094,/facechat/sb01-0053.scr,26157056,26157920,864,other,"in-house FaceChat / FaceData"
1095,/facechat/sb01-0054.scr,26158080,26159417,1337,other,"in-house FaceChat / FaceData"
1096,/facechat/sb01-0055.scr,26159616,26161953,2337,other,"in-house FaceChat / FaceData"
1097,/facechat/sb01-0056.scr,26162176,26163263,1087,other,"in-house FaceChat / FaceData"
1098,/facechat/sb01-0057.scr,26163712,26166086,2374,other,"in-house FaceChat / FaceData"
1099,/facechat/sb01-0058.scr,26166272,26167662,1390,other,"in-house FaceChat / FaceData"
1100,/facechat/sb01-0059.scr,26167808,26169140,1332,other,"in-house FaceChat / FaceData"
1101,/facechat/sb01-0060.scr,26169344,26170867,1523,other,"in-house FaceChat / FaceData"
1102,/facechat/sb01-0061.scr,26170880,26172920,2040,other,"in-house FaceChat / FaceData"
1103,/facechat/sb01-0062.scr,26172928,26172960,32,other,"in-house FaceChat / FaceData"
1104,/facechat/sb01-0063.scr,26173440,26174411,971,other,"in-house FaceChat / FaceData"
1105,/facechat/sb01-0064.scr,26174464,26175978,1514,other,"in-house FaceChat / FaceData"
1106,/facechat/sb01-0065.scr,26176000,26178050,2050,other,"in-house FaceChat / FaceData"
1107,/facechat/sb01-0066.scr,26178560,26180230,1670,other,"in-house FaceChat / FaceData"
1108,/facechat/sb02-0001.scr,26180608,26180640,32,other,"in-house FaceChat / FaceData"
1109,/facechat/sb02-0002.scr,26181120,26182806,1686,other,"in-house FaceChat / FaceData"
1110,/facechat/sb02-0003.scr,26183168,26184261,1093,other,"in-house FaceChat / FaceData"
1111,/facechat/sb02-0004.scr,26184704,26186758,2054,other,"in-house FaceChat / FaceData"
1112,/facechat/sb02-0005.scr,26187264,26189328,2064,other,"in-house FaceChat / FaceData"
1113,/facechat/sb02-0006.scr,26189824,26192237,2413,other,"in-house FaceChat / FaceData"
1114,/facechat/sb02-0007.scr,26192384,26193259,875,other,"in-house FaceChat / FaceData"
1115,/facechat/sb02-0008.scr,26193408,26194871,1463,other,"in-house FaceChat / FaceData"
1116,/facechat/sb02-0009.scr,26194944,26196491,1547,other,"in-house FaceChat / FaceData"
1117,/facechat/sb02-0010.scr,26196992,26198841,1849,other,"in-house FaceChat / FaceData"
1118,/facechat/sb02-0011.scr,26199040,26200575,1535,other,"in-house FaceChat / FaceData"
1119,/facechat/sb02-0012.scr,26200576,26202902,2326,other,"in-house FaceChat / FaceData"
1120,/facechat/sb02-0013.scr,26203136,26204467,1331,other,"in-house FaceChat / FaceData"
1121,/facechat/sb02-0014.scr,26204672,26207756,3084,other,"in-house FaceChat / FaceData"
1122,/facechat/sb02-0015.scr,26208256,26209564,1308,other,"in-house FaceChat / FaceData"
1123,/facechat/sb02-0016.scr,26209792,26211191,1399,other,"in-house FaceChat / FaceData"
1124,/facechat/sb02-0017.scr,26211328,26211821,493,other,"in-house FaceChat / FaceData"
1125,/facechat/sb02-0018.scr,26211840,26211872,32,other,"in-house FaceChat / FaceData"
1126,/facechat/sb02-0019.scr,26212352,26212384,32,other,"in-house FaceChat / FaceData"
1127,/facechat/sb02-0020.scr,26212864,26214251,1387,other,"in-house FaceChat / FaceData"
1128,/facechat/sb02-0021.scr,26214400,26217012,2612,other,"in-house FaceChat / FaceData"
1129,/facechat/sb02-0022.scr,26217472,26218298,826,other,"in-house FaceChat / FaceData"
1130,/facechat/sb02-0023.scr,26218496,26219475,979,other,"in-house FaceChat / FaceData"
1131,/facechat/sb02-0024.scr,26219520,26220933,1413,other,"in-house FaceChat / FaceData"
1132,/facechat/sb02-0025.scr,26221056,26222290,1234,other,"in-house FaceChat / FaceData"
1133,/facechat/sb02-0026.scr,26222592,26222624,32,other,"in-house FaceChat / FaceData"
1134,/facechat/sb02-0027.scr,26223104,26224524,1420,other,"in-house FaceChat / FaceData"
1135,/facechat/sb02-0028.scr,26224640,26226418,1778,other,"in-house FaceChat / FaceData"
1136,/facechat/sb02-0029.scr,26226688,26227728,1040,other,"in-house FaceChat / FaceData"
1137,/facechat/sb02-0030.scr,26228224,26229465,1241,other,"in-house FaceChat / FaceData"
1138,/facechat/sb02-0031.scr,26229760,26231549,1789,other,"in-house FaceChat / FaceData"
1139,/facechat/sb02-0032.scr,26231808,26232988,1180,other,"in-house FaceChat / FaceData"
1140,/facechat/sb02-0033.scr,26233344,26234830,1486,other,"in-house FaceChat / FaceData"
1141,/facechat/sb02-0034.scr,26234880,26236293,1413,other,"in-house FaceChat / FaceData"
1142,/facechat/sb02-0035.scr,26236416,26238122,1706,other,"in-house FaceChat / FaceData"
1143,/facechat/sb02-0036.scr,26238464,26239766,1302,other,"in-house FaceChat / FaceData"
1144,/facechat/sb02-0037.scr,26240000,26240032,32,other,"in-house FaceChat / FaceData"
1145,/facechat/sb02-0038.scr,26240512,26242437,1925,other,"in-house FaceChat / FaceData"
1146,/facechat/sb02-0039.scr,26242560,26243842,1282,other,"in-house FaceChat / FaceData"
1147,/facechat/sb02-0040.scr,26244096,26245684,1588,other,"in-house FaceChat / FaceData"
1148,/facechat/sb02-0041.scr,26246144,26247806,1662,other,"in-house FaceChat / FaceData"
1149,/facechat/sb02-0042.scr,26248192,26249132,940,other,"in-house FaceChat / FaceData"
1150,/facechat/sb02-0043.scr,26249216,26250754,1538,other,"in-house FaceChat / FaceData"
1151,/facechat/sb02-0044.scr,26251264,26252492,1228,other,"in-house FaceChat / FaceData"
1152,/facechat/sb02-0045.scr,26252800,26254178,1378,other,"in-house FaceChat / FaceData"
1153,/facechat/sb04-0001.scr,26254336,26254709,373,other,"in-house FaceChat / FaceData"
1154,/facechat/sb04-0002.scr,26254848,26256302,1454,other,"in-house FaceChat / FaceData"
1155,/facechat/sb04-0003.scr,26256384,26257790,1406,other,"in-house FaceChat / FaceData"
1156,/facechat/sb04-0004.scr,26257920,26259287,1367,other,"in-house FaceChat / FaceData"
1157,/facechat/sb04-0005.scr,26259456,26260862,1406,other,"in-house FaceChat / FaceData"
1158,/facechat/sb04-0006.scr,26260992,26263586,2594,other,"in-house FaceChat / FaceData"
1159,/facechat/sb04-0007.scr,26264064,26264096,32,other,"in-house FaceChat / FaceData"
1160,/facechat/sb04-0008.scr,26264576,26265711,1135,other,"in-house FaceChat / FaceData"
1161,/facechat/sb04-0009.scr,26266112,26267511,1399,other,"in-house FaceChat / FaceData"
1162,/facechat/sb04-0010.scr,26267648,26269547,1899,other,"in-house FaceChat / FaceData"
1163,/facechat/sb04-0011.scr,26269696,26270305,609,other,"in-house FaceChat / FaceData"
1164,/facechat/sb04-0012.scr,26270720,26271558,838,other,"in-house FaceChat / FaceData"
1165,/facechat/sb04-0013.scr,26271744,26273418,1674,other,"in-house FaceChat / FaceData"
1166,/facechat/sb04-0014.scr,26273792,26274627,835,other,"in-house FaceChat / FaceData"
1167,/facechat/sb04-0015.scr,26274816,26277197,2381,other,"in-house FaceChat / FaceData"
1168,/facechat/sb04-0016.scr,26277376,26278213,837,other,"in-house FaceChat / FaceData"
1169,/facechat/sb04-0017.scr,26278400,26279954,1554,other,"in-house FaceChat / FaceData"
1170,/facechat/sb04-0018.scr,26280448,26281168,720,other,"in-house FaceChat / FaceData"
1171,/facechat/sb04-0019.scr,26281472,26283134,1662,other,"in-house FaceChat / FaceData"
1172,/facechat/sb04-0020.scr,26283520,26284357,837,other,"in-house FaceChat / FaceData"
1173,/facechat/sb04-0021.scr,26284544,26285062,518,other,"in-house FaceChat / FaceData"
1174,/facechat/sb04-0022.scr,26285568,26286261,693,other,"in-house FaceChat / FaceData"
1175,/facechat/sb04-0023.scr,26286592,26287458,866,other,"in-house FaceChat / FaceData"
1176,/facechat/sb04-0024.scr,26287616,26289108,1492,other,"in-house FaceChat / FaceData"
1177,/facechat/sb04-0025.scr,26289152,26289800,648,other,"in-house FaceChat / FaceData"
1178,/facechat/sb04-0026.scr,26290176,26290926,750,other,"in-house FaceChat / FaceData"
1179,/facechat/sb04-0027.scr,26291200,26293066,1866,other,"in-house FaceChat / FaceData"
1180,/facechat/sb04-0028.scr,26293248,26294870,1622,other,"in-house FaceChat / FaceData"
1181,/facechat/sb04-0029.scr,26295296,26296245,949,other,"in-house FaceChat / FaceData"
1182,/facechat/sb04-0030.scr,26296320,26298072,1752,other,"in-house FaceChat / FaceData"
1183,/facechat/sb04-0031.scr,26298368,26299002,634,other,"in-house FaceChat / FaceData"
1184,/facechat/sb04-0032.scr,26299392,26299976,584,other,"in-house FaceChat / FaceData"
1185,/facechat/sb04-0033.scr,26300416,26301194,778,other,"in-house FaceChat / FaceData"
1186,/facechat/sb04-0034.scr,26301440,26303870,2430,other,"in-house FaceChat / FaceData"
1187,/facechat/sb04-0035.scr,26304000,26304589,589,other,"in-house FaceChat / FaceData"
1188,/facechat/sb04-0036.scr,26305024,26306816,1792,other,"in-house FaceChat / FaceData"
1189,/facechat/sb04-0037.scr,26307072,26308805,1733,other,"in-house FaceChat / FaceData"
1190,/facechat/sb04-0038.scr,26309120,26310942,1822,other,"in-house FaceChat / FaceData"
1191,/facechat/sb04-0039.scr,26311168,26312457,1289,other,"in-house FaceChat / FaceData"
1192,/facechat/sb04-0040.scr,26312704,26314506,1802,other,"in-house FaceChat / FaceData"
1193,/facechat/sb04-0041.scr,26314752,26315743,991,other,"in-house FaceChat / FaceData"
1194,/facechat/sb04-0042.scr,26315776,26315808,32,other,"in-house FaceChat / FaceData"
1195,/facechat/sb04-0043.scr,26316288,26318341,2053,other,"in-house FaceChat / FaceData"
1196,/facechat/sb04-0044.scr,26318848,26318880,32,other,"in-house FaceChat / FaceData"
1197,/facechat/sb04-0045.scr,26319360,26321106,1746,other,"in-house FaceChat / FaceData"
1198,/facechat/sb04-0046.scr,26321408,26323236,1828,other,"in-house FaceChat / FaceData"
1199,/facechat/sb04-0047.scr,26323456,26326352,2896,other,"in-house FaceChat / FaceData"
1200,/facechat/sb04-0048.scr,26326528,26327568,1040,other,"in-house FaceChat / FaceData"
1201,/facechat/sb04-0049.scr,26328064,26328567,503,other,"in-house FaceChat / FaceData"
1202,/facechat/sb04-0050.scr,26328576,26330145,1569,other,"in-house FaceChat / FaceData"
1203,/facechat/sb04-0051.scr,26330624,26331716,1092,other,"in-house FaceChat / FaceData"
1204,/facechat/sb04-0052.scr,26332160,26333058,898,other,"in-house FaceChat / FaceData"
1205,/facechat/sb04-0053.scr,26333184,26334140,956,other,"in-house FaceChat / FaceData"
1206,/facechat/sb04-0054.scr,26334208,26336326,2118,other,"in-house FaceChat / FaceData"
1207,/facechat/sb04-0055.scr,26336768,26338094,1326,other,"in-house FaceChat / FaceData"
1208,/facechat/sb04-0056.scr,26338304,26340539,2235,other,"in-house FaceChat / FaceData"
1209,/facechat/sb04-0057.scr,26340864,26340896,32,other,"in-house FaceChat / FaceData"
1210,/facechat/sb04-0058.scr,26341376,26343465,2089,other,"in-house FaceChat / FaceData"
1211,/facechat/sb04-0059.scr,26343936,26344203,267,other,"in-house FaceChat / FaceData"
1212,/facechat/sb04-0060.scr,26344448,26345116,668,other,"in-house FaceChat / FaceData"
1213,/facechat/sb04-0061.scr,26345472,26346873,1401,other,"in-house FaceChat / FaceData"
1214,/facechat/sb04-0062.scr,26347008,26348635,1627,other,"in-house FaceChat / FaceData"
1215,/facechat/sb04-0063.scr,26349056,26349954,898,other,"in-house FaceChat / FaceData"
1216,/facechat/sb04-0064.scr,26350080,26352102,2022,other,"in-house FaceChat / FaceData"
1217,/facechat/sb04-0065.scr,26352128,26355161,3033,other,"in-house FaceChat / FaceData"
1218,/facechat/sb04-0066.scr,26355200,26356296,1096,other,"in-house FaceChat / FaceData"
1219,/facechat/sb04-0067.scr,26356736,26357221,485,other,"in-house FaceChat / FaceData"
1220,/facechat/sb04-0068.scr,26357248,26358097,849,other,"in-house FaceChat / FaceData"
1221,/facechat/sb04-0069.scr,26358272,26359239,967,other,"in-house FaceChat / FaceData"
1222,/facechat/sb04-0070.scr,26359296,26361017,1721,other,"in-house FaceChat / FaceData"
1223,/facechat/sb04-0071.scr,26361344,26362218,874,other,"in-house FaceChat / FaceData"
1224,/facechat/sb04-0072.scr,26362368,26363851,1483,other,"in-house FaceChat / FaceData"
1225,/facechat/sb04-0073.scr,26363904,26364930,1026,other,"in-house FaceChat / FaceData"
1226,/facechat/sb04-0074.scr,26365440,26367744,2304,other,"in-house FaceChat / FaceData"
1227,/facechat/sb04-0075.scr,26368000,26369837,1837,other,"in-house FaceChat / FaceData"
1228,/facechat/sb04-0076.scr,26370048,26370700,652,other,"in-house FaceChat / FaceData"
1229,/facechat/sb04-0077.scr,26371072,26375422,4350,other,"in-house FaceChat / FaceData"
1230,/facechat/sb04-0078.scr,26375680,26376761,1081,other,"in-house FaceChat / FaceData"
1231,/facechat/sb04-0079.scr,26377216,26379906,2690,other,"in-house FaceChat / FaceData"
1232,/facechat/sb04-0080.scr,26380288,26383133,2845,other,"in-house FaceChat / FaceData"
1233,/facechat/sb04-0081.scr,26383360,26384263,903,other,"in-house FaceChat / FaceData"
1234,/facechat/sb04-0082.scr,26384384,26385551,1167,other,"in-house FaceChat / FaceData"
1235,/facechat/sb04-0083.scr,26385920,26387967,2047,other,"in-house FaceChat / FaceData"
1236,/facechat/sb04-0084.scr,26387968,26389318,1350,other,"in-house FaceChat / FaceData"
1237,/facechat/sb04-0085.scr,26389504,26391310,1806,other,"in-house FaceChat / FaceData"
1238,/facechat/sb04-0086.scr,26391552,26392253,701,other,"in-house FaceChat / FaceData"
1239,/facechat/sb04-0087.scr,26392576,26394046,1470,other,"in-house FaceChat / FaceData"
1240,/facechat/sb04-0088.scr,26394112,26396762,2650,other,"in-house FaceChat / FaceData"
1241,/facechat/sb04-0089.scr,26397184,26398528,1344,other,"in-house FaceChat / FaceData"
1242,/facechat/sb04-0090.scr,26398720,26399704,984,other,"in-house FaceChat / FaceData"
1243,/facechat/sb04-0091.scr,26399744,26402119,2375,other,"in-house FaceChat / FaceData"
1244,/facechat/sb04-0092.scr,26402304,26402336,32,other,"in-house FaceChat / FaceData"
1245,/facechat/sb04-0093.scr,26402816,26403766,950,other,"in-house FaceChat / FaceData"
1246,/facechat/sb04-0094.scr,26403840,26404619,779,other,"in-house FaceChat / FaceData"
1247,/facechat/sb04-0095.scr,26404864,26406030,1166,other,"in-house FaceChat / FaceData"
1248,/facechat/sb04-0096.scr,26406400,26406432,32,other,"in-house FaceChat / FaceData"
1249,/facechat/sb04-0097.scr,26406912,26408833,1921,other,"in-house FaceChat / FaceData"
1250,/facechat/sb04-0098.scr,26408960,26409886,926,other,"in-house FaceChat / FaceData"
1251,/facechat/sb04-0099.scr,26409984,26411208,1224,other,"in-house FaceChat / FaceData"
1252,/facechat/sb04-0100.scr,26411520,26414004,2484,other,"in-house FaceChat / FaceData"
1253,/facechat/sb04-0101.scr,26414080,26414531,451,other,"in-house FaceChat / FaceData"
1254,/facechat/sb04-0102.scr,26414592,26416371,1779,other,"in-house FaceChat / FaceData"
1255,/facechat/sb04-0103.scr,26416640,26418125,1485,other,"in-house FaceChat / FaceData"
1256,/facechat/sb04-0104.scr,26418176,26419568,1392,other,"in-house FaceChat / FaceData"
1257,/facechat/sb04-0105.scr,26419712,26420550,838,other,"in-house FaceChat / FaceData"
1258,/facechat/sb04-0106.scr,26420736,26421628,892,other,"in-house FaceChat / FaceData"
1259,/facechat/sb04-0107.scr,26421760,26423600,1840,other,"in-house FaceChat / FaceData"
1260,/facechat/sb04-0108.scr,26423808,26425800,1992,other,"in-house FaceChat / FaceData"
1261,/facechat/sb04-0109.scr,26425856,26427218,1362,other,"in-house FaceChat / FaceData"
1262,/facechat/sb04-0110.scr,26427392,26428232,840,other,"in-house FaceChat / FaceData"
1263,/facechat/sb04-0111.scr,26428416,26429779,1363,other,"in-house FaceChat / FaceData"
1264,/facechat/sb04-0112.scr,26429952,26430820,868,other,"in-house FaceChat / FaceData"
1265,/facechat/sb04-0113.scr,26430976,26433321,2345,other,"in-house FaceChat / FaceData"
1266,/facechat/sb04-0114.scr,26433536,26434210,674,other,"in-house FaceChat / FaceData"
1267,/facechat/sb04-0115.scr,26434560,26435677,1117,other,"in-house FaceChat / FaceData"
1268,/facechat/sb04-0116.scr,26436096,26437150,1054,other,"in-house FaceChat / FaceData"
1269,/facechat/sb04-0117.scr,26437632,26440720,3088,other,"in-house FaceChat / FaceData"
1270,/facechat/sb04-0118.scr,26441216,26443379,2163,other,"in-house FaceChat / FaceData"
1271,/facechat/sb04-0119.scr,26443776,26445626,1850,other,"in-house FaceChat / FaceData"
1272,/facechat/sb04-0120.scr,26445824,26447538,1714,other,"in-house FaceChat / FaceData"
1273,/facechat/sb04-0121.scr,26447872,26448945,1073,other,"in-house FaceChat / FaceData"
1274,/facechat/sb04-0122.scr,26449408,26449440,32,other,"in-house FaceChat / FaceData"
1275,/facechat/sb04-0123.scr,26449920,26451056,1136,other,"in-house FaceChat / FaceData"
1276,/facechat/sb04-0124.scr,26451456,26452954,1498,other,"in-house FaceChat / FaceData"
1277,/facechat/sb04-0125.scr,26452992,26454062,1070,other,"in-house FaceChat / FaceData"
1278,/facechat/sb04-0126.scr,26454528,26456141,1613,other,"in-house FaceChat / FaceData"
1279,/facechat/sb04-0127.scr,26456576,26457916,1340,other,"in-house FaceChat / FaceData"
1280,/facechat/sb04-0128.scr,26458112,26458144,32,other,"in-house FaceChat / FaceData"
1281,/facechat/sb04-0129.scr,26458624,26459323,699,other,"in-house FaceChat / FaceData"
1282,/facechat/sb04-0130.scr,26459648,26460556,908,other,"in-house FaceChat / FaceData"
1283,/facechat/sb04-0131.scr,26460672,26461437,765,other,"in-house FaceChat / FaceData"
1284,/facechat/sb04-0132.scr,26461696,26462911,1215,other,"in-house FaceChat / FaceData"
1285,/facechat/sb04-0133.scr,26463232,26463264,32,other,"in-house FaceChat / FaceData"
1286,/facechat/sb04-0134.scr,26463744,26465628,1884,other,"in-house FaceChat / FaceData"
1287,/facechat/sb04-0135.scr,26465792,26467452,1660,other,"in-house FaceChat / FaceData"
1288,/facechat/sb04-0136.scr,26467840,26468792,952,other,"in-house FaceChat / FaceData"
1289,/facechat/sb04-0137.scr,26468864,26470012,1148,other,"in-house FaceChat / FaceData"
1290,/facechat/sb04-0138.scr,26470400,26471279,879,other,"in-house FaceChat / FaceData"
1291,/facechat/sb04-0139.scr,26471424,26472341,917,other,"in-house FaceChat / FaceData"
1292,/facechat/sb04-0140.scr,26472448,26472480,32,other,"in-house FaceChat / FaceData"
1293,/facechat/sb04-0141.scr,26472960,26474213,1253,other,"in-house FaceChat / FaceData"
1294,/facechat/sb04-0142.scr,26474496,26475031,535,other,"in-house FaceChat / FaceData"
1295,/facechat/sb04-0143.scr,26475520,26476474,954,other,"in-house FaceChat / FaceData"
1296,/facechat/sb04-0144.scr,26476544,26478041,1497,other,"in-house FaceChat / FaceData"
1297,/facechat/sb04-0145.scr,26478080,26479809,1729,other,"in-house FaceChat / FaceData"
1298,/facechat/sb04-0146.scr,26480128,26481676,1548,other,"in-house FaceChat / FaceData"
1299,/facechat/sb04-0147.scr,26482176,26483709,1533,other,"in-house FaceChat / FaceData"
1300,/facechat/sb04-0148.scr,26483712,26485018,1306,other,"in-house FaceChat / FaceData"
1301,/facechat/sb04-0149.scr,26485248,26485417,169,other,"in-house FaceChat / FaceData"
1302,/facechat/sb04-0150.scr,26485760,26485962,202,other,"in-house FaceChat / FaceData"
1303,/facechat/sb04-0151.scr,26486272,26487457,1185,other,"in-house FaceChat / FaceData"
1304,/facechat/sb04-0152.scr,26487808,26488807,999,other,"in-house FaceChat / FaceData"
1305,/facechat/sb04-0153.scr,26488832,26489221,389,other,"in-house FaceChat / FaceData"
1306,/facechat/sb04-0154.scr,26489344,26489534,190,other,"in-house FaceChat / FaceData"
1307,/facechat/sb04-0155.scr,26489856,26490092,236,other,"in-house FaceChat / FaceData"
1308,/facechat/sb04-0156.scr,26490368,26490598,230,other,"in-house FaceChat / FaceData"
1309,/facechat/sb04-0157.scr,26490880,26491118,238,other,"in-house FaceChat / FaceData"
1310,/facechat/sb04-0158.scr,26491392,26491859,467,other,"in-house FaceChat / FaceData"
1311,/facechat/sb04-0159.scr,26491904,26492695,791,other,"in-house FaceChat / FaceData"
1312,/facechat/sb04-0160.scr,26492928,26493444,516,other,"in-house FaceChat / FaceData"
1313,/facechat/sb04-0161.scr,26493952,26494229,277,other,"in-house FaceChat / FaceData"
1314,/facechat/sb05-0001.scr,26494464,26495496,1032,other,"in-house FaceChat / FaceData"
1315,/facechat/sb05-0002.scr,26496000,26497787,1787,other,"in-house FaceChat / FaceData"
1316,/facechat/sb05-0003.scr,26498048,26499092,1044,other,"in-house FaceChat / FaceData"
1317,/facechat/sb05-0004.scr,26499584,26501354,1770,other,"in-house FaceChat / FaceData"
1318,/facechat/sb05-0005.scr,26501632,26502911,1279,other,"in-house FaceChat / FaceData"
1319,/facechat/sb05-0006.scr,26503168,26505506,2338,other,"in-house FaceChat / FaceData"
1320,/facechat/sb05-0007.scr,26505728,26506777,1049,other,"in-house FaceChat / FaceData"
1321,/facechat/sb05-0008.scr,26507264,26508153,889,other,"in-house FaceChat / FaceData"
1322,/facechat/sb05-0009.scr,26508288,26509360,1072,other,"in-house FaceChat / FaceData"
1323,/facechat/sb05-0010.scr,26509824,26510655,831,other,"in-house FaceChat / FaceData"
1324,/facechat/sb05-0011.scr,26510848,26512199,1351,other,"in-house FaceChat / FaceData"
1325,/facechat/sb05-0012.scr,26512384,26513120,736,other,"in-house FaceChat / FaceData"
1326,/facechat/sb05-0013.scr,26513408,26514110,702,other,"in-house FaceChat / FaceData"
1327,/facechat/sb05-0014.scr,26514432,26516093,1661,other,"in-house FaceChat / FaceData"
1328,/facechat/sb05-0015.scr,26516480,26518661,2181,other,"in-house FaceChat / FaceData"
1329,/facechat/sb05-0016.scr,26519040,26519733,693,other,"in-house FaceChat / FaceData"
1330,/facechat/sb05-0017.scr,26520064,26521135,1071,other,"in-house FaceChat / FaceData"
1331,/facechat/sb05-0018.scr,26521600,26523528,1928,other,"in-house FaceChat / FaceData"
1332,/facechat/sb05-0019.scr,26523648,26525719,2071,other,"in-house FaceChat / FaceData"
1333,/facechat/sb05-0020.scr,26526208,26528143,1935,other,"in-house FaceChat / FaceData"
1334,/facechat/sb05-0021.scr,26528256,26529529,1273,other,"in-house FaceChat / FaceData"
1335,/facechat/sb05-0022.scr,26529792,26530456,664,other,"in-house FaceChat / FaceData"
1336,/facechat/sb05-0023.scr,26530816,26532639,1823,other,"in-house FaceChat / FaceData"
1337,/facechat/sb05-0024.scr,26532864,26534858,1994,other,"in-house FaceChat / FaceData"
1338,/facechat/sb05-0025.scr,26534912,26536091,1179,other,"in-house FaceChat / FaceData"
1339,/facechat/sb05-0026.scr,26536448,26538015,1567,other,"in-house FaceChat / FaceData"
1340,/facechat/sb05-0027.scr,26538496,26539807,1311,other,"in-house FaceChat / FaceData"
1341,/facechat/sb05-0028.scr,26540032,26541694,1662,other,"in-house FaceChat / FaceData"
1342,/facechat/sb05-0029.scr,26542080,26543584,1504,other,"in-house FaceChat / FaceData"
1343,/facechat/sb05-0030.scr,26543616,26545275,1659,other,"in-house FaceChat / FaceData"
1344,/facechat/sb05-0031.scr,26545664,26546825,1161,other,"in-house FaceChat / FaceData"
1345,/facechat/sb05-0032.scr,26547200,26548139,939,other,"in-house FaceChat / FaceData"
1346,/facechat/sb05-0033.scr,26548224,26549683,1459,other,"in-house FaceChat / FaceData"
1347,/facechat/sb05-0034.scr,26549760,26550861,1101,other,"in-house FaceChat / FaceData"
1348,/facechat/sb05-0035.scr,26551296,26552278,982,other,"in-house FaceChat / FaceData"
1349,/facechat/sb05-0036.scr,26552320,26552833,513,other,"in-house FaceChat / FaceData"
1350,/facechat/sb05-0037.scr,26553344,26554878,1534,other,"in-house FaceChat / FaceData"
1351,/facechat/sb05-0038.scr,26554880,26556007,1127,other,"in-house FaceChat / FaceData"
1352,/facechat/sb05-0039.scr,26556416,26557914,1498,other,"in-house FaceChat / FaceData"
1353,/facechat/sb05-0040.scr,26557952,26559326,1374,other,"in-house FaceChat / FaceData"
1354,/facechat/sb05-0041.scr,26559488,26560404,916,other,"in-house FaceChat / FaceData"
1355,/facechat/sb05-0042.scr,26560512,26561637,1125,other,"in-house FaceChat / FaceData"
1356,/facechat/sb05-0043.scr,26562048,26563467,1419,other,"in-house FaceChat / FaceData"
1357,/facechat/sb05-0044.scr,26563584,26564621,1037,other,"in-house FaceChat / FaceData"
1358,/facechat/sb05-0045.scr,26565120,26566113,993,other,"in-house FaceChat / FaceData"
1359,/facechat/sb05-0046.scr,26566144,26567856,1712,other,"in-house FaceChat / FaceData"
1360,/facechat/sb05-0047.scr,26568192,26569986,1794,other,"in-house FaceChat / FaceData"
1361,/facechat/sb05-0048.scr,26570240,26571473,1233,other,"in-house FaceChat / FaceData"
1362,/facechat/sb05-0049.scr,26571776,26573217,1441,other,"in-house FaceChat / FaceData"
1363,/facechat/sb05-0050.scr,26573312,26575396,2084,other,"in-house FaceChat / FaceData"
1364,/facechat/sb05-0051.scr,26575872,26577502,1630,other,"in-house FaceChat / FaceData"
1365,/facechat/sb05-0052.scr,26577920,26579697,1777,other,"in-house FaceChat / FaceData"
1366,/facechat/sb05-0053.scr,26579968,26582158,2190,other,"in-house FaceChat / FaceData"
1367,/facechat/sb05-0054.scr,26582528,26583872,1344,other,"in-house FaceChat / FaceData"
1368,/facechat/sb05-0055.scr,26584064,26585657,1593,other,"in-house FaceChat / FaceData"
1369,/facechat/sb05-0056.scr,26586112,26587250,1138,other,"in-house FaceChat / FaceData"
1370,/facechat/sb05-0057.scr,26587648,26589324,1676,other,"in-house FaceChat / FaceData"
1371,/facechat/sb05-0058.scr,26589696,26592135,2439,other,"in-house FaceChat / FaceData"
1372,/facechat/sb05-0059.scr,26592256,26593814,1558,other,"in-house FaceChat / FaceData"
1373,/facechat/sb05-0060.scr,26594304,26595266,962,other,"in-house FaceChat / FaceData"
1374,/facechat/sb05-0061.scr,26595328,26596746,1418,other,"in-house FaceChat / FaceData"
1375,/facechat/sb05-0062.scr,26596864,26598071,1207,other,"in-house FaceChat / FaceData"
1376,/facechat/sb05-0063.scr,26598400,26599359,959,other,"in-house FaceChat / FaceData"
1377,/facechat/sb05-0064.scr,26599424,26601379,1955,other,"in-house FaceChat / FaceData"
1378,/facechat/sb05-0065.scr,26601472,26603286,1814,other,"in-house FaceChat / FaceData"
1379,/facechat/sb05-0066.scr,26603520,26604537,1017,other,"in-house FaceChat / FaceData"
1380,/facechat/sb05-0067.scr,26604544,26605870,1326,other,"in-house FaceChat / FaceData"
1381,/facechat/sb05-0068.scr,26606080,26607923,1843,other,"in-house FaceChat / FaceData"
1382,/facechat/sb05-0069.scr,26608128,26609486,1358,other,"in-house FaceChat / FaceData"
1383,/facechat/sb05-0070.scr,26609664,26611199,1535,other,"in-house FaceChat / FaceData"
1384,/facechat/sb05-0071.scr,26611200,26612961,1761,other,"in-house FaceChat / FaceData"
1385,/facechat/sb05-0072.scr,26613248,26614611,1363,other,"in-house FaceChat / FaceData"
1386,/facechat/sb05-0073.scr,26614784,26616362,1578,other,"in-house FaceChat / FaceData"
1387,/facechat/sb05-0074.scr,26616832,26618149,1317,other,"in-house FaceChat / FaceData"
1388,/facechat/sb05-0075.scr,26618368,26619477,1109,other,"in-house FaceChat / FaceData"
1389,/facechat/sb05-0076.scr,26619904,26622042,2138,other,"in-house FaceChat / FaceData"
1390,/facechat/sb05-0077.scr,26622464,26624489,2025,other,"in-house FaceChat / FaceData"
1391,/facechat/sb05-0078.scr,26624512,26626096,1584,other,"in-house FaceChat / FaceData"
1392,/facechat/sb05-0079.scr,26626560,26627577,1017,other,"in-house FaceChat / FaceData"
1393,/facechat/sb05-0080.scr,26627584,26629092,1508,other,"in-house FaceChat / FaceData"
1394,/facechat/sb05-0081.scr,26629120,26630782,1662,other,"in-house FaceChat / FaceData"
1395,/facechat/sb05-0082.scr,26631168,26633045,1877,other,"in-house FaceChat / FaceData"
1396,/facechat/sb05-0083.scr,26633216,26635132,1916,other,"in-house FaceChat / FaceData"
1397,/facechat/sb05-0084.scr,26635264,26636458,1194,other,"in-house FaceChat / FaceData"
1398,/facechat/sb05-0085.scr,26636800,26638437,1637,other,"in-house FaceChat / FaceData"
1399,/facechat/sb05-0086.scr,26638848,26640520,1672,other,"in-house FaceChat / FaceData"
1400,/facechat/sb05-0087.scr,26640896,26641634,738,other,"in-house FaceChat / FaceData"
1401,/facechat/sb05-0088.scr,26641920,26644389,2469,other,"in-house FaceChat / FaceData"
1402,/facechat/sb05-0089.scr,26644480,26645894,1414,other,"in-house FaceChat / FaceData"
1403,/facechat/sb05-0090.scr,26646016,26647621,1605,other,"in-house FaceChat / FaceData"
1404,/facechat/sb05-0091.scr,26648064,26649422,1358,other,"in-house FaceChat / FaceData"
1405,/facechat/sb05-0092.scr,26649600,26651275,1675,other,"in-house FaceChat / FaceData"
1406,/facechat/sb05-0093.scr,26651648,26653147,1499,other,"in-house FaceChat / FaceData"
1407,/facechat/sb05-0094.scr,26653184,26654680,1496,other,"in-house FaceChat / FaceData"
1408,/facechat/sb05-0095.scr,26654720,26656548,1828,other,"in-house FaceChat / FaceData"
1409,/facechat/sb05-0096.scr,26656768,26659515,2747,other,"in-house FaceChat / FaceData"
1410,/facechat/sb05-0097.scr,26659840,26661783,1943,other,"in-house FaceChat / FaceData"
1411,/facechat/sb05-0098.scr,26661888,26663459,1571,other,"in-house FaceChat / FaceData"
1412,/facechat/sb05-0099.scr,26663936,26666598,2662,other,"in-house FaceChat / FaceData"
1413,/facechat/sb05-0100.scr,26667008,26668659,1651,other,"in-house FaceChat / FaceData"
1414,/facechat/sb05-0101.scr,26669056,26671210,2154,other,"in-house FaceChat / FaceData"
1415,/facechat/sb05-0102.scr,26671616,26673200,1584,other,"in-house FaceChat / FaceData"
1416,/facechat/sb05-0103.scr,26673664,26675114,1450,other,"in-house FaceChat / FaceData"
1417,/facechat/sb05-0104.scr,26675200,26676154,954,other,"in-house FaceChat / FaceData"
1418,/facechat/sb05-0105.scr,26676224,26678074,1850,other,"in-house FaceChat / FaceData"
1419,/facechat/sb05-0106.scr,26678272,26679903,1631,other,"in-house FaceChat / FaceData"
1420,/facechat/sb05-0107.scr,26680320,26681906,1586,other,"in-house FaceChat / FaceData"
1421,/facechat/sb05-0108.scr,26682368,26684896,2528,other,"in-house FaceChat / FaceData"
1422,/facechat/sb06-0001.scr,26684928,26685693,765,other,"in-house FaceChat / FaceData"
1423,/facechat/sb06-0002.scr,26685952,26686755,803,other,"in-house FaceChat / FaceData"
1424,/facechat/sb06-0003.scr,26686976,26687825,849,other,"in-house FaceChat / FaceData"
1425,/facechat/sb06-0004.scr,26688000,26688528,528,other,"in-house FaceChat / FaceData"
1426,/facechat/sb06-0005.scr,26689024,26689865,841,other,"in-house FaceChat / FaceData"
1427,/facechat/sb06-0006.scr,26690048,26690786,738,other,"in-house FaceChat / FaceData"
1428,/facechat/sb06-0007.scr,26691072,26691975,903,other,"in-house FaceChat / FaceData"
1429,/facechat/sb06-0008.scr,26692096,26692713,617,other,"in-house FaceChat / FaceData"
1430,/facechat/sb06-0009.scr,26693120,26694108,988,other,"in-house FaceChat / FaceData"
1431,/facechat/sb06-0010.scr,26694144,26694695,551,other,"in-house FaceChat / FaceData"
1432,/facechat/sb06-0011.scr,26695168,26695961,793,other,"in-house FaceChat / FaceData"
1433,/facechat/sb06-0012.scr,26696192,26696721,529,other,"in-house FaceChat / FaceData"
1434,/facechat/sb06-0013.scr,26697216,26697894,678,other,"in-house FaceChat / FaceData"
1435,/facechat/sb06-0014.scr,26698240,26698984,744,other,"in-house FaceChat / FaceData"
1436,/facechat/sb06-0015.scr,26699264,26700035,771,other,"in-house FaceChat / FaceData"
1437,/facechat/sb06-0016.scr,26700288,26701265,977,other,"in-house FaceChat / FaceData"
1438,/facechat/sb06-0017.scr,26701312,26701914,602,other,"in-house FaceChat / FaceData"
1439,/facechat/sb06-0018.scr,26702336,26703246,910,other,"in-house FaceChat / FaceData"
1440,/facechat/sb06-0019.scr,26703360,26704108,748,other,"in-house FaceChat / FaceData"
1441,/facechat/sb06-0020.scr,26704384,26705274,890,other,"in-house FaceChat / FaceData"
1442,/facechat/sb06-0021.scr,26705408,26706534,1126,other,"in-house FaceChat / FaceData"
1443,/facechat/sb06-0022.scr,26706944,26707747,803,other,"in-house FaceChat / FaceData"
1444,/facechat/sb06-0023.scr,26707968,26708823,855,other,"in-house FaceChat / FaceData"
1445,/facechat/sb06-0024.scr,26708992,26709788,796,other,"in-house FaceChat / FaceData"
1446,/facechat/sb06-0025.scr,26710016,26710961,945,other,"in-house FaceChat / FaceData"
1447,/facechat/sb06-0026.scr,26711040,26711521,481,other,"in-house FaceChat / FaceData"
1448,/facechat/sb06-0027.scr,26711552,26712218,666,other,"in-house FaceChat / FaceData"
1449,/facechat/sb06-0028.scr,26712576,26713315,739,other,"in-house FaceChat / FaceData"
1450,/facechat/sb06-0029.scr,26713600,26714449,849,other,"in-house FaceChat / FaceData"
1451,/facechat/sb06-0030.scr,26714624,26715705,1081,other,"in-house FaceChat / FaceData"
1452,/facechat/sb06-0031.scr,26716160,26717002,842,other,"in-house FaceChat / FaceData"
1453,/facechat/sb06-0032.scr,26717184,26718327,1143,other,"in-house FaceChat / FaceData"
1454,/facechat/sb06-0033.scr,26718720,26720130,1410,other,"in-house FaceChat / FaceData"
1455,/facechat/sb06-0034.scr,26720256,26720833,577,other,"in-house FaceChat / FaceData"
1456,/facechat/sb06-0035.scr,26721280,26722212,932,other,"in-house FaceChat / FaceData"
1457,/facechat/sb06-0036.scr,26722304,26723092,788,other,"in-house FaceChat / FaceData"
1458,/facechat/sb06-0037.scr,26723328,26723907,579,other,"in-house FaceChat / FaceData"
1459,/facechat/sb06-0038.scr,26724352,26725174,822,other,"in-house FaceChat / FaceData"
1460,/facechat/sb06-0039.scr,26725376,26726547,1171,other,"in-house FaceChat / FaceData"
1461,/facechat/sb06-0040.scr,26726912,26727927,1015,other,"in-house FaceChat / FaceData"
1462,/facechat/sb06-0041.scr,26727936,26729288,1352,other,"in-house FaceChat / FaceData"
1463,/facechat/sb06-0042.scr,26729472,26730221,749,other,"in-house FaceChat / FaceData"
1464,/facechat/sb06-0043.scr,26730496,26731626,1130,other,"in-house FaceChat / FaceData"
1465,/facechat/sb06-0044.scr,26732032,26733341,1309,other,"in-house FaceChat / FaceData"
1466,/facechat/sb06-0045.scr,26733568,26735013,1445,other,"in-house FaceChat / FaceData"
1467,/facechat/sb06-0046.scr,26735104,26736397,1293,other,"in-house FaceChat / FaceData"
1468,/facechat/sb06-0047.scr,26736640,26737678,1038,other,"in-house FaceChat / FaceData"
1469,/facechat/sb06-0048.scr,26738176,26739562,1386,other,"in-house FaceChat / FaceData"
1470,/facechat/sb06-0049.scr,26739712,26740888,1176,other,"in-house FaceChat / FaceData"
1471,/facechat/sb06-0050.scr,26741248,26742418,1170,other,"in-house FaceChat / FaceData"
1472,/facechat/sb06-0051.scr,26742784,26743610,826,other,"in-house FaceChat / FaceData"
1473,/facechat/sb06-0052.scr,26743808,26745315,1507,other,"in-house FaceChat / FaceData"
1474,/facechat/sb06-0053.scr,26745344,26746179,835,other,"in-house FaceChat / FaceData"
1475,/facechat/sb07-0001.scr,26746368,26752381,6013,other,"in-house FaceChat / FaceData"
1476,/facechat/sb07-0002.scr,26752512,26754426,1914,other,"in-house FaceChat / FaceData"
1477,/facechat/sb07-0003.scr,26754560,26756143,1583,other,"in-house FaceChat / FaceData"
1478,/facechat/sb07-0004.scr,26756608,26757952,1344,other,"in-house FaceChat / FaceData"
1479,/facechat/sb07-0005.scr,26758144,26762927,4783,other,"in-house FaceChat / FaceData"
1480,/facechat/sb07-0006.scr,26763264,26767376,4112,other,"in-house FaceChat / FaceData"
1481,/facechat/sb07-0007.scr,26767872,26769049,1177,other,"in-house FaceChat / FaceData"
1482,/facechat/sb07-0008.scr,26769408,26769826,418,other,"in-house FaceChat / FaceData"
1483,/facechat/sb07-0009.scr,26769920,26773583,3663,other,"in-house FaceChat / FaceData"
1484,/facechat/sb07-0010.scr,26774016,26775268,1252,other,"in-house FaceChat / FaceData"
1485,/facechat/sb07-0011.scr,26775552,26776289,737,other,"in-house FaceChat / FaceData"
1486,/facechat/sb07-0012.scr,26776576,26781087,4511,other,"in-house FaceChat / FaceData"
1487,/facechat/sb07-0013.scr,26781184,26782239,1055,other,"in-house FaceChat / FaceData"
1488,/facechat/sb07-0014.scr,26782720,26784970,2250,other,"in-house FaceChat / FaceData"
1489,/facechat/sb07-0015.scr,26785280,26790849,5569,other,"in-house FaceChat / FaceData"
1490,/facechat/sb07-0016.scr,26790912,26792282,1370,other,"in-house FaceChat / FaceData"
1491,/facechat/sb07-0017.scr,26792448,26794476,2028,other,"in-house FaceChat / FaceData"
1492,/facechat/sb07-0018.scr,26794496,26798119,3623,other,"in-house FaceChat / FaceData"
1493,/facechat/sb07-0019.scr,26798592,26799861,1269,other,"in-house FaceChat / FaceData"
1494,/facechat/sb07-0020.scr,26800128,26802328,2200,other,"in-house FaceChat / FaceData"
1495,/facechat/sb07-0021.scr,26802688,26804892,2204,other,"in-house FaceChat / FaceData"
1496,/facechat/sb07-0022.scr,26805248,26808255,3007,other,"in-house FaceChat / FaceData"
1497,/facechat/sb07-0023.scr,26808320,26812125,3805,other,"in-house FaceChat / FaceData"
1498,/facechat/sb07-0024.scr,26812416,26813912,1496,other,"in-house FaceChat / FaceData"
1499,/facechat/sb08-0001.scr,26813952,26815849,1897,other,"in-house FaceChat / FaceData"
1500,/facechat/sb08-0002.scr,26816000,26817703,1703,other,"in-house FaceChat / FaceData"
1501,/facechat/sb08-0003.scr,26818048,26820403,2355,other,"in-house FaceChat / FaceData"
1502,/facechat/sb08-0004.scr,26820608,26821794,1186,other,"in-house FaceChat / FaceData"
1503,/facechat/sb08-0005.scr,26822144,26824085,1941,other,"in-house FaceChat / FaceData"
1504,/facechat/sb08-0006.scr,26824192,26826436,2244,other,"in-house FaceChat / FaceData"
1505,/facechat/sb08-0007.scr,26826752,26828444,1692,other,"in-house FaceChat / FaceData"
1506,/facechat/sb08-0008.scr,26828800,26830705,1905,other,"in-house FaceChat / FaceData"
1507,/facechat/sb08-0009.scr,26830848,26832992,2144,other,"in-house FaceChat / FaceData"
1508,/facechat/sb08-0010.scr,26833408,26836039,2631,other,"in-house FaceChat / FaceData"
1509,/facechat/sb08-0011.scr,26836480,26837342,862,other,"in-house FaceChat / FaceData"
1510,/facechat/sb08-0012.scr,26837504,26839017,1513,other,"in-house FaceChat / FaceData"
1511,/facechat/sb08-0013.scr,26839040,26839855,815,other,"in-house FaceChat / FaceData"
1512,/facechat/sb08-0014.scr,26840064,26841491,1427,other,"in-house FaceChat / FaceData"
1513,/facechat/sb08-0015.scr,26841600,26842968,1368,other,"in-house FaceChat / FaceData"
1514,/facechat/sb08-0016.scr,26843136,26844832,1696,other,"in-house FaceChat / FaceData"
1515,/facechat/sb08-0017.scr,26845184,26847486,2302,other,"in-house FaceChat / FaceData"
1516,/facechat/sb08-0018.scr,26847744,26849162,1418,other,"in-house FaceChat / FaceData"
1517,/facechat/sb08-0019.scr,26849280,26850617,1337,other,"in-house FaceChat / FaceData"
1518,/facechat/sb08-0020.scr,26850816,26851465,649,other,"in-house FaceChat / FaceData"
1519,/facechat/sb08-0021.scr,26851840,26853306,1466,other,"in-house FaceChat / FaceData"
1520,/facechat/sb08-0022.scr,26853376,26853747,371,other,"in-house FaceChat / FaceData"
1521,/facechat/sb08-0023.scr,26853888,26855133,1245,other,"in-house FaceChat / FaceData"
1522,/facechat/sb08-0024.scr,26855424,26856772,1348,other,"in-house FaceChat / FaceData"
1523,/facechat/sb08-0025.scr,26856960,26857385,425,other,"in-house FaceChat / FaceData"
1524,/facechat/sb08-0026.scr,26857472,26857810,338,other,"in-house FaceChat / FaceData"
1525,/facechat/sb09-0001.scr,26857984,26859181,1197,other,"in-house FaceChat / FaceData"
1526,/facechat/sb09-0002.scr,26859520,26860619,1099,other,"in-house FaceChat / FaceData"
1527,/facechat/sb09-0003.scr,26861056,26862283,1227,other,"in-house FaceChat / FaceData"
1528,/facechat/sb09-0004.scr,26862592,26863787,1195,other,"in-house FaceChat / FaceData"
1529,/facechat/sb09-0005.scr,26864128,26864983,855,other,"in-house FaceChat / FaceData"
1530,/facechat/sb09-0006.scr,26865152,26865460,308,other,"in-house FaceChat / FaceData"
1531,/facechat/sb09-0007.scr,26865664,26866513,849,other,"in-house FaceChat / FaceData"
1532,/facechat/sb09-0008.scr,26866688,26867340,652,other,"in-house FaceChat / FaceData"
1533,/facechat/sb09-0009.scr,26867712,26868585,873,other,"in-house FaceChat / FaceData"
1534,/facechat/sb09-0010.scr,26868736,26869423,687,other,"in-house FaceChat / FaceData"
1535,/facechat/sb09-0011.scr,26869760,26876217,6457,other,"in-house FaceChat / FaceData"
1536,/facechat/skit.nbfc,26876416,26877440,1024,2D graphics,"Nitro basic format, character data"
1537,/facechat/skit.nbfp,26877440,26877952,512,2D graphics,"Nitro basic format, palette, 256 entries"
1538,/facechat/skit.nbfs,26877952,26877984,32,2D graphics,"Nitro basic format, screen map"
1539,/facedata/EB.bin,26878464,26890944,12480,2D graphics,"in-house DSpr sprite set"
1540,/facedata/face00_1.fdt,26891264,26908176,16912,other,"in-house FaceChat / FaceData"
1541,/facedata/face01_1.fdt,26908672,26925584,16912,other,"in-house FaceChat / FaceData"
1542,/facedata/face01_2.fdt,26926080,26942992,16912,other,"in-house FaceChat / FaceData"
1543,/facedata/face01_3.fdt,26943488,26960400,16912,other,"in-house FaceChat / FaceData"
1544,/facedata/face01_4.fdt,26960896,26977808,16912,other,"in-house FaceChat / FaceData"
1545,/facedata/face01_5.fdt,26978304,26995216,16912,other,"in-house FaceChat / FaceData"
1546,/facedata/face01_6.fdt,26995712,27012624,16912,other,"in-house FaceChat / FaceData"
1547,/facedata/face02_1.fdt,27013120,27030032,16912,other,"in-house FaceChat / FaceData"
1548,/facedata/face02_2.fdt,27030528,27047440,16912,other,"in-house FaceChat / FaceData"
1549,/facedata/face02_3.fdt,27047936,27064848,16912,other,"in-house FaceChat / FaceData"
1550,/facedata/face02_4.fdt,27065344,27082256,16912,other,"in-house FaceChat / FaceData"
1551,/facedata/face02_5.fdt,27082752,27099664,16912,other,"in-house FaceChat / FaceData"
1552,/facedata/face02_6.fdt,27100160,27117072,16912,other,"in-house FaceChat / FaceData"
1553,/facedata/face03_1.fdt,27117568,27134480,16912,other,"in-house FaceChat / FaceData"
1554,/facedata/face03_2.fdt,27134976,27151888,16912,other,"in-house FaceChat / FaceData"
1555,/facedata/face03_3.fdt,27152384,27169296,16912,other,"in-house FaceChat / FaceData"
1556,/facedata/face03_4.fdt,27169792,27186704,16912,other,"in-house FaceChat / FaceData"
1557,/facedata/face03_5.fdt,27187200,27204112,16912,other,"in-house FaceChat / FaceData"
1558,/facedata/face03_6.fdt,27204608,27221520,16912,other,"in-house FaceChat / FaceData"
1559,/facedata/face04_1.fdt,27222016,27238928,16912,other,"in-house FaceChat / FaceData"
1560,/facedata/face04_2.fdt,27239424,27256336,16912,other,"in-house FaceChat / FaceData"
1561,/facedata/face04_3.fdt,27256832,27273744,16912,other,"in-house FaceChat / FaceData"
1562,/facedata/face04_4.fdt,27274240,27291152,16912,other,"in-house FaceChat / FaceData"
1563,/facedata/face04_5.fdt,27291648,27308560,16912,other,"in-house FaceChat / FaceData"
1564,/facedata/face04_6.fdt,27309056,27325968,16912,other,"in-house FaceChat / FaceData"
1565,/facedata/face05_1.fdt,27326464,27343376,16912,other,"in-house FaceChat / FaceData"
1566,/facedata/face05_2.fdt,27343872,27360784,16912,other,"in-house FaceChat / FaceData"
1567,/facedata/face05_3.fdt,27361280,27378192,16912,other,"in-house FaceChat / FaceData"
1568,/facedata/face05_4.fdt,27378688,27395600,16912,other,"in-house FaceChat / FaceData"
1569,/facedata/face05_5.fdt,27396096,27413008,16912,other,"in-house FaceChat / FaceData"
1570,/facedata/face05_6.fdt,27413504,27430416,16912,other,"in-house FaceChat / FaceData"
1571,/facedata/face06_1.fdt,27430912,27447824,16912,other,"in-house FaceChat / FaceData"
1572,/facedata/face06_2.fdt,27448320,27465232,16912,other,"in-house FaceChat / FaceData"
1573,/facedata/face06_3.fdt,27465728,27482640,16912,other,"in-house FaceChat / FaceData"
1574,/facedata/face06_4.fdt,27483136,27500048,16912,other,"in-house FaceChat / FaceData"
1575,/facedata/face06_5.fdt,27500544,27517456,16912,other,"in-house FaceChat / FaceData"
1576,/facedata/face06_6.fdt,27517952,27534864,16912,other,"in-house FaceChat / FaceData"
1577,/facedata/face07_1.fdt,27535360,27552272,16912,other,"in-house FaceChat / FaceData"
1578,/facedata/face07_2.fdt,27552768,27569680,16912,other,"in-house FaceChat / FaceData"
1579,/facedata/face07_3.fdt,27570176,27587088,16912,other,"in-house FaceChat / FaceData"
1580,/facedata/face07_4.fdt,27587584,27604496,16912,other,"in-house FaceChat / FaceData"
1581,/facedata/face07_5.fdt,27604992,27621904,16912,other,"in-house FaceChat / FaceData"
1582,/facedata/face08_1.fdt,27622400,27639312,16912,other,"in-house FaceChat / FaceData"
1583,/facedata/face08_3.fdt,27639808,27656720,16912,other,"in-house FaceChat / FaceData"
1584,/facedata/face08_5.fdt,27657216,27674128,16912,other,"in-house FaceChat / FaceData"
1585,/facedata/face09_1.fdt,27674624,27691536,16912,other,"in-house FaceChat / FaceData"
1586,/facedata/face09_3.fdt,27692032,27708944,16912,other,"in-house FaceChat / FaceData"
1587,/facedata/face09_4.fdt,27709440,27726352,16912,other,"in-house FaceChat / FaceData"
1588,/facedata/face10_1.fdt,27726848,27743760,16912,other,"in-house FaceChat / FaceData"
1589,/facedata/face10_2.fdt,27744256,27761168,16912,other,"in-house FaceChat / FaceData"
1590,/facedata/face10_3.fdt,27761664,27778576,16912,other,"in-house FaceChat / FaceData"
1591,/facedata/face10_5.fdt,27779072,27795984,16912,other,"in-house FaceChat / FaceData"
1592,/facedata/face11_1.fdt,27796480,27813392,16912,other,"in-house FaceChat / FaceData"
1593,/facedata/face11_3.fdt,27813888,27830800,16912,other,"in-house FaceChat / FaceData"
1594,/facedata/face11_4.fdt,27831296,27848208,16912,other,"in-house FaceChat / FaceData"
1595,/facedata/face12_1.fdt,27848704,27865616,16912,other,"in-house FaceChat / FaceData"
1596,/facedata/face13_1.fdt,27866112,27883024,16912,other,"in-house FaceChat / FaceData"
1597,/facedata/face13_4.fdt,27883520,27900432,16912,other,"in-house FaceChat / FaceData"
1598,/facedata/face14_1.fdt,27900928,27917840,16912,other,"in-house FaceChat / FaceData"
1599,/facedata/face14_3.fdt,27918336,27935248,16912,other,"in-house FaceChat / FaceData"
1600,/facedata/face15_1.fdt,27935744,27952656,16912,other,"in-house FaceChat / FaceData"
1601,/facedata/face15_6.fdt,27953152,27970064,16912,other,"in-house FaceChat / FaceData"
1602,/facedata/face16_1.fdt,27970560,27987472,16912,other,"in-house FaceChat / FaceData"
1603,/facedata/face18_1.fdt,27987968,28004880,16912,other,"in-house FaceChat / FaceData"
1604,/facedata/face18_5.fdt,28005376,28022288,16912,other,"in-house FaceChat / FaceData"
1605,/facedata/face18_6.fdt,28022784,28039696,16912,other,"in-house FaceChat / FaceData"
1606,/facedata/face20_1.fdt,28040192,28057104,16912,other,"in-house FaceChat / FaceData"
1607,/facedata/face22_1.fdt,28057600,28074512,16912,other,"in-house FaceChat / FaceData"
1608,/facedata/face22_3.fdt,28075008,28091920,16912,other,"in-house FaceChat / FaceData"
1609,/facedata/face22_5.fdt,28092416,28109328,16912,other,"in-house FaceChat / FaceData"
1610,/facedata/face51_1.fdt,28109824,28126736,16912,other,"in-house FaceChat / FaceData"
1611,/facedata/face51_2.fdt,28127232,28144144,16912,other,"in-house FaceChat / FaceData"
1612,/facedata/face51_3.fdt,28144640,28161552,16912,other,"in-house FaceChat / FaceData"
1613,/facedata/face51_4.fdt,28162048,28178960,16912,other,"in-house FaceChat / FaceData"
1614,/facedata/face51_5.fdt,28179456,28196368,16912,other,"in-house FaceChat / FaceData"
1615,/facedata/face51_6.fdt,28196864,28213776,16912,other,"in-house FaceChat / FaceData"
1616,/facedata/guide.bin,28214272,28218544,4272,2D graphics,"in-house DSpr sprite set"
1617,/facedata/name_d_1.bin,28218880,28221624,2744,2D graphics,"in-house DSpr sprite set"
1618,/facedata/name_d_10.bin,28221952,28223928,1976,2D graphics,"in-house DSpr sprite set"
1619,/facedata/name_d_11.bin,28224000,28226488,2488,2D graphics,"in-house DSpr sprite set"
1620,/facedata/name_d_12.bin,28226560,28228020,1460,2D graphics,"in-house DSpr sprite set"
1621,/facedata/name_d_13.bin,28228096,28229812,1716,2D graphics,"in-house DSpr sprite set"
1622,/facedata/name_d_2.bin,28230144,28232120,1976,2D graphics,"in-house DSpr sprite set"
1623,/facedata/name_d_3.bin,28232192,28234420,2228,2D graphics,"in-house DSpr sprite set"
1624,/facedata/name_d_4.bin,28234752,28237240,2488,2D graphics,"in-house DSpr sprite set"
1625,/facedata/name_d_5.bin,28237312,28239540,2228,2D graphics,"in-house DSpr sprite set"
1626,/facedata/name_d_6.bin,28239872,28241848,1976,2D graphics,"in-house DSpr sprite set"
1627,/facedata/name_d_7.bin,28241920,28244924,3004,2D graphics,"in-house DSpr sprite set"
1628,/facedata/name_d_8.bin,28244992,28247736,2744,2D graphics,"in-house DSpr sprite set"
1629,/facedata/name_d_9.bin,28248064,28250040,1976,2D graphics,"in-house DSpr sprite set"
1630,/facedata/name_g.bin,28250112,28263268,13156,2D graphics,"in-house DSpr sprite set"
1631,/facedata/name_g_1.bin,28263424,28266680,3256,2D graphics,"in-house DSpr sprite set"
1632,/facedata/name_g_2.bin,28267008,28270264,3256,2D graphics,"in-house DSpr sprite set"
1633,/facedata/name_g_3.bin,28270592,28273848,3256,2D graphics,"in-house DSpr sprite set"
1634,/facedata/name_g_4.bin,28274176,28277432,3256,2D graphics,"in-house DSpr sprite set"
1635,/facedata/name_g_5.bin,28277760,28281016,3256,2D graphics,"in-house DSpr sprite set"
1636,/facedata/name_g_6.bin,28281344,28284600,3256,2D graphics,"in-house DSpr sprite set"
1637,/facedata/name_g_7.bin,28284928,28288184,3256,2D graphics,"in-house DSpr sprite set"
1638,/facedata/name_g_8.bin,28288512,28292284,3772,2D graphics,"in-house DSpr sprite set"
1639,/facedata/name_t_1.bin,28292608,28294704,2096,2D graphics,"in-house DSpr sprite set"
1640,/facedata/name_t_2.bin,28295168,28297264,2096,2D graphics,"in-house DSpr sprite set"
1641,/facedata/name_t_3.bin,28297728,28300084,2356,2D graphics,"in-house DSpr sprite set"
1642,/facedata/name_t_4.bin,28300288,28302384,2096,2D graphics,"in-house DSpr sprite set"
1643,/facedata/name_t_5.bin,28302848,28305204,2356,2D graphics,"in-house DSpr sprite set"
1644,/facedata/name_t_6.bin,28305408,28307504,2096,2D graphics,"in-house DSpr sprite set"
1645,/facedata/name_t_7.bin,28307968,28310580,2612,2D graphics,"in-house DSpr sprite set"
1646,/facedata/name_t_8.bin,28311040,28313136,2096,2D graphics,"in-house DSpr sprite set"
1647,/facedata/name_t_9.bin,28313600,28315184,1584,2D graphics,"in-house DSpr sprite set"
1648,/facedata/skit16.bin,28315648,28316080,432,2D graphics,"in-house DSpr sprite set"
1649,/facedata/town01.bin,28316160,28324540,8380,2D graphics,"in-house DSpr sprite set"
1650,/field/e000t000.dat,28324864,28324892,28,geometry / collision,"in-house dat"
1651,/field/e002t000.dat,28325376,28325592,216,geometry / collision,"in-house dat"
1652,/field/e003t000.dat,28325888,28325928,40,geometry / collision,"in-house dat"
1653,/field/e004t000.dat,28326400,28326440,40,geometry / collision,"in-house dat"
1654,/field/e006t000.dat,28326912,28326952,40,geometry / collision,"in-house dat"
1655,/field/e007t000.dat,28327424,28327480,56,geometry / collision,"in-house dat"
1656,/field/e008t000.dat,28327936,28327976,40,geometry / collision,"in-house dat"
1657,/field/e009t000.dat,28328448,28328488,40,geometry / collision,"in-house dat"
1658,/field/e010t000.dat,28328960,28329032,72,geometry / collision,"in-house dat"
1659,/field/e011t000.dat,28329472,28329528,56,geometry / collision,"in-house dat"
1660,/field/e012t000.dat,28329984,28330040,56,geometry / collision,"in-house dat"
1661,/field/e013t000.dat,28330496,28330680,184,geometry / collision,"in-house dat"
1662,/field/e014t000.dat,28331008,28331032,24,geometry / collision,"in-house dat"
1663,/field/e016t000.dat,28331520,28331544,24,geometry / collision,"in-house dat"
1664,/field/e017t000.dat,28332032,28332056,24,geometry / collision,"in-house dat"
1665,/field/e018t000.dat,28332544,28332584,40,geometry / collision,"in-house dat"
1666,/field/e019t000.dat,28333056,28333080,24,geometry / collision,"in-house dat"
1667,/field/e022t000.dat,28333568,28333800,232,geometry / collision,"in-house dat"
1668,/field/e023t000.dat,28334080,28334104,24,geometry / collision,"in-house dat"
1669,/field/e024t000.dat,28334592,28334632,40,geometry / collision,"in-house dat"
1670,/field/e025t000.dat,28335104,28335160,56,geometry / collision,"in-house dat"
1671,/field/e026t000.dat,28335616,28335656,40,geometry / collision,"in-house dat"
1672,/field/e028t000.dat,28336128,28336312,184,geometry / collision,"in-house dat"
1673,/field/e029t000.dat,28336640,28336680,40,geometry / collision,"in-house dat"
1674,/field/e030t000.dat,28337152,28337192,40,geometry / collision,"in-house dat"
1675,/field/e031t000.dat,28337664,28337704,40,geometry / collision,"in-house dat"
1676,/field/e032t000.dat,28338176,28338216,40,geometry / collision,"in-house dat"
1677,/field/e034t000.dat,28338688,28338840,152,geometry / collision,"in-house dat"
1678,/field/e035t000.dat,28339200,28339240,40,geometry / collision,"in-house dat"
1679,/field/e036t000.dat,28339712,28339752,40,geometry / collision,"in-house dat"
1680,/field/e037t000.dat,28340224,28340264,40,geometry / collision,"in-house dat"
1681,/field/e038t000.dat,28340736,28340792,56,geometry / collision,"in-house dat"
1682,/field/e040t000.dat,28341248,28341352,104,geometry / collision,"in-house dat"
1683,/field/e042t000.dat,28341760,28341864,104,geometry / collision,"in-house dat"
1684,/field/e043t000.dat,28342272,28342424,152,geometry / collision,"in-house dat"
1685,/field/e044t000.dat,28342784,28342824,40,geometry / collision,"in-house dat"
1686,/field/e045t000.dat,28343296,28343336,40,geometry / collision,"in-house dat"
1687,/field/e046t000.dat,28343808,28343848,40,geometry / collision,"in-house dat"
1688,/field/e047t000.dat,28344320,28344360,40,geometry / collision,"in-house dat"
1689,/field/e050t000.dat,28344832,28345048,216,geometry / collision,"in-house dat"
1690,/field/e051t000.dat,28345344,28345368,24,geometry / collision,"in-house dat"
1691,/field/e052t000.dat,28345856,28345880,24,geometry / collision,"in-house dat"
1692,/field/e053t000.dat,28346368,28346408,40,geometry / collision,"in-house dat"
1693,/field/e054t000.dat,28346880,28346920,40,geometry / collision,"in-house dat"
1694,/field/e059t000.dat,28347392,28347544,152,geometry / collision,"in-house dat"
1695,/field/e060t000.dat,28347904,28347960,56,geometry / collision,"in-house dat"
1696,/field/e115t000.dat,28348416,28348440,24,geometry / collision,"in-house dat"
1697,/field/e131t000.dat,28348928,28348968,40,geometry / collision,"in-house dat"
1698,/field/e141t000.dat,28349440,28349496,56,geometry / collision,"in-house dat"
1699,/field/e155t000.dat,28349952,28350008,56,geometry / collision,"in-house dat"
1700,/field/e156t000.dat,28350464,28350520,56,geometry / collision,"in-house dat"
1701,/field/e163t000.dat,28350976,28351064,88,geometry / collision,"in-house dat"
1702,/field/f002.bin,28351488,28715507,364019,container,"in-house EZBIND, in a BIOS LZ77 stream"
1703,/field/f003.bin,28715520,28778620,63100,container,"in-house EZBIND, in a BIOS LZ77 stream"
1704,/field/f004.bin,28779008,28818084,39076,container,"in-house EZBIND, in a BIOS LZ77 stream"
1705,/field/f005.bin,28818432,28864546,46114,container,"in-house EZBIND, in a BIOS LZ77 stream"
1706,/field/f006.bin,28865024,28919037,54013,container,"in-house EZBIND, in a BIOS LZ77 stream"
1707,/field/f007.bin,28919296,28969752,50456,container,"in-house EZBIND, in a BIOS LZ77 stream"
1708,/field/f008.bin,28969984,29032962,62978,container,"in-house EZBIND, in a BIOS LZ77 stream"
1709,/field/f009.bin,29033472,29085958,52486,container,"in-house EZBIND, in a BIOS LZ77 stream"
1710,/field/f010.bin,29086208,29190903,104695,container,"in-house EZBIND, in a BIOS LZ77 stream"
1711,/field/f011.bin,29191168,29455126,263958,container,"in-house EZBIND, in a BIOS LZ77 stream"
1712,/field/f012.bin,29455360,29566639,111279,container,"in-house EZBIND, in a BIOS LZ77 stream"
1713,/field/f013.bin,29566976,29887007,320031,container,"in-house EZBIND, in a BIOS LZ77 stream"
1714,/field/f014.bin,29887488,29944792,57304,container,"in-house EZBIND, in a BIOS LZ77 stream"
1715,/field/f015.bin,29944832,30014369,69537,container,"in-house EZBIND, in a BIOS LZ77 stream"
1716,/field/f016.bin,30014464,30068527,54063,container,"in-house EZBIND, in a BIOS LZ77 stream"
1717,/field/f017.bin,30068736,30120225,51489,container,"in-house EZBIND, in a BIOS LZ77 stream"
1718,/field/f018.bin,30120448,30179887,59439,container,"in-house EZBIND, in a BIOS LZ77 stream"
1719,/field/f019.bin,30180352,30240097,59745,container,"in-house EZBIND, in a BIOS LZ77 stream"
1720,/field/f020.bin,30240256,30567346,327090,container,"in-house EZBIND, in a BIOS LZ77 stream"
1721,/field/f021.bin,30567424,30986136,418712,container,"in-house EZBIND, in a BIOS LZ77 stream"
1722,/field/f022.bin,30986240,31277846,291606,container,"in-house EZBIND, in a BIOS LZ77 stream"
1723,/field/f023.bin,31278080,31326801,48721,container,"in-house EZBIND, in a BIOS LZ77 stream"
1724,/field/f024.bin,31327232,31376392,49160,container,"in-house EZBIND, in a BIOS LZ77 stream"
1725,/field/f025.bin,31376896,31437671,60775,container,"in-house EZBIND, in a BIOS LZ77 stream"
1726,/field/f026.bin,31437824,31491360,53536,container,"in-house EZBIND, in a BIOS LZ77 stream"
1727,/field/f027.bin,31491584,31914240,422656,container,"in-house EZBIND, in a BIOS LZ77 stream"
1728,/field/f028.bin,31914496,32170526,256030,container,"in-house EZBIND, in a BIOS LZ77 stream"
1729,/field/f029.bin,32171008,32222147,51139,container,"in-house EZBIND, in a BIOS LZ77 stream"
1730,/field/f030.bin,32222208,32267109,44901,container,"in-house EZBIND, in a BIOS LZ77 stream"
1731,/field/f031.bin,32267264,32323304,56040,container,"in-house EZBIND, in a BIOS LZ77 stream"
1732,/field/f032.bin,32323584,32372101,48517,container,"in-house EZBIND, in a BIOS LZ77 stream"
1733,/field/f033.bin,32372224,32850698,478474,container,"in-house EZBIND, in a BIOS LZ77 stream"
1734,/field/f034.bin,32850944,33034920,183976,container,"in-house EZBIND, in a BIOS LZ77 stream"
1735,/field/f035.bin,33035264,33080696,45432,container,"in-house EZBIND, in a BIOS LZ77 stream"
1736,/field/f036.bin,33080832,33122164,41332,container,"in-house EZBIND, in a BIOS LZ77 stream"
1737,/field/f037.bin,33122304,33169829,47525,container,"in-house EZBIND, in a BIOS LZ77 stream"
1738,/field/f038.bin,33169920,33224861,54941,container,"in-house EZBIND, in a BIOS LZ77 stream"
1739,/field/f039.bin,33225216,33727775,502559,container,"in-house EZBIND, in a BIOS LZ77 stream"
1740,/field/f040.bin,33728000,33850671,122671,container,"in-house EZBIND, in a BIOS LZ77 stream"
1741,/field/f041.bin,33850880,33912085,61205,container,"in-house EZBIND, in a BIOS LZ77 stream"
1742,/field/f042.bin,33912320,33994096,81776,container,"in-house EZBIND, in a BIOS LZ77 stream"
1743,/field/f043.bin,33994240,34194609,200369,container,"in-house EZBIND, in a BIOS LZ77 stream"
1744,/field/f044.bin,34194944,34240618,45674,container,"in-house EZBIND, in a BIOS LZ77 stream"
1745,/field/f045.bin,34241024,34292402,51378,container,"in-house EZBIND, in a BIOS LZ77 stream"
1746,/field/f046.bin,34292736,34345492,52756,container,"in-house EZBIND, in a BIOS LZ77 stream"
1747,/field/f047.bin,34345984,34404620,58636,container,"in-house EZBIND, in a BIOS LZ77 stream"
1748,/field/f048.bin,34404864,34991616,586752,container,"in-house EZBIND, in a BIOS LZ77 stream"
1749,/field/f049.bin,34991616,35518059,526443,container,"in-house EZBIND, in a BIOS LZ77 stream"
1750,/field/f050.bin,35518464,35898940,380476,container,"in-house EZBIND, in a BIOS LZ77 stream"
1751,/field/f051.bin,35899392,35954356,54964,container,"in-house EZBIND, in a BIOS LZ77 stream"
1752,/field/f052.bin,35954688,36009823,55135,container,"in-house EZBIND, in a BIOS LZ77 stream"
1753,/field/f053.bin,36009984,36066350,56366,container,"in-house EZBIND, in a BIOS LZ77 stream"
1754,/field/f054.bin,36066816,36128405,61589,container,"in-house EZBIND, in a BIOS LZ77 stream"
1755,/field/f055.bin,36128768,36530410,401642,container,"in-house EZBIND, in a BIOS LZ77 stream"
1756,/field/f056.bin,36530688,36923665,392977,container,"in-house EZBIND, in a BIOS LZ77 stream"
1757,/field/f058.bin,36923904,37442056,518152,container,"in-house EZBIND, in a BIOS LZ77 stream"
1758,/field/f059.bin,37442560,37640219,197659,container,"in-house EZBIND, in a BIOS LZ77 stream"
1759,/field/f060.bin,37640704,37689832,49128,container,"in-house EZBIND, in a BIOS LZ77 stream"
1760,/field/f062.bin,37689856,38163931,474075,container,"in-house EZBIND, in a BIOS LZ77 stream"
1761,/field/f063.bin,38163968,38218109,54141,container,"in-house EZBIND, in a BIOS LZ77 stream"
1762,/field/f064.bin,38218240,38277353,59113,container,"in-house EZBIND, in a BIOS LZ77 stream"
1763,/field/f065.bin,38277632,38316279,38647,container,"in-house EZBIND, in a BIOS LZ77 stream"
1764,/field/f066.bin,38316544,38348749,32205,container,"in-house EZBIND, in a BIOS LZ77 stream"
1765,/field/f067.bin,38348800,38367130,18330,container,"in-house EZBIND, in a BIOS LZ77 stream"
1766,/field/f068.bin,38367232,38472895,105663,container,"in-house EZBIND, in a BIOS LZ77 stream"
1767,/field/f069.bin,38473216,38483246,10030,container,"in-house EZBIND, in a BIOS LZ77 stream"
1768,/field/f070.bin,38483456,38554103,70647,container,"in-house EZBIND, in a BIOS LZ77 stream"
1769,/field/f072.bin,38554112,38592885,38773,container,"in-house EZBIND, in a BIOS LZ77 stream"
1770,/field/f074.bin,38593024,39070395,477371,container,"in-house EZBIND, in a BIOS LZ77 stream"
1771,/field/f075.bin,39070720,39417413,346693,container,"in-house EZBIND, in a BIOS LZ77 stream"
1772,/field/f076.bin,39417856,39786319,368463,container,"in-house EZBIND, in a BIOS LZ77 stream"
1773,/field/f077.bin,39786496,40208509,422013,container,"in-house EZBIND, in a BIOS LZ77 stream"
1774,/field/f078.bin,40208896,40666748,457852,container,"in-house EZBIND, in a BIOS LZ77 stream"
1775,/field/f079.bin,40667136,41109162,442026,container,"in-house EZBIND, in a BIOS LZ77 stream"
1776,/field/f080.bin,41109504,41565915,456411,container,"in-house EZBIND, in a BIOS LZ77 stream"
1777,/field/f081.bin,41566208,41996503,430295,container,"in-house EZBIND, in a BIOS LZ77 stream"
1778,/field/f089.bin,41996800,42149520,152720,container,"in-house EZBIND"
1779,/field/f091.bin,42149888,42302608,152720,container,"in-house EZBIND"
1780,/field/f139.bin,42302976,42353256,50280,container,"in-house EZBIND, in a BIOS LZ77 stream"
1781,/field/f140.bin,42353664,42406453,52789,container,"in-house EZBIND, in a BIOS LZ77 stream"
1782,/field/f141.bin,42406912,42524449,117537,container,"in-house EZBIND, in a BIOS LZ77 stream"
1783,/field/f143.bin,42524672,42617858,93186,container,"in-house EZBIND, in a BIOS LZ77 stream"
1784,/field/f144.bin,42618368,42761260,142892,container,"in-house EZBIND, in a BIOS LZ77 stream"
1785,/field/f150.bin,42761728,42889076,127348,container,"in-house EZBIND, in a BIOS LZ77 stream"
1786,/field/f151.bin,42889216,42973662,84446,container,"in-house EZBIND, in a BIOS LZ77 stream"
1787,/field/f152.bin,42973696,43050865,77169,container,"in-house EZBIND, in a BIOS LZ77 stream"
1788,/field/f155.bin,43051008,43119156,68148,container,"in-house EZBIND, in a BIOS LZ77 stream"
1789,/field/f156.bin,43119616,43383574,263958,container,"in-house EZBIND, in a BIOS LZ77 stream"
1790,/field/f157.bin,43383808,43507320,123512,container,"in-house EZBIND, in a BIOS LZ77 stream"
1791,/field/f158.bin,43507712,43542999,35287,container,"in-house EZBIND, in a BIOS LZ77 stream"
1792,/field/f159.bin,43543040,43611930,68890,container,"in-house EZBIND, in a BIOS LZ77 stream"
1793,/field/f160.bin,43612160,43652997,40837,container,"in-house EZBIND, in a BIOS LZ77 stream"
1794,/field/f161.bin,43653120,44244199,591079,container,"in-house EZBIND, in a BIOS LZ77 stream"
1795,/field/f162.bin,44244480,44831272,586792,container,"in-house EZBIND, in a BIOS LZ77 stream"
1796,/field/f163.bin,44831744,44883057,51313,container,"in-house EZBIND, in a BIOS LZ77 stream"
1797,/field/f164.bin,44883456,44943800,60344,container,"in-house EZBIND, in a BIOS LZ77 stream"
1798,/field/f165.bin,44943872,44991568,47696,container,"in-house EZBIND, in a BIOS LZ77 stream"
1799,/field/f166.bin,44992000,45036858,44858,container,"in-house EZBIND, in a BIOS LZ77 stream"
1800,/field/f167.bin,45037056,45068286,31230,container,"in-house EZBIND, in a BIOS LZ77 stream"
1801,/field/f168.bin,45068288,45276757,208469,container,"in-house EZBIND, in a BIOS LZ77 stream"
1802,/field/f169.bin,45277184,45381006,103822,container,"in-house EZBIND, in a BIOS LZ77 stream"
1803,/field/f170.bin,45381120,45491735,110615,container,"in-house EZBIND, in a BIOS LZ77 stream"
1804,/field/f172.bin,45492224,45579222,86998,container,"in-house EZBIND, in a BIOS LZ77 stream"
1805,/field/fldeff.bin,45579264,45590812,11548,container,"in-house EZBIND"
1806,/field/kage.ntfp,45591040,45591042,2,2D graphics,"Nitro basic format, palette, 1 entries"
1807,/field/kage.ntft,45591552,45592576,1024,2D graphics,"Nitro basic format, character data"
1808,/font/lc08.NFTR,45592576,45596984,4408,font,"Nitro NFTR"
1809,/font/lc10.NFTR,45597184,45638244,41060,font,"Nitro NFTR"
1810,/font/lc12.NFTR,45638656,45691328,52672,font,"Nitro NFTR"
1811,/font/lh08.NFTR,45691392,45696664,5272,font,"Nitro NFTR"
1812,/font/lh10.NFTR,45697024,45703344,6320,font,"Nitro NFTR"
1813,/font/lh12.NFTR,45703680,45711572,7892,font,"Nitro NFTR"
1814,/menu/acsicon.arc,45711872,45720752,8880,container,"in-house EZBIND"
1815,/menu/amricon.arc,45721088,45746936,25848,container,"in-house EZBIND"
1816,/menu/bgdata.arc,45747200,45781684,34484,container,"in-house EZBIND"
1817,/menu/charastand.arc,45782016,45874612,92596,container,"in-house EZBIND"
1818,/menu/episode.bin,45874688,45939472,64784,container,"in-house EZBIND"
1819,/menu/itemicon.arc,45939712,45979800,40088,container,"in-house EZBIND"
1820,/menu/objdata.arc,45980160,45990348,10188,container,"in-house EZBIND"
1821,/menu/rcpicon.arc,45990400,46033152,42752,container,"in-house EZBIND"
1822,/menu/wpnicon.arc,46033408,46081928,48520,container,"in-house EZBIND"
1823,/motion/alb000/00.nsbca,46082048,46085424,3376,3D animation,"Nitro NSBCA, joint"
1824,/motion/alb000/00_HUFF.bin,46085632,46088928,3296,3D animation,"Nitro NSBCA, joint, in a BIOS Huffman8 stream"
1825,/motion/alb000/01.nsbca,46089216,46095952,6736,3D animation,"Nitro NSBCA, joint"
1826,/motion/alb000/01_DIFF.bin,46096384,46103124,6740,3D animation,"Nitro NSBCA, joint, in a BIOS Diff16 stream"
1827,/motion/alb000/01_HUFF.bin,46103552,46109660,6108,3D animation,"Nitro NSBCA, joint, in a BIOS Huffman4 stream"
1828,/motion/alb000/01_LZ.bin,46109696,46115870,6174,3D animation,"Nitro NSBCA, joint, in a BIOS LZ77 stream"
1829,/motion/alb000/01_RL.bin,46116352,46123009,6657,3D animation,"Nitro NSBCA, joint, in a BIOS RLE stream"
1830,/motion/alb000/11.nsbca,46123520,46127048,3528,3D animation,"Nitro NSBCA, joint"
1831,/motion/alb000/50.nsbca,46127104,46130944,3840,3D animation,"Nitro NSBCA, joint"
1832,/motion/alb000/51.nsbca,46131200,46135908,4708,3D animation,"Nitro NSBCA, joint"
1833,/motion/alb000/52.nsbca,46136320,46145764,9444,3D animation,"Nitro NSBCA, joint"
1834,/motion/alb000/53.nsbca,46146048,46151104,5056,3D animation,"Nitro NSBCA, joint"
1835,/motion/alb000/54.nsbca,46151168,46154808,3640,3D animation,"Nitro NSBCA, joint"
1836,/motion/alb000/55.nsbca,46155264,46165208,9944,3D animation,"Nitro NSBCA, joint"
1837,/motion/alb000/56.nsbca,46165504,46170516,5012,3D animation,"Nitro NSBCA, joint"
1838,/motion/alb000/57.nsbca,46170624,46174712,4088,3D animation,"Nitro NSBCA, joint"
1839,/motion/alb000/58.nsbca,46174720,46177936,3216,3D animation,"Nitro NSBCA, joint"
1840,/motion/alb000/59.nsbca,46178304,46183700,5396,3D animation,"Nitro NSBCA, joint"
1841,/motion/ang000/00.nsbca,46183936,46187540,3604,3D animation,"Nitro NSBCA, joint"
1842,/motion/ang000/01.nsbca,46188032,46196692,8660,3D animation,"Nitro NSBCA, joint"
1843,/motion/ang000/02.nsbca,46196736,46200916,4180,3D animation,"Nitro NSBCA, joint"
1844,/motion/ang000/03.nsbca,46201344,46216296,14952,3D animation,"Nitro NSBCA, joint"
1845,/motion/ang000/04.nsbca,46216704,46220212,3508,3D animation,"Nitro NSBCA, joint"
1846,/motion/ang000/05.nsbca,46220288,46225720,5432,3D animation,"Nitro NSBCA, joint"
1847,/motion/ang000/06.nsbca,46225920,46229672,3752,3D animation,"Nitro NSBCA, joint"
1848,/motion/ang000/07.nsbca,46230016,46233868,3852,3D animation,"Nitro NSBCA, joint"
1849,/motion/ang000/08.nsbca,46234112,46238724,4612,3D animation,"Nitro NSBCA, joint"
1850,/motion/ang000/09.nsbca,46239232,46243468,4236,3D animation,"Nitro NSBCA, joint"
1851,/motion/ang000/11.nsbca,46243840,46247288,3448,3D animation,"Nitro NSBCA, joint"
1852,/motion/ang000/12.nsbca,46247424,46250504,3080,3D animation,"Nitro NSBCA, joint"
1853,/motion/ang000/13.nsbca,46251008,46254728,3720,3D animation,"Nitro NSBCA, joint"
1854,/motion/ang000/18.nsbca,46255104,46258416,3312,3D animation,"Nitro NSBCA, joint"
1855,/motion/ang000/19.nsbca,46258688,46264800,6112,3D animation,"Nitro NSBCA, joint"
1856,/motion/ang000/23.nsbca,46264832,46271972,7140,3D animation,"Nitro NSBCA, joint"
1857,/motion/ang000/27.nsbca,46272000,46275444,3444,3D animation,"Nitro NSBCA, joint"
1858,/motion/ang000/31.nsbca,46275584,46280716,5132,3D animation,"Nitro NSBCA, joint"
1859,/motion/ang000/32.nsbca,46281216,46284908,3692,3D animation,"Nitro NSBCA, joint"
1860,/motion/ang000/33.nsbca,46285312,46290596,5284,3D animation,"Nitro NSBCA, joint"
1861,/motion/ang000/34.nsbca,46290944,46297648,6704,3D animation,"Nitro NSBCA, joint"
1862,/motion/ang000/35.nsbca,46298112,46304964,6852,3D animation,"Nitro NSBCA, joint"
1863,/motion/ang000/36.nsbca,46305280,46308928,3648,3D animation,"Nitro NSBCA, joint"
1864,/motion/ang000/37.nsbca,46309376,46314452,5076,3D animation,"Nitro NSBCA, joint"
1865,/motion/ang000/48.nsbca,46314496,46315456,960,3D animation,"Nitro NSBCA, joint"
1866,/motion/ang000/50.nsbca,46315520,46319428,3908,3D animation,"Nitro NSBCA, joint"
1867,/motion/ang000/51.nsbca,46319616,46322820,3204,3D animation,"Nitro NSBCA, joint"
1868,/motion/ang000/52.nsbca,46323200,46327428,4228,3D animation,"Nitro NSBCA, joint"
1869,/motion/ang000/53.nsbca,46327808,46332224,4416,3D animation,"Nitro NSBCA, joint"
1870,/motion/ang000/54.nsbca,46332416,46336748,4332,3D animation,"Nitro NSBCA, joint"
1871,/motion/ang000/57.nsbca,46337024,46340436,3412,3D animation,"Nitro NSBCA, joint"
1872,/motion/ang000/58.nsbca,46340608,46343788,3180,3D animation,"Nitro NSBCA, joint"
1873,/motion/ang000/59.nsbca,46344192,46349024,4832,3D animation,"Nitro NSBCA, joint"
1874,/motion/ang000/60.nsbca,46349312,46355208,5896,3D animation,"Nitro NSBCA, joint"
1875,/motion/ang000/61.nsbca,46355456,46359428,3972,3D animation,"Nitro NSBCA, joint"
1876,/motion/ang000/62.nsbca,46359552,46363960,4408,3D animation,"Nitro NSBCA, joint"
1877,/motion/ang000/63.nsbca,46364160,46368260,4100,3D animation,"Nitro NSBCA, joint"
1878,/motion/ang000/64.nsbca,46368768,46371548,2780,3D animation,"Nitro NSBCA, joint"
1879,/motion/ang000/65.nsbca,46371840,46376192,4352,3D animation,"Nitro NSBCA, joint"
1880,/motion/ang000/66.nsbca,46376448,46382084,5636,3D animation,"Nitro NSBCA, joint"
1881,/motion/ang000/67.nsbca,46382592,46387888,5296,3D animation,"Nitro NSBCA, joint"
1882,/motion/ang000/68.nsbca,46388224,46393588,5364,3D animation,"Nitro NSBCA, joint"
1883,/motion/ang000/69.nsbca,46393856,46398224,4368,3D animation,"Nitro NSBCA, joint"
1884,/motion/ang000/70.nsbca,46398464,46412148,13684,3D animation,"Nitro NSBCA, joint"
1885,/motion/ang000/71.nsbca,46412288,46422272,9984,3D animation,"Nitro NSBCA, joint"
1886,/motion/ang000/72.nsbca,46422528,46428136,5608,3D animation,"Nitro NSBCA, joint"
1887,/motion/ang000/73.nsbca,46428160,46435136,6976,3D animation,"Nitro NSBCA, joint"
1888,/motion/ang000/74.nsbca,46435328,46441032,5704,3D animation,"Nitro NSBCA, joint"
1889,/motion/ang000/75.nsbca,46441472,46447400,5928,3D animation,"Nitro NSBCA, joint"
1890,/motion/ang000/76.nsbca,46447616,46450780,3164,3D animation,"Nitro NSBCA, joint"
1891,/motion/ang000/77.nsbca,46451200,46455796,4596,3D animation,"Nitro NSBCA, joint"
1892,/motion/ang000/78.nsbca,46455808,46460948,5140,3D animation,"Nitro NSBCA, joint"
1893,/motion/ang000/79.nsbca,46461440,46465040,3600,3D animation,"Nitro NSBCA, joint"
1894,/motion/ang000/80.nsbca,46465536,46469712,4176,3D animation,"Nitro NSBCA, joint"
1895,/motion/ang000/81.nsbca,46470144,46473608,3464,3D animation,"Nitro NSBCA, joint"
1896,/motion/ark080/00.nsbca,46473728,46477740,4012,3D animation,"Nitro NSBCA, joint"
1897,/motion/ark080/01.nsbca,46477824,46485292,7468,3D animation,"Nitro NSBCA, joint"
1898,/motion/ark080/02.nsbca,46485504,46489504,4000,3D animation,"Nitro NSBCA, joint"
1899,/motion/ark080/39.nsbca,46489600,46491412,1812,3D animation,"Nitro NSBCA, joint"
1900,/motion/ark080/40.nsbca,46491648,46493788,2140,3D animation,"Nitro NSBCA, joint"
1901,/motion/ark080/41.nsbca,46494208,46496100,1892,3D animation,"Nitro NSBCA, joint"
1902,/motion/ark080/50.nsbca,46496256,46498876,2620,3D animation,"Nitro NSBCA, joint"
1903,/motion/ark080/51.nsbca,46499328,46503048,3720,3D animation,"Nitro NSBCA, joint"
1904,/motion/ark080/52.nsbca,46503424,46507388,3964,3D animation,"Nitro NSBCA, joint"
1905,/motion/ark080/53.nsbca,46507520,46516928,9408,3D animation,"Nitro NSBCA, joint"
1906,/motion/ark080/54.nsbca,46517248,46521640,4392,3D animation,"Nitro NSBCA, joint"
1907,/motion/ark080/55.nsbca,46521856,46523732,1876,3D animation,"Nitro NSBCA, joint"
1908,/motion/ark080/56.nsbca,46523904,46528544,4640,3D animation,"Nitro NSBCA, joint"
1909,/motion/ark080/57.nsbca,46529024,46532256,3232,3D animation,"Nitro NSBCA, joint"
1910,/motion/ash040/00.nsbca,46532608,46535784,3176,3D animation,"Nitro NSBCA, joint"
1911,/motion/ash040/01.nsbca,46536192,46542148,5956,3D animation,"Nitro NSBCA, joint"
1912,/motion/ash040/02.nsbca,46542336,46546500,4164,3D animation,"Nitro NSBCA, joint"
1913,/motion/ash040/28.nsbca,46546944,46548948,2004,3D animation,"Nitro NSBCA, joint"
1914,/motion/ash040/29.nsbca,46548992,46554128,5136,3D animation,"Nitro NSBCA, joint"
1915,/motion/ash040/30.nsbca,46554624,46556584,1960,3D animation,"Nitro NSBCA, joint"
1916,/motion/ash040/39.nsbca,46556672,46558728,2056,3D animation,"Nitro NSBCA, joint"
1917,/motion/ash040/40.nsbca,46559232,46561356,2124,3D animation,"Nitro NSBCA, joint"
1918,/motion/ash040/41.nsbca,46561792,46563760,1968,3D animation,"Nitro NSBCA, joint"
1919,/motion/ash040/50.nsbca,46563840,46566972,3132,3D animation,"Nitro NSBCA, joint"
1920,/motion/ash040/51.nsbca,46567424,46571600,4176,3D animation,"Nitro NSBCA, joint"
1921,/motion/ash042/00.nsbca,46572032,46575208,3176,3D animation,"Nitro NSBCA, joint"
1922,/motion/ash042/01.nsbca,46575616,46581572,5956,3D animation,"Nitro NSBCA, joint"
1923,/motion/ash042/02.nsbca,46581760,46585924,4164,3D animation,"Nitro NSBCA, joint"
1924,/motion/ash042/28.nsbca,46586368,46588372,2004,3D animation,"Nitro NSBCA, joint"
1925,/motion/ash042/29.nsbca,46588416,46593552,5136,3D animation,"Nitro NSBCA, joint"
1926,/motion/ash042/30.nsbca,46594048,46596008,1960,3D animation,"Nitro NSBCA, joint"
1927,/motion/ash042/39.nsbca,46596096,46598152,2056,3D animation,"Nitro NSBCA, joint"
1928,/motion/ash042/40.nsbca,46598656,46600780,2124,3D animation,"Nitro NSBCA, joint"
1929,/motion/ash042/41.nsbca,46601216,46603184,1968,3D animation,"Nitro NSBCA, joint"
1930,/motion/ash042/50.nsbca,46603264,46606396,3132,3D animation,"Nitro NSBCA, joint"
1931,/motion/ash042/51.nsbca,46606848,46611024,4176,3D animation,"Nitro NSBCA, joint"
1932,/motion/ash043/00.nsbca,46611456,46614632,3176,3D animation,"Nitro NSBCA, joint"
1933,/motion/ash043/01.nsbca,46615040,46620996,5956,3D animation,"Nitro NSBCA, joint"
1934,/motion/ash043/02.nsbca,46621184,46625348,4164,3D animation,"Nitro NSBCA, joint"
1935,/motion/ash043/28.nsbca,46625792,46627796,2004,3D animation,"Nitro NSBCA, joint"
1936,/motion/ash043/29.nsbca,46627840,46632976,5136,3D animation,"Nitro NSBCA, joint"
1937,/motion/ash043/30.nsbca,46633472,46635432,1960,3D animation,"Nitro NSBCA, joint"
1938,/motion/ash043/39.nsbca,46635520,46637576,2056,3D animation,"Nitro NSBCA, joint"
1939,/motion/ash043/40.nsbca,46638080,46640204,2124,3D animation,"Nitro NSBCA, joint"
1940,/motion/ash043/41.nsbca,46640640,46642608,1968,3D animation,"Nitro NSBCA, joint"
1941,/motion/ash043/50.nsbca,46642688,46645820,3132,3D animation,"Nitro NSBCA, joint"
1942,/motion/ash043/51.nsbca,46646272,46650448,4176,3D animation,"Nitro NSBCA, joint"
1943,/motion/ash050/00.nsbca,46650880,46654076,3196,3D animation,"Nitro NSBCA, joint"
1944,/motion/ash050/01.nsbca,46654464,46659292,4828,3D animation,"Nitro NSBCA, joint"
1945,/motion/ash052/00.nsbca,46659584,46662780,3196,3D animation,"Nitro NSBCA, joint"
1946,/motion/ash052/01.nsbca,46663168,46667996,4828,3D animation,"Nitro NSBCA, joint"
1947,/motion/ash053/00.nsbca,46668288,46671484,3196,3D animation,"Nitro NSBCA, joint"
1948,/motion/ash053/01.nsbca,46671872,46676700,4828,3D animation,"Nitro NSBCA, joint"
1949,/motion/ash160/00.nsbca,46676992,46680776,3784,3D animation,"Nitro NSBCA, joint"
1950,/motion/ash160/38.nsbca,46681088,46684564,3476,3D animation,"Nitro NSBCA, joint"
1951,/motion/ash170/00.nsbca,46684672,46688916,4244,3D animation,"Nitro NSBCA, joint"
1952,/motion/ash170/50.nsbca,46689280,46693572,4292,3D animation,"Nitro NSBCA, joint"
1953,/motion/ash170/51.nsbca,46693888,46697060,3172,3D animation,"Nitro NSBCA, joint"
1954,/motion/ash170/52.nsbca,46697472,46701836,4364,3D animation,"Nitro NSBCA, joint"
1955,/motion/ash170/53.nsbca,46702080,46705476,3396,3D animation,"Nitro NSBCA, joint"
1956,/motion/ash171/00.nsbca,46705664,46709860,4196,3D animation,"Nitro NSBCA, joint"
1957,/motion/ash172/00.nsbca,46710272,46713396,3124,3D animation,"Nitro NSBCA, joint"
1958,/motion/ash173/00.nsbca,46713856,46717196,3340,3D animation,"Nitro NSBCA, joint"
1959,/motion/asu000/00.nsbca,46717440,46722800,5360,3D animation,"Nitro NSBCA, joint"
1960,/motion/asu000/01.nsbca,46723072,46730896,7824,3D animation,"Nitro NSBCA, joint"
1961,/motion/asu000/50.nsbca,46731264,46735324,4060,3D animation,"Nitro NSBCA, joint"
1962,/motion/asu000/51.nsbca,46735360,46743532,8172,3D animation,"Nitro NSBCA, joint"
1963,/motion/asu000/52.nsbca,46743552,46747188,3636,3D animation,"Nitro NSBCA, joint"
1964,/motion/asu000/53.nsbca,46747648,46751652,4004,3D animation,"Nitro NSBCA, joint"
1965,/motion/asu000/54.nsbca,46751744,46757572,5828,3D animation,"Nitro NSBCA, joint"
1966,/motion/asu000/55.nsbca,46757888,46762164,4276,3D animation,"Nitro NSBCA, joint"
1967,/motion/asu000/56.nsbca,46762496,46770248,7752,3D animation,"Nitro NSBCA, joint"
1968,/motion/asu000/57.nsbca,46770688,46782728,12040,3D animation,"Nitro NSBCA, joint"
1969,/motion/asu000/58.nsbca,46782976,46783900,924,3D animation,"Nitro NSBCA, joint"
1970,/motion/asu000/59.nsbca,46784000,46788176,4176,3D animation,"Nitro NSBCA, joint"
1971,/motion/asu000/60.nsbca,46788608,46793628,5020,3D animation,"Nitro NSBCA, joint"
1972,/motion/asu000/61.nsbca,46793728,46808996,15268,3D animation,"Nitro NSBCA, joint"
1973,/motion/asu000/62.nsbca,46809088,46813068,3980,3D animation,"Nitro NSBCA, joint"
1974,/motion/asu000/63.nsbca,46813184,46820760,7576,3D animation,"Nitro NSBCA, joint"
1975,/motion/asu000/64.nsbca,46820864,46826772,5908,3D animation,"Nitro NSBCA, joint"
1976,/motion/asu000/66.nsbca,46827008,46846520,19512,3D animation,"Nitro NSBCA, joint"
1977,/motion/asu000/67.nsbca,46846976,46854520,7544,3D animation,"Nitro NSBCA, joint"
1978,/motion/asu000/68.nsbca,46854656,46861404,6748,3D animation,"Nitro NSBCA, joint"
1979,/motion/asu000/69.nsbca,46861824,46875792,13968,3D animation,"Nitro NSBCA, joint"
1980,/motion/asu000/70.nsbca,46876160,46879472,3312,3D animation,"Nitro NSBCA, joint"
1981,/motion/asu000/71.nsbca,46879744,46889140,9396,3D animation,"Nitro NSBCA, joint"
1982,/motion/asu000/72.nsbca,46889472,46898224,8752,3D animation,"Nitro NSBCA, joint"
1983,/motion/asu000/73.nsbca,46898688,46906988,8300,3D animation,"Nitro NSBCA, joint"
1984,/motion/asu000/74.nsbca,46907392,46915060,7668,3D animation,"Nitro NSBCA, joint"
1985,/motion/asu000/76.nsbca,46915072,46921308,6236,3D animation,"Nitro NSBCA, joint"
1986,/motion/asu000/77.nsbca,46921728,46927992,6264,3D animation,"Nitro NSBCA, joint"
1987,/motion/cbs001/00.nsbca,46928384,46930144,1760,3D animation,"Nitro NSBCA, joint"
1988,/motion/cer000/00.nsbca,46930432,46933056,2624,3D animation,"Nitro NSBCA, joint"
1989,/motion/cer000/01.nsbca,46933504,46938592,5088,3D animation,"Nitro NSBCA, joint"
1990,/motion/cer000/02.nsbca,46938624,46942088,3464,3D animation,"Nitro NSBCA, joint"
1991,/motion/cer000/50.nsbca,46942208,46945468,3260,3D animation,"Nitro NSBCA, joint"
1992,/motion/cod000/00.nsbca,46945792,46948664,2872,3D animation,"Nitro NSBCA, joint"
1993,/motion/cod000/01.nsbca,46948864,46953304,4440,3D animation,"Nitro NSBCA, joint"
1994,/motion/cod000/02.nsbca,46953472,46956340,2868,3D animation,"Nitro NSBCA, joint"
1995,/motion/cod000/50.nsbca,46956544,46961000,4456,3D animation,"Nitro NSBCA, joint"
1996,/motion/cod000/51.nsbca,46961152,46964712,3560,3D animation,"Nitro NSBCA, joint"
1997,/motion/cod000/52.nsbca,46964736,46968536,3800,3D animation,"Nitro NSBCA, joint"
1998,/motion/cod000/53.nsbca,46968832,46974472,5640,3D animation,"Nitro NSBCA, joint"
1999,/motion/cod000/54.nsbca,46974976,46979076,4100,3D animation,"Nitro NSBCA, joint"
2000,/motion/cod000/55.nsbca,46979584,46982940,3356,3D animation,"Nitro NSBCA, joint"
2001,/motion/dur000/50.nsbca,46983168,46985244,2076,3D animation,"Nitro NSBCA, joint"
2002,/motion/dur000/51.nsbca,46985728,46987280,1552,3D animation,"Nitro NSBCA, joint"
2003,/motion/dur000/52.nsbca,46987776,46989308,1532,3D animation,"Nitro NSBCA, joint"
2004,/motion/dur000/53.nsbca,46989312,46990844,1532,3D animation,"Nitro NSBCA, joint"
2005,/motion/dur000/54.nsbca,46990848,46992912,2064,3D animation,"Nitro NSBCA, joint"
2006,/motion/dur000/58.nsbca,46993408,46993544,136,3D animation,"Nitro NSBCA, joint"
2007,/motion/gae000/00.nsbca,46993920,46994448,528,3D animation,"Nitro NSBCA, joint"
2008,/motion/gal020/00.nsbca,46994944,46998356,3412,3D animation,"Nitro NSBCA, joint"
2009,/motion/gal020/01.nsbca,46998528,47004652,6124,3D animation,"Nitro NSBCA, joint"
2010,/motion/gal020/02.nsbca,47004672,47008668,3996,3D animation,"Nitro NSBCA, joint"
2011,/motion/gal020/20.nsbca,47008768,47011844,3076,3D animation,"Nitro NSBCA, joint"
2012,/motion/gal020/21.nsbca,47012352,47015096,2744,3D animation,"Nitro NSBCA, joint"
2013,/motion/gal020/22.nsbca,47015424,47020356,4932,3D animation,"Nitro NSBCA, joint"
2014,/motion/gal020/28.nsbca,47020544,47022592,2048,3D animation,"Nitro NSBCA, joint"
2015,/motion/gal020/29.nsbca,47022592,47027644,5052,3D animation,"Nitro NSBCA, joint"
2016,/motion/gal020/30.nsbca,47027712,47029756,2044,3D animation,"Nitro NSBCA, joint"
2017,/motion/gal020/39.nsbca,47029760,47031680,1920,3D animation,"Nitro NSBCA, joint"
2018,/motion/gal020/40.nsbca,47031808,47033912,2104,3D animation,"Nitro NSBCA, joint"
2019,/motion/gal020/41.nsbca,47034368,47036360,1992,3D animation,"Nitro NSBCA, joint"
2020,/motion/gal020/50.nsbca,47036416,47038636,2220,3D animation,"Nitro NSBCA, joint"
2021,/motion/gal020/51.nsbca,47038976,47041196,2220,3D animation,"Nitro NSBCA, joint"
2022,/motion/gal020/52.nsbca,47041536,47045676,4140,3D animation,"Nitro NSBCA, joint"
2023,/motion/gal020/53.nsbca,47046144,47049588,3444,3D animation,"Nitro NSBCA, joint"
2024,/motion/gal020/54.nsbca,47049728,47057828,8100,3D animation,"Nitro NSBCA, joint"
2025,/motion/gal021/00.nsbca,47057920,47061332,3412,3D animation,"Nitro NSBCA, joint"
2026,/motion/gal021/01.nsbca,47061504,47067628,6124,3D animation,"Nitro NSBCA, joint"
2027,/motion/gal021/02.nsbca,47067648,47071644,3996,3D animation,"Nitro NSBCA, joint"
2028,/motion/gal021/20.nsbca,47071744,47074820,3076,3D animation,"Nitro NSBCA, joint"
2029,/motion/gal021/21.nsbca,47075328,47078072,2744,3D animation,"Nitro NSBCA, joint"
2030,/motion/gal021/22.nsbca,47078400,47083332,4932,3D animation,"Nitro NSBCA, joint"
2031,/motion/gal021/28.nsbca,47083520,47085568,2048,3D animation,"Nitro NSBCA, joint"
2032,/motion/gal021/29.nsbca,47085568,47090620,5052,3D animation,"Nitro NSBCA, joint"
2033,/motion/gal021/30.nsbca,47090688,47092732,2044,3D animation,"Nitro NSBCA, joint"
2034,/motion/gal021/39.nsbca,47092736,47094656,1920,3D animation,"Nitro NSBCA, joint"
2035,/motion/gal021/40.nsbca,47094784,47096888,2104,3D animation,"Nitro NSBCA, joint"
2036,/motion/gal021/41.nsbca,47097344,47099336,1992,3D animation,"Nitro NSBCA, joint"
2037,/motion/gal021/50.nsbca,47099392,47101612,2220,3D animation,"Nitro NSBCA, joint"
2038,/motion/gal021/51.nsbca,47101952,47104172,2220,3D animation,"Nitro NSBCA, joint"
2039,/motion/gal021/52.nsbca,47104512,47108652,4140,3D animation,"Nitro NSBCA, joint"
2040,/motion/gal021/53.nsbca,47109120,47112564,3444,3D animation,"Nitro NSBCA, joint"
2041,/motion/gal021/54.nsbca,47112704,47120804,8100,3D animation,"Nitro NSBCA, joint"
2042,/motion/gal030/00.nsbca,47120896,47124300,3404,3D animation,"Nitro NSBCA, joint"
2043,/motion/gal030/01.nsbca,47124480,47129476,4996,3D animation,"Nitro NSBCA, joint"
2044,/motion/gal030/50.nsbca,47129600,47131856,2256,3D animation,"Nitro NSBCA, joint"
2045,/motion/gal030/51.nsbca,47132160,47134416,2256,3D animation,"Nitro NSBCA, joint"
2046,/motion/gal030/52.nsbca,47134720,47137776,3056,3D animation,"Nitro NSBCA, joint"
2047,/motion/gal030/53.nsbca,47137792,47142780,4988,3D animation,"Nitro NSBCA, joint"
2048,/motion/gal031/00.nsbca,47142912,47146316,3404,3D animation,"Nitro NSBCA, joint"
2049,/motion/gal031/01.nsbca,47146496,47151492,4996,3D animation,"Nitro NSBCA, joint"
2050,/motion/gal031/50.nsbca,47151616,47153872,2256,3D animation,"Nitro NSBCA, joint"
2051,/motion/gal031/51.nsbca,47154176,47156432,2256,3D animation,"Nitro NSBCA, joint"
2052,/motion/gal031/52.nsbca,47156736,47159792,3056,3D animation,"Nitro NSBCA, joint"
2053,/motion/gal031/53.nsbca,47159808,47164796,4988,3D animation,"Nitro NSBCA, joint"
2054,/motion/gal032/00.nsbca,47164928,47168332,3404,3D animation,"Nitro NSBCA, joint"
2055,/motion/gal032/01.nsbca,47168512,47173508,4996,3D animation,"Nitro NSBCA, joint"
2056,/motion/gal032/50.nsbca,47173632,47175888,2256,3D animation,"Nitro NSBCA, joint"
2057,/motion/gal032/51.nsbca,47176192,47178448,2256,3D animation,"Nitro NSBCA, joint"
2058,/motion/gal032/52.nsbca,47178752,47181808,3056,3D animation,"Nitro NSBCA, joint"
2059,/motion/gal032/53.nsbca,47181824,47186812,4988,3D animation,"Nitro NSBCA, joint"
2060,/motion/gal060/00.nsbca,47186944,47191104,4160,3D animation,"Nitro NSBCA, joint"
2061,/motion/gal060/01.nsbca,47191552,47198552,7000,3D animation,"Nitro NSBCA, joint"
2062,/motion/gal060/11.nsbca,47198720,47201632,2912,3D animation,"Nitro NSBCA, joint"
2063,/motion/gal060/27.nsbca,47201792,47204792,3000,3D animation,"Nitro NSBCA, joint"
2064,/motion/gal060/50.nsbca,47204864,47207956,3092,3D animation,"Nitro NSBCA, joint"
2065,/motion/gal060/51.nsbca,47208448,47214512,6064,3D animation,"Nitro NSBCA, joint"
2066,/motion/gal070/00.nsbca,47214592,47217852,3260,3D animation,"Nitro NSBCA, joint"
2067,/motion/gal070/01.nsbca,47218176,47225468,7292,3D animation,"Nitro NSBCA, joint"
2068,/motion/gal070/11.nsbca,47225856,47228888,3032,3D animation,"Nitro NSBCA, joint"
2069,/motion/gal070/27.nsbca,47228928,47231912,2984,3D animation,"Nitro NSBCA, joint"
2070,/motion/gal070/50.nsbca,47232000,47234840,2840,3D animation,"Nitro NSBCA, joint"
2071,/motion/gal070/51.nsbca,47235072,47241556,6484,3D animation,"Nitro NSBCA, joint"
2072,/motion/gal180/00.nsbca,47241728,47249012,7284,3D animation,"Nitro NSBCA, joint"
2073,/motion/gal180/01.nsbca,47249408,47259904,10496,3D animation,"Nitro NSBCA, joint"
2074,/motion/gar000/00.nsbca,47260160,47264200,4040,3D animation,"Nitro NSBCA, joint"
2075,/motion/gar000/01.nsbca,47264256,47275536,11280,3D animation,"Nitro NSBCA, joint"
2076,/motion/gar000/11.nsbca,47276032,47279204,3172,3D animation,"Nitro NSBCA, joint"
2077,/motion/gar000/49.nsbca,47279616,47283440,3824,3D animation,"Nitro NSBCA, joint"
2078,/motion/gar000/50.nsbca,47283712,47286020,2308,3D animation,"Nitro NSBCA, joint"
2079,/motion/gar000/51.nsbca,47286272,47291576,5304,3D animation,"Nitro NSBCA, joint"
2080,/motion/gar000/52.nsbca,47291904,47299336,7432,3D animation,"Nitro NSBCA, joint"
2081,/motion/gar000/53.nsbca,47299584,47303168,3584,3D animation,"Nitro NSBCA, joint"
2082,/motion/gar000/55.nsbca,47303168,47307500,4332,3D animation,"Nitro NSBCA, joint"
2083,/motion/gar000/56.nsbca,47307776,47312452,4676,3D animation,"Nitro NSBCA, joint"
2084,/motion/gar000/57.nsbca,47312896,47319944,7048,3D animation,"Nitro NSBCA, joint"
2085,/motion/gar000/58.nsbca,47320064,47324944,4880,3D animation,"Nitro NSBCA, joint"
2086,/motion/gar000/59.nsbca,47325184,47331212,6028,3D animation,"Nitro NSBCA, joint"
2087,/motion/gar000/60.nsbca,47331328,47335804,4476,3D animation,"Nitro NSBCA, joint"
2088,/motion/gar000/61.nsbca,47335936,47340932,4996,3D animation,"Nitro NSBCA, joint"
2089,/motion/gar000/62.nsbca,47341056,47349840,8784,3D animation,"Nitro NSBCA, joint"
2090,/motion/gar000/63.nsbca,47350272,47360184,9912,3D animation,"Nitro NSBCA, joint"
2091,/motion/gar000/64.nsbca,47360512,47369544,9032,3D animation,"Nitro NSBCA, joint"
2092,/motion/gar000/65.nsbca,47369728,47374560,4832,3D animation,"Nitro NSBCA, joint"
2093,/motion/gar000/66.nsbca,47374848,47378296,3448,3D animation,"Nitro NSBCA, joint"
2094,/motion/gar000/67.nsbca,47378432,47381316,2884,3D animation,"Nitro NSBCA, joint"
2095,/motion/gar000/68.nsbca,47381504,47388428,6924,3D animation,"Nitro NSBCA, joint"
2096,/motion/gar000/69.nsbca,47388672,47402072,13400,3D animation,"Nitro NSBCA, joint"
2097,/motion/gar020/00.nsbca,47402496,47405908,3412,3D animation,"Nitro NSBCA, joint"
2098,/motion/gar020/01.nsbca,47406080,47412204,6124,3D animation,"Nitro NSBCA, joint"
2099,/motion/gar020/02.nsbca,47412224,47416220,3996,3D animation,"Nitro NSBCA, joint"
2100,/motion/gar020/20.nsbca,47416320,47419396,3076,3D animation,"Nitro NSBCA, joint"
2101,/motion/gar020/21.nsbca,47419904,47422648,2744,3D animation,"Nitro NSBCA, joint"
2102,/motion/gar020/22.nsbca,47422976,47427908,4932,3D animation,"Nitro NSBCA, joint"
2103,/motion/gar020/28.nsbca,47428096,47430144,2048,3D animation,"Nitro NSBCA, joint"
2104,/motion/gar020/29.nsbca,47430144,47435196,5052,3D animation,"Nitro NSBCA, joint"
2105,/motion/gar020/30.nsbca,47435264,47437308,2044,3D animation,"Nitro NSBCA, joint"
2106,/motion/gar020/39.nsbca,47437312,47439232,1920,3D animation,"Nitro NSBCA, joint"
2107,/motion/gar020/40.nsbca,47439360,47441464,2104,3D animation,"Nitro NSBCA, joint"
2108,/motion/gar020/41.nsbca,47441920,47443912,1992,3D animation,"Nitro NSBCA, joint"
2109,/motion/gar020/50.nsbca,47443968,47446188,2220,3D animation,"Nitro NSBCA, joint"
2110,/motion/gar020/51.nsbca,47446528,47448748,2220,3D animation,"Nitro NSBCA, joint"
2111,/motion/gar020/52.nsbca,47449088,47453228,4140,3D animation,"Nitro NSBCA, joint"
2112,/motion/gar020/53.nsbca,47453696,47457140,3444,3D animation,"Nitro NSBCA, joint"
2113,/motion/gar020/54.nsbca,47457280,47465380,8100,3D animation,"Nitro NSBCA, joint"
2114,/motion/gar022/00.nsbca,47465472,47468884,3412,3D animation,"Nitro NSBCA, joint"
2115,/motion/gar022/01.nsbca,47469056,47475180,6124,3D animation,"Nitro NSBCA, joint"
2116,/motion/gar022/02.nsbca,47475200,47479196,3996,3D animation,"Nitro NSBCA, joint"
2117,/motion/gar022/20.nsbca,47479296,47482372,3076,3D animation,"Nitro NSBCA, joint"
2118,/motion/gar022/21.nsbca,47482880,47485624,2744,3D animation,"Nitro NSBCA, joint"
2119,/motion/gar022/22.nsbca,47485952,47490884,4932,3D animation,"Nitro NSBCA, joint"
2120,/motion/gar022/28.nsbca,47491072,47493120,2048,3D animation,"Nitro NSBCA, joint"
2121,/motion/gar022/29.nsbca,47493120,47498172,5052,3D animation,"Nitro NSBCA, joint"
2122,/motion/gar022/30.nsbca,47498240,47500284,2044,3D animation,"Nitro NSBCA, joint"
2123,/motion/gar022/39.nsbca,47500288,47502208,1920,3D animation,"Nitro NSBCA, joint"
2124,/motion/gar022/40.nsbca,47502336,47504440,2104,3D animation,"Nitro NSBCA, joint"
2125,/motion/gar022/41.nsbca,47504896,47506888,1992,3D animation,"Nitro NSBCA, joint"
2126,/motion/gar022/50.nsbca,47506944,47509164,2220,3D animation,"Nitro NSBCA, joint"
2127,/motion/gar022/51.nsbca,47509504,47511724,2220,3D animation,"Nitro NSBCA, joint"
2128,/motion/gar022/52.nsbca,47512064,47516204,4140,3D animation,"Nitro NSBCA, joint"
2129,/motion/gar022/53.nsbca,47516672,47520116,3444,3D animation,"Nitro NSBCA, joint"
2130,/motion/gar022/54.nsbca,47520256,47528356,8100,3D animation,"Nitro NSBCA, joint"
2131,/motion/gar040/00.nsbca,47528448,47531624,3176,3D animation,"Nitro NSBCA, joint"
2132,/motion/gar040/01.nsbca,47532032,47537988,5956,3D animation,"Nitro NSBCA, joint"
2133,/motion/gar040/02.nsbca,47538176,47542340,4164,3D animation,"Nitro NSBCA, joint"
2134,/motion/gar040/28.nsbca,47542784,47544788,2004,3D animation,"Nitro NSBCA, joint"
2135,/motion/gar040/29.nsbca,47544832,47549968,5136,3D animation,"Nitro NSBCA, joint"
2136,/motion/gar040/30.nsbca,47550464,47552424,1960,3D animation,"Nitro NSBCA, joint"
2137,/motion/gar040/39.nsbca,47552512,47554568,2056,3D animation,"Nitro NSBCA, joint"
2138,/motion/gar040/40.nsbca,47555072,47557196,2124,3D animation,"Nitro NSBCA, joint"
2139,/motion/gar040/41.nsbca,47557632,47559600,1968,3D animation,"Nitro NSBCA, joint"
2140,/motion/gar040/50.nsbca,47559680,47562812,3132,3D animation,"Nitro NSBCA, joint"
2141,/motion/gar040/51.nsbca,47563264,47567440,4176,3D animation,"Nitro NSBCA, joint"
2142,/motion/gar050/00.nsbca,47567872,47571068,3196,3D animation,"Nitro NSBCA, joint"
2143,/motion/gar050/01.nsbca,47571456,47576284,4828,3D animation,"Nitro NSBCA, joint"
2144,/motion/gar080/00.nsbca,47576576,47580588,4012,3D animation,"Nitro NSBCA, joint"
2145,/motion/gar080/01.nsbca,47580672,47588140,7468,3D animation,"Nitro NSBCA, joint"
2146,/motion/gar080/02.nsbca,47588352,47592352,4000,3D animation,"Nitro NSBCA, joint"
2147,/motion/gar080/39.nsbca,47592448,47594260,1812,3D animation,"Nitro NSBCA, joint"
2148,/motion/gar080/40.nsbca,47594496,47596636,2140,3D animation,"Nitro NSBCA, joint"
2149,/motion/gar080/41.nsbca,47597056,47598948,1892,3D animation,"Nitro NSBCA, joint"
2150,/motion/gar080/50.nsbca,47599104,47601724,2620,3D animation,"Nitro NSBCA, joint"
2151,/motion/gar080/51.nsbca,47602176,47605896,3720,3D animation,"Nitro NSBCA, joint"
2152,/motion/gar080/52.nsbca,47606272,47610236,3964,3D animation,"Nitro NSBCA, joint"
2153,/motion/gar080/53.nsbca,47610368,47619776,9408,3D animation,"Nitro NSBCA, joint"
2154,/motion/gar080/54.nsbca,47620096,47624488,4392,3D animation,"Nitro NSBCA, joint"
2155,/motion/gar080/55.nsbca,47624704,47626580,1876,3D animation,"Nitro NSBCA, joint"
2156,/motion/gar080/56.nsbca,47626752,47631392,4640,3D animation,"Nitro NSBCA, joint"
2157,/motion/gar080/57.nsbca,47631872,47635104,3232,3D animation,"Nitro NSBCA, joint"
2158,/motion/gar190/00.nsbca,47635456,47641768,6312,3D animation,"Nitro NSBCA, joint"
2159,/motion/gar190/01.nsbca,47642112,47650004,7892,3D animation,"Nitro NSBCA, joint"
2160,/motion/gri040/00.nsbca,47650304,47653896,3592,3D animation,"Nitro NSBCA, joint"
2161,/motion/gri040/01.nsbca,47654400,47661444,7044,3D animation,"Nitro NSBCA, joint"
2162,/motion/gri040/02.nsbca,47661568,47665952,4384,3D animation,"Nitro NSBCA, joint"
2163,/motion/gri040/28.nsbca,47666176,47668084,1908,3D animation,"Nitro NSBCA, joint"
2164,/motion/gri040/29.nsbca,47668224,47672244,4020,3D animation,"Nitro NSBCA, joint"
2165,/motion/gri040/30.nsbca,47672320,47674232,1912,3D animation,"Nitro NSBCA, joint"
2166,/motion/gri040/39.nsbca,47674368,47676424,2056,3D animation,"Nitro NSBCA, joint"
2167,/motion/gri040/40.nsbca,47676928,47679052,2124,3D animation,"Nitro NSBCA, joint"
2168,/motion/gri040/41.nsbca,47679488,47681456,1968,3D animation,"Nitro NSBCA, joint"
2169,/motion/gri040/50.nsbca,47681536,47691052,9516,3D animation,"Nitro NSBCA, joint"
2170,/motion/gri040/51.nsbca,47691264,47694976,3712,3D animation,"Nitro NSBCA, joint"
2171,/motion/gri041/00.nsbca,47695360,47698952,3592,3D animation,"Nitro NSBCA, joint"
2172,/motion/gri041/01.nsbca,47699456,47706500,7044,3D animation,"Nitro NSBCA, joint"
2173,/motion/gri041/02.nsbca,47706624,47711008,4384,3D animation,"Nitro NSBCA, joint"
2174,/motion/gri041/28.nsbca,47711232,47713140,1908,3D animation,"Nitro NSBCA, joint"
2175,/motion/gri041/29.nsbca,47713280,47717300,4020,3D animation,"Nitro NSBCA, joint"
2176,/motion/gri041/30.nsbca,47717376,47719288,1912,3D animation,"Nitro NSBCA, joint"
2177,/motion/gri041/39.nsbca,47719424,47721480,2056,3D animation,"Nitro NSBCA, joint"
2178,/motion/gri041/40.nsbca,47721984,47724108,2124,3D animation,"Nitro NSBCA, joint"
2179,/motion/gri041/41.nsbca,47724544,47726512,1968,3D animation,"Nitro NSBCA, joint"
2180,/motion/gri041/50.nsbca,47726592,47736108,9516,3D animation,"Nitro NSBCA, joint"
2181,/motion/gri041/51.nsbca,47736320,47740032,3712,3D animation,"Nitro NSBCA, joint"
2182,/motion/gri043/00.nsbca,47740416,47744008,3592,3D animation,"Nitro NSBCA, joint"
2183,/motion/gri043/01.nsbca,47744512,47751556,7044,3D animation,"Nitro NSBCA, joint"
2184,/motion/gri043/02.nsbca,47751680,47756064,4384,3D animation,"Nitro NSBCA, joint"
2185,/motion/gri043/28.nsbca,47756288,47758196,1908,3D animation,"Nitro NSBCA, joint"
2186,/motion/gri043/29.nsbca,47758336,47762356,4020,3D animation,"Nitro NSBCA, joint"
2187,/motion/gri043/30.nsbca,47762432,47764344,1912,3D animation,"Nitro NSBCA, joint"
2188,/motion/gri043/39.nsbca,47764480,47766536,2056,3D animation,"Nitro NSBCA, joint"
2189,/motion/gri043/40.nsbca,47767040,47769164,2124,3D animation,"Nitro NSBCA, joint"
2190,/motion/gri043/41.nsbca,47769600,47771568,1968,3D animation,"Nitro NSBCA, joint"
2191,/motion/gri043/50.nsbca,47771648,47781164,9516,3D animation,"Nitro NSBCA, joint"
2192,/motion/gri043/51.nsbca,47781376,47785088,3712,3D animation,"Nitro NSBCA, joint"
2193,/motion/gri043/52.nsbca,47785472,47789436,3964,3D animation,"Nitro NSBCA, joint"
2194,/motion/gri043/53.nsbca,47789568,47798976,9408,3D animation,"Nitro NSBCA, joint"
2195,/motion/gri043/54.nsbca,47799296,47803688,4392,3D animation,"Nitro NSBCA, joint"
2196,/motion/gri043/55.nsbca,47803904,47805780,1876,3D animation,"Nitro NSBCA, joint"
2197,/motion/gri043/56.nsbca,47805952,47810592,4640,3D animation,"Nitro NSBCA, joint"
2198,/motion/her000/00.nsbca,47811072,47813908,2836,3D animation,"Nitro NSBCA, joint"
2199,/motion/her000/01.nsbca,47814144,47822484,8340,3D animation,"Nitro NSBCA, joint"
2200,/motion/her000/02.nsbca,47822848,47827352,4504,3D animation,"Nitro NSBCA, joint"
2201,/motion/her000/03.nsbca,47827456,47838952,11496,3D animation,"Nitro NSBCA, joint"
2202,/motion/her000/04.nsbca,47839232,47843272,4040,3D animation,"Nitro NSBCA, joint"
2203,/motion/her000/05.nsbca,47843328,47861688,18360,3D animation,"Nitro NSBCA, joint"
2204,/motion/her000/06.nsbca,47861760,47867792,6032,3D animation,"Nitro NSBCA, joint"
2205,/motion/her000/07.nsbca,47867904,47871832,3928,3D animation,"Nitro NSBCA, joint"
2206,/motion/her000/08.nsbca,47872000,47875376,3376,3D animation,"Nitro NSBCA, joint"
2207,/motion/her000/09.nsbca,47875584,47881632,6048,3D animation,"Nitro NSBCA, joint"
2208,/motion/her000/10.nsbca,47881728,47885212,3484,3D animation,"Nitro NSBCA, joint"
2209,/motion/her000/11.nsbca,47885312,47890600,5288,3D animation,"Nitro NSBCA, joint"
2210,/motion/her000/12.nsbca,47890944,47895048,4104,3D animation,"Nitro NSBCA, joint"
2211,/motion/her000/13.nsbca,47895552,47898692,3140,3D animation,"Nitro NSBCA, joint"
2212,/motion/her000/14.nsbca,47899136,47908220,9084,3D animation,"Nitro NSBCA, joint"
2213,/motion/her000/15.nsbca,47908352,47910896,2544,3D animation,"Nitro NSBCA, joint"
2214,/motion/her000/16.nsbca,47910912,47917792,6880,3D animation,"Nitro NSBCA, joint"
2215,/motion/her000/17.nsbca,47918080,47920620,2540,3D animation,"Nitro NSBCA, joint"
2216,/motion/her000/18.nsbca,47920640,47925548,4908,3D animation,"Nitro NSBCA, joint"
2217,/motion/her000/19.nsbca,47925760,47936848,11088,3D animation,"Nitro NSBCA, joint"
2218,/motion/her000/20.nsbca,47937024,47940880,3856,3D animation,"Nitro NSBCA, joint"
2219,/motion/her000/21.nsbca,47941120,47944692,3572,3D animation,"Nitro NSBCA, joint"
2220,/motion/her000/22.nsbca,47944704,47949364,4660,3D animation,"Nitro NSBCA, joint"
2221,/motion/her000/23.nsbca,47949824,47957744,7920,3D animation,"Nitro NSBCA, joint"
2222,/motion/her000/24.nsbca,47958016,47962684,4668,3D animation,"Nitro NSBCA, joint"
2223,/motion/her000/25.nsbca,47963136,47965540,2404,3D animation,"Nitro NSBCA, joint"
2224,/motion/her000/27.nsbca,47965696,47970540,4844,3D animation,"Nitro NSBCA, joint"
2225,/motion/her000/28.nsbca,47970816,47973048,2232,3D animation,"Nitro NSBCA, joint"
2226,/motion/her000/29.nsbca,47973376,47978140,4764,3D animation,"Nitro NSBCA, joint"
2227,/motion/her000/30.nsbca,47978496,47981292,2796,3D animation,"Nitro NSBCA, joint"
2228,/motion/her000/31.nsbca,47981568,47988864,7296,3D animation,"Nitro NSBCA, joint"
2229,/motion/her000/32.nsbca,47989248,47993784,4536,3D animation,"Nitro NSBCA, joint"
2230,/motion/her000/33.nsbca,47993856,47997912,4056,3D animation,"Nitro NSBCA, joint"
2231,/motion/her000/34.nsbca,47997952,48003468,5516,3D animation,"Nitro NSBCA, joint"
2232,/motion/her000/35.nsbca,48003584,48012020,8436,3D animation,"Nitro NSBCA, joint"
2233,/motion/her000/36.nsbca,48012288,48016096,3808,3D animation,"Nitro NSBCA, joint"
2234,/motion/her000/37.nsbca,48016384,48021568,5184,3D animation,"Nitro NSBCA, joint"
2235,/motion/her000/39.nsbca,48022016,48024088,2072,3D animation,"Nitro NSBCA, joint"
2236,/motion/her000/40.nsbca,48024576,48027060,2484,3D animation,"Nitro NSBCA, joint"
2237,/motion/her000/41.nsbca,48027136,48029308,2172,3D animation,"Nitro NSBCA, joint"
2238,/motion/her000/48.nsbca,48029696,48030552,856,3D animation,"Nitro NSBCA, joint"
2239,/motion/her000/49.nsbca,48030720,48036236,5516,3D animation,"Nitro NSBCA, joint"
2240,/motion/her000/50.nsbca,48036352,48041456,5104,3D animation,"Nitro NSBCA, joint"
2241,/motion/her000/51.nsbca,48041472,48046616,5144,3D animation,"Nitro NSBCA, joint"
2242,/motion/her000/52.nsbca,48047104,48051780,4676,3D animation,"Nitro NSBCA, joint"
2243,/motion/her000/54.nsbca,48052224,48056676,4452,3D animation,"Nitro NSBCA, joint"
2244,/motion/her000/55.nsbca,48056832,48061560,4728,3D animation,"Nitro NSBCA, joint"
2245,/motion/her000/57.nsbca,48061952,48064884,2932,3D animation,"Nitro NSBCA, joint"
2246,/motion/her000/58.nsbca,48065024,48070908,5884,3D animation,"Nitro NSBCA, joint"
2247,/motion/her000/59.nsbca,48071168,48074388,3220,3D animation,"Nitro NSBCA, joint"
2248,/motion/her000/60.nsbca,48074752,48079200,4448,3D animation,"Nitro NSBCA, joint"
2249,/motion/her000/61.nsbca,48079360,48084816,5456,3D animation,"Nitro NSBCA, joint"
2250,/motion/her000/62.nsbca,48084992,48089944,4952,3D animation,"Nitro NSBCA, joint"
2251,/motion/her000/63.nsbca,48090112,48093828,3716,3D animation,"Nitro NSBCA, joint"
2252,/motion/her000/64.nsbca,48094208,48097456,3248,3D animation,"Nitro NSBCA, joint"
2253,/motion/her000/65.nsbca,48097792,48101648,3856,3D animation,"Nitro NSBCA, joint"
2254,/motion/her000/66.nsbca,48101888,48106692,4804,3D animation,"Nitro NSBCA, joint"
2255,/motion/her000/67.nsbca,48107008,48111280,4272,3D animation,"Nitro NSBCA, joint"
2256,/motion/her000/68.nsbca,48111616,48119200,7584,3D animation,"Nitro NSBCA, joint"
2257,/motion/her000/69.nsbca,48119296,48123868,4572,3D animation,"Nitro NSBCA, joint"
2258,/motion/her000/70.nsbca,48123904,48128996,5092,3D animation,"Nitro NSBCA, joint"
2259,/motion/her000/71.nsbca,48129024,48134572,5548,3D animation,"Nitro NSBCA, joint"
2260,/motion/her000/72.nsbca,48134656,48139688,5032,3D animation,"Nitro NSBCA, joint"
2261,/motion/her000/73.nsbca,48139776,48149116,9340,3D animation,"Nitro NSBCA, joint"
2262,/motion/her000/74.nsbca,48149504,48155824,6320,3D animation,"Nitro NSBCA, joint"
2263,/motion/her000/75.nsbca,48156160,48160452,4292,3D animation,"Nitro NSBCA, joint"
2264,/motion/her000/76.nsbca,48160768,48164608,3840,3D animation,"Nitro NSBCA, joint"
2265,/motion/her000/77.nsbca,48164864,48168784,3920,3D animation,"Nitro NSBCA, joint"
2266,/motion/her000/78.nsbca,48168960,48171948,2988,3D animation,"Nitro NSBCA, joint"
2267,/motion/her000/79.nsbca,48172032,48178968,6936,3D animation,"Nitro NSBCA, joint"
2268,/motion/her000/80.nsbca,48179200,48183216,4016,3D animation,"Nitro NSBCA, joint"
2269,/motion/her000/81.nsbca,48183296,48189640,6344,3D animation,"Nitro NSBCA, joint"
2270,/motion/him000/50.nsbca,48189952,48195244,5292,3D animation,"Nitro NSBCA, joint"
2271,/motion/him000/51.nsbca,48195584,48199860,4276,3D animation,"Nitro NSBCA, joint"
2272,/motion/hst000/00.nsbca,48200192,48204208,4016,3D animation,"Nitro NSBCA, joint"
2273,/motion/hst000/01.nsbca,48204288,48213356,9068,3D animation,"Nitro NSBCA, joint"
2274,/motion/hst000/50.nsbca,48213504,48216672,3168,3D animation,"Nitro NSBCA, joint"
2275,/motion/hst000/51.nsbca,48217088,48220712,3624,3D animation,"Nitro NSBCA, joint"
2276,/motion/hst000/52.nsbca,48221184,48224768,3584,3D animation,"Nitro NSBCA, joint"
2277,/motion/hst000/53.nsbca,48224768,48228552,3784,3D animation,"Nitro NSBCA, joint"
2278,/motion/hst000/54.nsbca,48228864,48234940,6076,3D animation,"Nitro NSBCA, joint"
2279,/motion/hst000/55.nsbca,48235008,48237696,2688,3D animation,"Nitro NSBCA, joint"
2280,/motion/hst000/56.nsbca,48238080,48243176,5096,3D animation,"Nitro NSBCA, joint"
2281,/motion/hst000/57.nsbca,48243200,48247952,4752,3D animation,"Nitro NSBCA, joint"
2282,/motion/hst000/58.nsbca,48248320,48253696,5376,3D animation,"Nitro NSBCA, joint"
2283,/motion/hst000/61.nsbca,48253952,48261584,7632,3D animation,"Nitro NSBCA, joint"
2284,/motion/hst000/62.nsbca,48261632,48265212,3580,3D animation,"Nitro NSBCA, joint"
2285,/motion/hst000/63.nsbca,48265216,48269096,3880,3D animation,"Nitro NSBCA, joint"
2286,/motion/hst000/64.nsbca,48269312,48273624,4312,3D animation,"Nitro NSBCA, joint"
2287,/motion/hst000/65.nsbca,48273920,48277136,3216,3D animation,"Nitro NSBCA, joint"
2288,/motion/hst000/66.nsbca,48277504,48282412,4908,3D animation,"Nitro NSBCA, joint"
2289,/motion/hst000/67.nsbca,48282624,48292180,9556,3D animation,"Nitro NSBCA, joint"
2290,/motion/hst000/68.nsbca,48292352,48299088,6736,3D animation,"Nitro NSBCA, joint"
2291,/motion/hst000/69.nsbca,48299520,48311124,11604,3D animation,"Nitro NSBCA, joint"
2292,/motion/hst000/70.nsbca,48311296,48314432,3136,3D animation,"Nitro NSBCA, joint"
2293,/motion/hst000/71.nsbca,48314880,48327612,12732,3D animation,"Nitro NSBCA, joint"
2294,/motion/hst000/72.nsbca,48327680,48335728,8048,3D animation,"Nitro NSBCA, joint"
2295,/motion/hyu000/00.nsbca,48335872,48339052,3180,3D animation,"Nitro NSBCA, joint"
2296,/motion/hyu000/01.nsbca,48339456,48346076,6620,3D animation,"Nitro NSBCA, joint"
2297,/motion/hyu000/33.nsbca,48346112,48352448,6336,3D animation,"Nitro NSBCA, joint"
2298,/motion/hyu000/34.nsbca,48352768,48356932,4164,3D animation,"Nitro NSBCA, joint"
2299,/motion/hyu000/35.nsbca,48357376,48366336,8960,3D animation,"Nitro NSBCA, joint"
2300,/motion/hyu000/50.nsbca,48366592,48373528,6936,3D animation,"Nitro NSBCA, joint"
2301,/motion/hyu000/51.nsbca,48373760,48374564,804,3D animation,"Nitro NSBCA, joint"
2302,/motion/ina000/00.nsbca,48374784,48378896,4112,3D animation,"Nitro NSBCA, joint"
2303,/motion/ina000/01.nsbca,48379392,48385740,6348,3D animation,"Nitro NSBCA, joint"
2304,/motion/ina000/50.nsbca,48386048,48389184,3136,3D animation,"Nitro NSBCA, joint"
2305,/motion/ina000/51.nsbca,48389632,48392528,2896,3D animation,"Nitro NSBCA, joint"
2306,/motion/ina000/60.nsbca,48392704,48397268,4564,3D animation,"Nitro NSBCA, joint"
2307,/motion/ina000/61.nsbca,48397312,48400824,3512,3D animation,"Nitro NSBCA, joint"
2308,/motion/ina000/62.nsbca,48400896,48403428,2532,3D animation,"Nitro NSBCA, joint"
2309,/motion/ina000/63.nsbca,48403456,48418204,14748,3D animation,"Nitro NSBCA, joint"
2310,/motion/ina000/64.nsbca,48418304,48423160,4856,3D animation,"Nitro NSBCA, joint"
2311,/motion/ina000/65.nsbca,48423424,48424644,1220,3D animation,"Nitro NSBCA, joint"
2312,/motion/ina000/66.nsbca,48424960,48430228,5268,3D animation,"Nitro NSBCA, joint"
2313,/motion/ina000/67.nsbca,48430592,48432460,1868,3D animation,"Nitro NSBCA, joint"
2314,/motion/ina000/68.nsbca,48432640,48434508,1868,3D animation,"Nitro NSBCA, joint"
2315,/motion/iri000/00.nsbca,48434688,48439700,5012,3D animation,"Nitro NSBCA, joint"
2316,/motion/iri000/01.nsbca,48439808,48448908,9100,3D animation,"Nitro NSBCA, joint"
2317,/motion/iri000/02.nsbca,48449024,48453272,4248,3D animation,"Nitro NSBCA, joint"
2318,/motion/iri000/03.nsbca,48453632,48464880,11248,3D animation,"Nitro NSBCA, joint"
2319,/motion/iri000/04.nsbca,48464896,48470136,5240,3D animation,"Nitro NSBCA, joint"
2320,/motion/iri000/05.nsbca,48470528,48480052,9524,3D animation,"Nitro NSBCA, joint"
2321,/motion/iri000/06.nsbca,48480256,48487272,7016,3D animation,"Nitro NSBCA, joint"
2322,/motion/iri000/07.nsbca,48487424,48491656,4232,3D animation,"Nitro NSBCA, joint"
2323,/motion/iri000/08.nsbca,48492032,48495552,3520,3D animation,"Nitro NSBCA, joint"
2324,/motion/iri000/09.nsbca,48495616,48503244,7628,3D animation,"Nitro NSBCA, joint"
2325,/motion/iri000/10.nsbca,48503296,48507556,4260,3D animation,"Nitro NSBCA, joint"
2326,/motion/iri000/11.nsbca,48507904,48511472,3568,3D animation,"Nitro NSBCA, joint"
2327,/motion/iri000/12.nsbca,48511488,48516880,5392,3D animation,"Nitro NSBCA, joint"
2328,/motion/iri000/13.nsbca,48517120,48519640,2520,3D animation,"Nitro NSBCA, joint"
2329,/motion/iri000/14.nsbca,48519680,48525744,6064,3D animation,"Nitro NSBCA, joint"
2330,/motion/iri000/15.nsbca,48525824,48530260,4436,3D animation,"Nitro NSBCA, joint"
2331,/motion/iri000/16.nsbca,48530432,48536608,6176,3D animation,"Nitro NSBCA, joint"
2332,/motion/iri000/17.nsbca,48537088,48540108,3020,3D animation,"Nitro NSBCA, joint"
2333,/motion/iri000/18.nsbca,48540160,48543024,2864,3D animation,"Nitro NSBCA, joint"
2334,/motion/iri000/19.nsbca,48543232,48546640,3408,3D animation,"Nitro NSBCA, joint"
2335,/motion/iri000/20.nsbca,48546816,48550316,3500,3D animation,"Nitro NSBCA, joint"
2336,/motion/iri000/21.nsbca,48550400,48554132,3732,3D animation,"Nitro NSBCA, joint"
2337,/motion/iri000/22.nsbca,48554496,48560104,5608,3D animation,"Nitro NSBCA, joint"
2338,/motion/iri000/23.nsbca,48560128,48567924,7796,3D animation,"Nitro NSBCA, joint"
2339,/motion/iri000/24.nsbca,48568320,48572880,4560,3D animation,"Nitro NSBCA, joint"
2340,/motion/iri000/25.nsbca,48572928,48575624,2696,3D animation,"Nitro NSBCA, joint"
2341,/motion/iri000/26.nsbca,48576000,48581764,5764,3D animation,"Nitro NSBCA, joint"
2342,/motion/iri000/27.nsbca,48582144,48587404,5260,3D animation,"Nitro NSBCA, joint"
2343,/motion/iri000/28.nsbca,48587776,48590412,2636,3D animation,"Nitro NSBCA, joint"
2344,/motion/iri000/29.nsbca,48590848,48594160,3312,3D animation,"Nitro NSBCA, joint"
2345,/motion/iri000/30.nsbca,48594432,48596956,2524,3D animation,"Nitro NSBCA, joint"
2346,/motion/iri000/31.nsbca,48596992,48603524,6532,3D animation,"Nitro NSBCA, joint"
2347,/motion/iri000/32.nsbca,48603648,48605968,2320,3D animation,"Nitro NSBCA, joint"
2348,/motion/iri000/33.nsbca,48606208,48610708,4500,3D animation,"Nitro NSBCA, joint"
2349,/motion/iri000/34.nsbca,48610816,48613476,2660,3D animation,"Nitro NSBCA, joint"
2350,/motion/iri000/35.nsbca,48613888,48625160,11272,3D animation,"Nitro NSBCA, joint"
2351,/motion/iri000/36.nsbca,48625664,48630984,5320,3D animation,"Nitro NSBCA, joint"
2352,/motion/iri000/37.nsbca,48631296,48636448,5152,3D animation,"Nitro NSBCA, joint"
2353,/motion/iri000/45.nsbca,48636928,48639220,2292,3D animation,"Nitro NSBCA, joint"
2354,/motion/iri000/46.nsbca,48639488,48643840,4352,3D animation,"Nitro NSBCA, joint"
2355,/motion/iri000/47.nsbca,48644096,48650188,6092,3D animation,"Nitro NSBCA, joint"
2356,/motion/iri000/48.nsbca,48650240,48651168,928,3D animation,"Nitro NSBCA, joint"
2357,/motion/iri000/49.nsbca,48651264,48655724,4460,3D animation,"Nitro NSBCA, joint"
2358,/motion/iri000/50.nsbca,48655872,48660652,4780,3D animation,"Nitro NSBCA, joint"
2359,/motion/iri000/51.nsbca,48660992,48664268,3276,3D animation,"Nitro NSBCA, joint"
2360,/motion/iri000/52.nsbca,48664576,48668140,3564,3D animation,"Nitro NSBCA, joint"
2361,/motion/iri000/53.nsbca,48668160,48676592,8432,3D animation,"Nitro NSBCA, joint"
2362,/motion/iri000/54.nsbca,48676864,48686756,9892,3D animation,"Nitro NSBCA, joint"
2363,/motion/iri000/55.nsbca,48687104,48691616,4512,3D animation,"Nitro NSBCA, joint"
2364,/motion/iri000/56.nsbca,48691712,48695688,3976,3D animation,"Nitro NSBCA, joint"
2365,/motion/iri000/57.nsbca,48695808,48699936,4128,3D animation,"Nitro NSBCA, joint"
2366,/motion/iri000/59.nsbca,48700416,48704808,4392,3D animation,"Nitro NSBCA, joint"
2367,/motion/iri000/60.nsbca,48705024,48709160,4136,3D animation,"Nitro NSBCA, joint"
2368,/motion/iri000/61.nsbca,48709632,48713828,4196,3D animation,"Nitro NSBCA, joint"
2369,/motion/iri000/62.nsbca,48714240,48724748,10508,3D animation,"Nitro NSBCA, joint"
2370,/motion/iri000/63.nsbca,48724992,48729712,4720,3D animation,"Nitro NSBCA, joint"
2371,/motion/iri000/64.nsbca,48730112,48733964,3852,3D animation,"Nitro NSBCA, joint"
2372,/motion/iri000/65.nsbca,48734208,48736908,2700,3D animation,"Nitro NSBCA, joint"
2373,/motion/iri000/66.nsbca,48737280,48742456,5176,3D animation,"Nitro NSBCA, joint"
2374,/motion/iri000/67.nsbca,48742912,48745624,2712,3D animation,"Nitro NSBCA, joint"
2375,/motion/iri000/68.nsbca,48745984,48750344,4360,3D animation,"Nitro NSBCA, joint"
2376,/motion/iri000/69.nsbca,48750592,48756676,6084,3D animation,"Nitro NSBCA, joint"
2377,/motion/iri000/70.nsbca,48756736,48758316,1580,3D animation,"Nitro NSBCA, joint"
2378,/motion/iri000/71.nsbca,48758784,48764588,5804,3D animation,"Nitro NSBCA, joint"
2379,/motion/iri000/72.nsbca,48764928,48775460,10532,3D animation,"Nitro NSBCA, joint"
2380,/motion/iri000/73.nsbca,48775680,48781352,5672,3D animation,"Nitro NSBCA, joint"
2381,/motion/iri000/74.nsbca,48781824,48786180,4356,3D animation,"Nitro NSBCA, joint"
2382,/motion/iri000/75.nsbca,48786432,48790624,4192,3D animation,"Nitro NSBCA, joint"
2383,/motion/iri000/76.nsbca,48791040,48798412,7372,3D animation,"Nitro NSBCA, joint"
2384,/motion/iri000/77.nsbca,48798720,48807524,8804,3D animation,"Nitro NSBCA, joint"
2385,/motion/iri000/78.nsbca,48807936,48814144,6208,3D animation,"Nitro NSBCA, joint"
2386,/motion/iri000/79.nsbca,48814592,48818844,4252,3D animation,"Nitro NSBCA, joint"
2387,/motion/iri000/80.nsbca,48819200,48824192,4992,3D animation,"Nitro NSBCA, joint"
2388,/motion/iri000/81.nsbca,48824320,48829832,5512,3D animation,"Nitro NSBCA, joint"
2389,/motion/iri000/82.nsbca,48829952,48833996,4044,3D animation,"Nitro NSBCA, joint"
2390,/motion/iri000/83.nsbca,48834048,48839124,5076,3D animation,"Nitro NSBCA, joint"
2391,/motion/iri000/84.nsbca,48839168,48843224,4056,3D animation,"Nitro NSBCA, joint"
2392,/motion/iri000/85.nsbca,48843264,48852244,8980,3D animation,"Nitro NSBCA, joint"
2393,/motion/iri000/86.nsbca,48852480,48856452,3972,3D animation,"Nitro NSBCA, joint"
2394,/motion/iri000/87.nsbca,48856576,48861016,4440,3D animation,"Nitro NSBCA, joint"
2395,/motion/iri000/88.nsbca,48861184,48865604,4420,3D animation,"Nitro NSBCA, joint"
2396,/motion/iri000/89.nsbca,48865792,48876804,11012,3D animation,"Nitro NSBCA, joint"
2397,/motion/iri000/90.nsbca,48877056,48878992,1936,3D animation,"Nitro NSBCA, joint"
2398,/motion/iri000/91.nsbca,48879104,48881532,2428,3D animation,"Nitro NSBCA, joint"
2399,/motion/iri000/92.nsbca,48881664,48886496,4832,3D animation,"Nitro NSBCA, joint"
2400,/motion/iri000/93.nsbca,48886784,48894740,7956,3D animation,"Nitro NSBCA, joint"
2401,/motion/iri000/94.nsbca,48894976,48898820,3844,3D animation,"Nitro NSBCA, joint"
2402,/motion/iri000/95.nsbca,48899072,48903800,4728,3D animation,"Nitro NSBCA, joint"
2403,/motion/kng000/00.nsbca,48904192,48905984,1792,3D animation,"Nitro NSBCA, joint"
2404,/motion/kng000/50.nsbca,48906240,48910616,4376,3D animation,"Nitro NSBCA, joint"
2405,/motion/kng000/51.nsbca,48910848,48914540,3692,3D animation,"Nitro NSBCA, joint"
2406,/motion/kng000/52.nsbca,48914944,48923040,8096,3D animation,"Nitro NSBCA, joint"
2407,/motion/mam000/00.nsbca,48923136,48929564,6428,3D animation,"Nitro NSBCA, joint"
2408,/motion/mam000/01.nsbca,48929792,48935728,5936,3D animation,"Nitro NSBCA, joint"
2409,/motion/mam010/00.nsbca,48935936,48940740,4804,3D animation,"Nitro NSBCA, joint"
2410,/motion/mam010/01.nsbca,48941056,48946784,5728,3D animation,"Nitro NSBCA, joint"
2411,/motion/mam020/00.nsbca,48947200,48950612,3412,3D animation,"Nitro NSBCA, joint"
2412,/motion/mam020/01.nsbca,48950784,48956908,6124,3D animation,"Nitro NSBCA, joint"
2413,/motion/mam020/02.nsbca,48956928,48960924,3996,3D animation,"Nitro NSBCA, joint"
2414,/motion/mam020/20.nsbca,48961024,48964100,3076,3D animation,"Nitro NSBCA, joint"
2415,/motion/mam020/21.nsbca,48964608,48967352,2744,3D animation,"Nitro NSBCA, joint"
2416,/motion/mam020/22.nsbca,48967680,48972612,4932,3D animation,"Nitro NSBCA, joint"
2417,/motion/mam020/28.nsbca,48972800,48974848,2048,3D animation,"Nitro NSBCA, joint"
2418,/motion/mam020/29.nsbca,48974848,48979900,5052,3D animation,"Nitro NSBCA, joint"
2419,/motion/mam020/30.nsbca,48979968,48982012,2044,3D animation,"Nitro NSBCA, joint"
2420,/motion/mam020/39.nsbca,48982016,48983936,1920,3D animation,"Nitro NSBCA, joint"
2421,/motion/mam020/40.nsbca,48984064,48986168,2104,3D animation,"Nitro NSBCA, joint"
2422,/motion/mam020/41.nsbca,48986624,48988616,1992,3D animation,"Nitro NSBCA, joint"
2423,/motion/mam020/50.nsbca,48988672,48990892,2220,3D animation,"Nitro NSBCA, joint"
2424,/motion/mam020/51.nsbca,48991232,48993452,2220,3D animation,"Nitro NSBCA, joint"
2425,/motion/mam020/52.nsbca,48993792,48997932,4140,3D animation,"Nitro NSBCA, joint"
2426,/motion/mam020/53.nsbca,48998400,49001844,3444,3D animation,"Nitro NSBCA, joint"
2427,/motion/mam020/54.nsbca,49001984,49010084,8100,3D animation,"Nitro NSBCA, joint"
2428,/motion/mam030/00.nsbca,49010176,49013580,3404,3D animation,"Nitro NSBCA, joint"
2429,/motion/mam030/01.nsbca,49013760,49018952,5192,3D animation,"Nitro NSBCA, joint"
2430,/motion/mam030/50.nsbca,49019392,49021648,2256,3D animation,"Nitro NSBCA, joint"
2431,/motion/mam040/00.nsbca,49021952,49025128,3176,3D animation,"Nitro NSBCA, joint"
2432,/motion/mam040/01.nsbca,49025536,49031492,5956,3D animation,"Nitro NSBCA, joint"
2433,/motion/mam040/02.nsbca,49031680,49035844,4164,3D animation,"Nitro NSBCA, joint"
2434,/motion/mam040/28.nsbca,49036288,49038292,2004,3D animation,"Nitro NSBCA, joint"
2435,/motion/mam040/29.nsbca,49038336,49043472,5136,3D animation,"Nitro NSBCA, joint"
2436,/motion/mam040/30.nsbca,49043968,49045928,1960,3D animation,"Nitro NSBCA, joint"
2437,/motion/mam040/39.nsbca,49046016,49048072,2056,3D animation,"Nitro NSBCA, joint"
2438,/motion/mam040/40.nsbca,49048576,49050700,2124,3D animation,"Nitro NSBCA, joint"
2439,/motion/mam040/41.nsbca,49051136,49053104,1968,3D animation,"Nitro NSBCA, joint"
2440,/motion/mam040/50.nsbca,49053184,49056316,3132,3D animation,"Nitro NSBCA, joint"
2441,/motion/mam040/51.nsbca,49056768,49060944,4176,3D animation,"Nitro NSBCA, joint"
2442,/motion/mat000/00.nsbca,49061376,49064672,3296,3D animation,"Nitro NSBCA, joint"
2443,/motion/mat000/01.nsbca,49064960,49071884,6924,3D animation,"Nitro NSBCA, joint"
2444,/motion/mat000/11.nsbca,49072128,49075864,3736,3D animation,"Nitro NSBCA, joint"
2445,/motion/mat000/50.nsbca,49076224,49085596,9372,3D animation,"Nitro NSBCA, joint"
2446,/motion/mat000/51.nsbca,49085952,49089632,3680,3D animation,"Nitro NSBCA, joint"
2447,/motion/mat000/52.nsbca,49090048,49093152,3104,3D animation,"Nitro NSBCA, joint"
2448,/motion/mat000/53.nsbca,49093632,49097176,3544,3D animation,"Nitro NSBCA, joint"
2449,/motion/mat000/54.nsbca,49097216,49103848,6632,3D animation,"Nitro NSBCA, joint"
2450,/motion/mat000/55.nsbca,49103872,49106580,2708,3D animation,"Nitro NSBCA, joint"
2451,/motion/mat001/00.nsbca,49106944,49109652,2708,3D animation,"Nitro NSBCA, joint"
2452,/motion/mat001/01.nsbca,49110016,49116648,6632,3D animation,"Nitro NSBCA, joint"
2453,/motion/mat001/24.nsbca,49116672,49120840,4168,3D animation,"Nitro NSBCA, joint"
2454,/motion/mat001/25.nsbca,49121280,49122032,752,3D animation,"Nitro NSBCA, joint"
2455,/motion/mat001/39.nsbca,49122304,49125280,2976,3D animation,"Nitro NSBCA, joint"
2456,/motion/mat001/40.nsbca,49125376,49127924,2548,3D animation,"Nitro NSBCA, joint"
2457,/motion/mat001/41.nsbca,49127936,49132004,4068,3D animation,"Nitro NSBCA, joint"
2458,/motion/mat001/50.nsbca,49132032,49134756,2724,3D animation,"Nitro NSBCA, joint"
2459,/motion/mat001/51.nsbca,49135104,49139552,4448,3D animation,"Nitro NSBCA, joint"
2460,/motion/mat001/52.nsbca,49139712,49143636,3924,3D animation,"Nitro NSBCA, joint"
2461,/motion/mat001/53.nsbca,49143808,49146012,2204,3D animation,"Nitro NSBCA, joint"
2462,/motion/mat001/54.nsbca,49146368,49150724,4356,3D animation,"Nitro NSBCA, joint"
2463,/motion/mat001/55.nsbca,49150976,49158500,7524,3D animation,"Nitro NSBCA, joint"
2464,/motion/mat001/56.nsbca,49158656,49162496,3840,3D animation,"Nitro NSBCA, joint"
2465,/motion/mat001/57.nsbca,49162752,49164328,1576,3D animation,"Nitro NSBCA, joint"
2466,/motion/mat001/58.nsbca,49164800,49167528,2728,3D animation,"Nitro NSBCA, joint"
2467,/motion/mat001/59.nsbca,49167872,49173372,5500,3D animation,"Nitro NSBCA, joint"
2468,/motion/mat001/60.nsbca,49173504,49177372,3868,3D animation,"Nitro NSBCA, joint"
2469,/motion/mat001/61.nsbca,49177600,49186016,8416,3D animation,"Nitro NSBCA, joint"
2470,/motion/mat001/62.nsbca,49186304,49191320,5016,3D animation,"Nitro NSBCA, joint"
2471,/motion/mat001/63.nsbca,49191424,49194240,2816,3D animation,"Nitro NSBCA, joint"
2472,/motion/mat001/64.nsbca,49194496,49202732,8236,3D animation,"Nitro NSBCA, joint"
2473,/motion/mat002/00.nsbca,49203200,49212420,9220,3D animation,"Nitro NSBCA, joint"
2474,/motion/mat003/00.nsbca,49212928,49215636,2708,3D animation,"Nitro NSBCA, joint"
2475,/motion/mat003/01.nsbca,49216000,49222632,6632,3D animation,"Nitro NSBCA, joint"
2476,/motion/mat003/24.nsbca,49222656,49226824,4168,3D animation,"Nitro NSBCA, joint"
2477,/motion/mat003/25.nsbca,49227264,49228016,752,3D animation,"Nitro NSBCA, joint"
2478,/motion/mat003/39.nsbca,49228288,49231264,2976,3D animation,"Nitro NSBCA, joint"
2479,/motion/mat003/40.nsbca,49231360,49233908,2548,3D animation,"Nitro NSBCA, joint"
2480,/motion/mat003/41.nsbca,49233920,49237988,4068,3D animation,"Nitro NSBCA, joint"
2481,/motion/mat003/50.nsbca,49238016,49240740,2724,3D animation,"Nitro NSBCA, joint"
2482,/motion/mat003/51.nsbca,49241088,49245536,4448,3D animation,"Nitro NSBCA, joint"
2483,/motion/mat003/52.nsbca,49245696,49249620,3924,3D animation,"Nitro NSBCA, joint"
2484,/motion/mat003/53.nsbca,49249792,49251996,2204,3D animation,"Nitro NSBCA, joint"
2485,/motion/mat003/54.nsbca,49252352,49256708,4356,3D animation,"Nitro NSBCA, joint"
2486,/motion/mat003/55.nsbca,49256960,49264484,7524,3D animation,"Nitro NSBCA, joint"
2487,/motion/mat003/56.nsbca,49264640,49268480,3840,3D animation,"Nitro NSBCA, joint"
2488,/motion/mat003/57.nsbca,49268736,49270312,1576,3D animation,"Nitro NSBCA, joint"
2489,/motion/mat003/58.nsbca,49270784,49273512,2728,3D animation,"Nitro NSBCA, joint"
2490,/motion/mat003/59.nsbca,49273856,49279356,5500,3D animation,"Nitro NSBCA, joint"
2491,/motion/mat003/60.nsbca,49279488,49283356,3868,3D animation,"Nitro NSBCA, joint"
2492,/motion/mat003/61.nsbca,49283584,49292000,8416,3D animation,"Nitro NSBCA, joint"
2493,/motion/mat003/62.nsbca,49292288,49297304,5016,3D animation,"Nitro NSBCA, joint"
2494,/motion/mat00g/00.nsbca,49297408,49306628,9220,3D animation,"Nitro NSBCA, joint"
2495,/motion/mat00g/01.nsbca,49307136,49316544,9408,3D animation,"Nitro NSBCA, joint"
2496,/motion/mat00g/03.nsbca,49316864,49328552,11688,3D animation,"Nitro NSBCA, joint"
2497,/motion/mat00g/04.nsbca,49328640,49336988,8348,3D animation,"Nitro NSBCA, joint"
2498,/motion/mat00g/06.nsbca,49337344,49338632,1288,3D animation,"Nitro NSBCA, joint"
2499,/motion/mat00g/07.nsbca,49338880,49340144,1264,3D animation,"Nitro NSBCA, joint"
2500,/motion/mat00g/15.nsbca,49340416,49341704,1288,3D animation,"Nitro NSBCA, joint"
2501,/motion/mat00g/19.nsbca,49341952,49355352,13400,3D animation,"Nitro NSBCA, joint"
2502,/motion/mat00g/40.nsbca,49355776,49369464,13688,3D animation,"Nitro NSBCA, joint"
2503,/motion/mat00g/41.nsbca,49369600,49391464,21864,3D animation,"Nitro NSBCA, joint"
2504,/motion/mat00g/42.nsbca,49391616,49404632,13016,3D animation,"Nitro NSBCA, joint"
2505,/motion/mat00g/43.nsbca,49404928,49423224,18296,3D animation,"Nitro NSBCA, joint"
2506,/motion/mat00g/44.nsbca,49423360,49439196,15836,3D animation,"Nitro NSBCA, joint"
2507,/motion/mat00g/45.nsbca,49439232,49458096,18864,3D animation,"Nitro NSBCA, joint"
2508,/motion/nar000/00.nsbca,49458176,49464604,6428,3D animation,"Nitro NSBCA, joint"
2509,/motion/nar000/01.nsbca,49464832,49470768,5936,3D animation,"Nitro NSBCA, joint"
2510,/motion/nar010/00.nsbca,49470976,49476188,5212,3D animation,"Nitro NSBCA, joint"
2511,/motion/nar010/01.nsbca,49476608,49482452,5844,3D animation,"Nitro NSBCA, joint"
2512,/motion/nar020/00.nsbca,49482752,49486164,3412,3D animation,"Nitro NSBCA, joint"
2513,/motion/nar020/01.nsbca,49486336,49492460,6124,3D animation,"Nitro NSBCA, joint"
2514,/motion/nar020/02.nsbca,49492480,49496476,3996,3D animation,"Nitro NSBCA, joint"
2515,/motion/nar020/20.nsbca,49496576,49499652,3076,3D animation,"Nitro NSBCA, joint"
2516,/motion/nar020/21.nsbca,49500160,49502904,2744,3D animation,"Nitro NSBCA, joint"
2517,/motion/nar020/22.nsbca,49503232,49508164,4932,3D animation,"Nitro NSBCA, joint"
2518,/motion/nar020/28.nsbca,49508352,49510400,2048,3D animation,"Nitro NSBCA, joint"
2519,/motion/nar020/29.nsbca,49510400,49515452,5052,3D animation,"Nitro NSBCA, joint"
2520,/motion/nar020/30.nsbca,49515520,49517564,2044,3D animation,"Nitro NSBCA, joint"
2521,/motion/nar020/39.nsbca,49517568,49519488,1920,3D animation,"Nitro NSBCA, joint"
2522,/motion/nar020/40.nsbca,49519616,49521720,2104,3D animation,"Nitro NSBCA, joint"
2523,/motion/nar020/41.nsbca,49522176,49524168,1992,3D animation,"Nitro NSBCA, joint"
2524,/motion/nar020/50.nsbca,49524224,49526444,2220,3D animation,"Nitro NSBCA, joint"
2525,/motion/nar020/51.nsbca,49526784,49529004,2220,3D animation,"Nitro NSBCA, joint"
2526,/motion/nar020/52.nsbca,49529344,49533484,4140,3D animation,"Nitro NSBCA, joint"
2527,/motion/nar020/53.nsbca,49533952,49537396,3444,3D animation,"Nitro NSBCA, joint"
2528,/motion/nar020/54.nsbca,49537536,49545636,8100,3D animation,"Nitro NSBCA, joint"
2529,/motion/nar030/00.nsbca,49545728,49549132,3404,3D animation,"Nitro NSBCA, joint"
2530,/motion/nar030/01.nsbca,49549312,49554504,5192,3D animation,"Nitro NSBCA, joint"
2531,/motion/nar030/50.nsbca,49554944,49557200,2256,3D animation,"Nitro NSBCA, joint"
2532,/motion/nar040/00.nsbca,49557504,49560680,3176,3D animation,"Nitro NSBCA, joint"
2533,/motion/nar040/01.nsbca,49561088,49567044,5956,3D animation,"Nitro NSBCA, joint"
2534,/motion/nar040/02.nsbca,49567232,49571396,4164,3D animation,"Nitro NSBCA, joint"
2535,/motion/nar040/28.nsbca,49571840,49573844,2004,3D animation,"Nitro NSBCA, joint"
2536,/motion/nar040/29.nsbca,49573888,49579024,5136,3D animation,"Nitro NSBCA, joint"
2537,/motion/nar040/30.nsbca,49579520,49581480,1960,3D animation,"Nitro NSBCA, joint"
2538,/motion/nar040/39.nsbca,49581568,49583624,2056,3D animation,"Nitro NSBCA, joint"
2539,/motion/nar040/40.nsbca,49584128,49586252,2124,3D animation,"Nitro NSBCA, joint"
2540,/motion/nar040/41.nsbca,49586688,49588656,1968,3D animation,"Nitro NSBCA, joint"
2541,/motion/nar040/50.nsbca,49588736,49591868,3132,3D animation,"Nitro NSBCA, joint"
2542,/motion/nar040/51.nsbca,49592320,49596496,4176,3D animation,"Nitro NSBCA, joint"
2543,/motion/nar050/00.nsbca,49596928,49600124,3196,3D animation,"Nitro NSBCA, joint"
2544,/motion/nar050/01.nsbca,49600512,49605340,4828,3D animation,"Nitro NSBCA, joint"
2545,/motion/nar060/00.nsbca,49605632,49609792,4160,3D animation,"Nitro NSBCA, joint"
2546,/motion/nar060/01.nsbca,49610240,49617240,7000,3D animation,"Nitro NSBCA, joint"
2547,/motion/nar060/11.nsbca,49617408,49620320,2912,3D animation,"Nitro NSBCA, joint"
2548,/motion/nar060/27.nsbca,49620480,49623480,3000,3D animation,"Nitro NSBCA, joint"
2549,/motion/nar060/50.nsbca,49623552,49626644,3092,3D animation,"Nitro NSBCA, joint"
2550,/motion/nar060/51.nsbca,49627136,49633200,6064,3D animation,"Nitro NSBCA, joint"
2551,/motion/nar070/00.nsbca,49633280,49636540,3260,3D animation,"Nitro NSBCA, joint"
2552,/motion/nar070/01.nsbca,49636864,49644156,7292,3D animation,"Nitro NSBCA, joint"
2553,/motion/nar070/11.nsbca,49644544,49647576,3032,3D animation,"Nitro NSBCA, joint"
2554,/motion/nar070/27.nsbca,49647616,49650600,2984,3D animation,"Nitro NSBCA, joint"
2555,/motion/nar070/50.nsbca,49650688,49653528,2840,3D animation,"Nitro NSBCA, joint"
2556,/motion/nar070/51.nsbca,49653760,49660244,6484,3D animation,"Nitro NSBCA, joint"
2557,/motion/nar150/00.nsbca,49660416,49664680,4264,3D animation,"Nitro NSBCA, joint"
2558,/motion/nar150/01.nsbca,49665024,49671948,6924,3D animation,"Nitro NSBCA, joint"
2559,/motion/nar150/50.nsbca,49672192,49682192,10000,3D animation,"Nitro NSBCA, joint"
2560,/motion/nar70/00.nsbca,49682432,49685692,3260,3D animation,"Nitro NSBCA, joint"
2561,/motion/nar70/01.nsbca,49686016,49693308,7292,3D animation,"Nitro NSBCA, joint"
2562,/motion/nar70/50.nsbca,49693696,49696536,2840,3D animation,"Nitro NSBCA, joint"
2563,/motion/obj003/116.nsbca,49696768,49696976,208,3D animation,"Nitro NSBCA, joint"
2564,/motion/obj005/50.nsbca,49697280,49697632,352,3D animation,"Nitro NSBCA, joint"
2565,/motion/obj005/51.nsbca,49697792,49698516,724,3D animation,"Nitro NSBCA, joint"
2566,/motion/obj006/50.nsbca,49698816,49699168,352,3D animation,"Nitro NSBCA, joint"
2567,/motion/obj008/50.nsbca,49699328,49700356,1028,3D animation,"Nitro NSBCA, joint"
2568,/motion/obj008/51.nsbca,49700864,49701248,384,3D animation,"Nitro NSBCA, joint"
2569,/motion/obj015/00.nsbca,49701376,49701548,172,3D animation,"Nitro NSBCA, joint"
2570,/motion/obj015/50.nsbca,49701888,49702764,876,3D animation,"Nitro NSBCA, joint"
2571,/motion/obj015/51.nsbca,49702912,49703788,876,3D animation,"Nitro NSBCA, joint"
2572,/motion/obj016/00.nsbca,49703936,49704460,524,3D animation,"Nitro NSBCA, joint"
2573,/motion/ori000/00.nsbca,49704960,49709524,4564,3D animation,"Nitro NSBCA, joint"
2574,/motion/ori000/01.nsbca,49709568,49717904,8336,3D animation,"Nitro NSBCA, joint"
2575,/motion/ori000/32.nsbca,49718272,49720900,2628,3D animation,"Nitro NSBCA, joint"
2576,/motion/ori000/50.nsbca,49721344,49726640,5296,3D animation,"Nitro NSBCA, joint"
2577,/motion/ori000/51.nsbca,49726976,49731256,4280,3D animation,"Nitro NSBCA, joint"
2578,/motion/osw000/00.nsbca,49731584,49734060,2476,3D animation,"Nitro NSBCA, joint"
2579,/motion/osw000/01.nsbca,49734144,49740320,6176,3D animation,"Nitro NSBCA, joint"
2580,/motion/osw000/49.nsbca,49740800,49744236,3436,3D animation,"Nitro NSBCA, joint"
2581,/motion/osw000/50.nsbca,49744384,49750448,6064,3D animation,"Nitro NSBCA, joint"
2582,/motion/osw000/51.nsbca,49750528,49753164,2636,3D animation,"Nitro NSBCA, joint"
2583,/motion/osw000/52.nsbca,49753600,49761304,7704,3D animation,"Nitro NSBCA, joint"
2584,/motion/osw000/53.nsbca,49761792,49764752,2960,3D animation,"Nitro NSBCA, joint"
2585,/motion/osw000/54.nsbca,49764864,49769032,4168,3D animation,"Nitro NSBCA, joint"
2586,/motion/osw000/55.nsbca,49769472,49771696,2224,3D animation,"Nitro NSBCA, joint"
2587,/motion/osw000/56.nsbca,49772032,49776084,4052,3D animation,"Nitro NSBCA, joint"
2588,/motion/reg010/00.nsbca,49776128,49780932,4804,3D animation,"Nitro NSBCA, joint"
2589,/motion/reg010/01.nsbca,49781248,49786976,5728,3D animation,"Nitro NSBCA, joint"
2590,/motion/reg020/00.nsbca,49787392,49790804,3412,3D animation,"Nitro NSBCA, joint"
2591,/motion/reg020/01.nsbca,49790976,49797100,6124,3D animation,"Nitro NSBCA, joint"
2592,/motion/reg020/02.nsbca,49797120,49801116,3996,3D animation,"Nitro NSBCA, joint"
2593,/motion/reg020/20.nsbca,49801216,49804292,3076,3D animation,"Nitro NSBCA, joint"
2594,/motion/reg020/21.nsbca,49804800,49807544,2744,3D animation,"Nitro NSBCA, joint"
2595,/motion/reg020/22.nsbca,49807872,49812804,4932,3D animation,"Nitro NSBCA, joint"
2596,/motion/reg020/28.nsbca,49812992,49815040,2048,3D animation,"Nitro NSBCA, joint"
2597,/motion/reg020/29.nsbca,49815040,49820092,5052,3D animation,"Nitro NSBCA, joint"
2598,/motion/reg020/30.nsbca,49820160,49822204,2044,3D animation,"Nitro NSBCA, joint"
2599,/motion/reg020/39.nsbca,49822208,49824128,1920,3D animation,"Nitro NSBCA, joint"
2600,/motion/reg020/40.nsbca,49824256,49826360,2104,3D animation,"Nitro NSBCA, joint"
2601,/motion/reg020/41.nsbca,49826816,49828808,1992,3D animation,"Nitro NSBCA, joint"
2602,/motion/reg020/50.nsbca,49828864,49831084,2220,3D animation,"Nitro NSBCA, joint"
2603,/motion/reg020/51.nsbca,49831424,49833644,2220,3D animation,"Nitro NSBCA, joint"
2604,/motion/reg020/52.nsbca,49833984,49838124,4140,3D animation,"Nitro NSBCA, joint"
2605,/motion/reg020/53.nsbca,49838592,49842036,3444,3D animation,"Nitro NSBCA, joint"
2606,/motion/reg020/54.nsbca,49842176,49850276,8100,3D animation,"Nitro NSBCA, joint"
2607,/motion/reg022/00.nsbca,49850368,49853780,3412,3D animation,"Nitro NSBCA, joint"
2608,/motion/reg022/01.nsbca,49853952,49860076,6124,3D animation,"Nitro NSBCA, joint"
2609,/motion/reg022/02.nsbca,49860096,49864092,3996,3D animation,"Nitro NSBCA, joint"
2610,/motion/reg022/20.nsbca,49864192,49867268,3076,3D animation,"Nitro NSBCA, joint"
2611,/motion/reg022/21.nsbca,49867776,49870520,2744,3D animation,"Nitro NSBCA, joint"
2612,/motion/reg022/22.nsbca,49870848,49875780,4932,3D animation,"Nitro NSBCA, joint"
2613,/motion/reg022/28.nsbca,49875968,49878016,2048,3D animation,"Nitro NSBCA, joint"
2614,/motion/reg022/29.nsbca,49878016,49883068,5052,3D animation,"Nitro NSBCA, joint"
2615,/motion/reg022/30.nsbca,49883136,49885180,2044,3D animation,"Nitro NSBCA, joint"
2616,/motion/reg022/39.nsbca,49885184,49887104,1920,3D animation,"Nitro NSBCA, joint"
2617,/motion/reg022/40.nsbca,49887232,49889336,2104,3D animation,"Nitro NSBCA, joint"
2618,/motion/reg022/41.nsbca,49889792,49891784,1992,3D animation,"Nitro NSBCA, joint"
2619,/motion/reg022/50.nsbca,49891840,49894060,2220,3D animation,"Nitro NSBCA, joint"
2620,/motion/reg022/51.nsbca,49894400,49896620,2220,3D animation,"Nitro NSBCA, joint"
2621,/motion/reg022/52.nsbca,49896960,49901100,4140,3D animation,"Nitro NSBCA, joint"
2622,/motion/reg022/53.nsbca,49901568,49905012,3444,3D animation,"Nitro NSBCA, joint"
2623,/motion/reg022/54.nsbca,49905152,49913252,8100,3D animation,"Nitro NSBCA, joint"
2624,/motion/reg023/00.nsbca,49913344,49916756,3412,3D animation,"Nitro NSBCA, joint"
2625,/motion/reg023/01.nsbca,49916928,49923052,6124,3D animation,"Nitro NSBCA, joint"
2626,/motion/reg023/02.nsbca,49923072,49927068,3996,3D animation,"Nitro NSBCA, joint"
2627,/motion/reg023/20.nsbca,49927168,49930244,3076,3D animation,"Nitro NSBCA, joint"
2628,/motion/reg023/21.nsbca,49930752,49933496,2744,3D animation,"Nitro NSBCA, joint"
2629,/motion/reg023/22.nsbca,49933824,49938756,4932,3D animation,"Nitro NSBCA, joint"
2630,/motion/reg023/28.nsbca,49938944,49940992,2048,3D animation,"Nitro NSBCA, joint"
2631,/motion/reg023/29.nsbca,49940992,49946044,5052,3D animation,"Nitro NSBCA, joint"
2632,/motion/reg023/30.nsbca,49946112,49948156,2044,3D animation,"Nitro NSBCA, joint"
2633,/motion/reg023/39.nsbca,49948160,49950080,1920,3D animation,"Nitro NSBCA, joint"
2634,/motion/reg023/40.nsbca,49950208,49952312,2104,3D animation,"Nitro NSBCA, joint"
2635,/motion/reg023/41.nsbca,49952768,49954760,1992,3D animation,"Nitro NSBCA, joint"
2636,/motion/reg023/50.nsbca,49954816,49957036,2220,3D animation,"Nitro NSBCA, joint"
2637,/motion/reg023/51.nsbca,49957376,49959596,2220,3D animation,"Nitro NSBCA, joint"
2638,/motion/reg023/52.nsbca,49959936,49964076,4140,3D animation,"Nitro NSBCA, joint"
2639,/motion/reg023/53.nsbca,49964544,49967988,3444,3D animation,"Nitro NSBCA, joint"
2640,/motion/reg023/54.nsbca,49968128,49976228,8100,3D animation,"Nitro NSBCA, joint"
2641,/motion/reg030/00.nsbca,49976320,49979724,3404,3D animation,"Nitro NSBCA, joint"
2642,/motion/reg030/01.nsbca,49979904,49985096,5192,3D animation,"Nitro NSBCA, joint"
2643,/motion/reg030/50.nsbca,49985536,49987792,2256,3D animation,"Nitro NSBCA, joint"
2644,/motion/reg032/00.nsbca,49988096,49991500,3404,3D animation,"Nitro NSBCA, joint"
2645,/motion/reg032/01.nsbca,49991680,49996676,4996,3D animation,"Nitro NSBCA, joint"
2646,/motion/reg032/50.nsbca,49996800,49999056,2256,3D animation,"Nitro NSBCA, joint"
2647,/motion/reg032/51.nsbca,49999360,50001616,2256,3D animation,"Nitro NSBCA, joint"
2648,/motion/reg032/52.nsbca,50001920,50004976,3056,3D animation,"Nitro NSBCA, joint"
2649,/motion/reg032/53.nsbca,50004992,50009980,4988,3D animation,"Nitro NSBCA, joint"
2650,/motion/reg040/00.nsbca,50010112,50013288,3176,3D animation,"Nitro NSBCA, joint"
2651,/motion/reg040/01.nsbca,50013696,50019652,5956,3D animation,"Nitro NSBCA, joint"
2652,/motion/reg040/02.nsbca,50019840,50024004,4164,3D animation,"Nitro NSBCA, joint"
2653,/motion/reg040/28.nsbca,50024448,50026452,2004,3D animation,"Nitro NSBCA, joint"
2654,/motion/reg040/29.nsbca,50026496,50031632,5136,3D animation,"Nitro NSBCA, joint"
2655,/motion/reg040/30.nsbca,50032128,50034088,1960,3D animation,"Nitro NSBCA, joint"
2656,/motion/reg040/39.nsbca,50034176,50036232,2056,3D animation,"Nitro NSBCA, joint"
2657,/motion/reg040/40.nsbca,50036736,50038860,2124,3D animation,"Nitro NSBCA, joint"
2658,/motion/reg040/41.nsbca,50039296,50041264,1968,3D animation,"Nitro NSBCA, joint"
2659,/motion/reg040/50.nsbca,50041344,50044476,3132,3D animation,"Nitro NSBCA, joint"
2660,/motion/reg040/51.nsbca,50044928,50049104,4176,3D animation,"Nitro NSBCA, joint"
2661,/motion/reg043/00.nsbca,50049536,50052712,3176,3D animation,"Nitro NSBCA, joint"
2662,/motion/reg043/01.nsbca,50053120,50059076,5956,3D animation,"Nitro NSBCA, joint"
2663,/motion/reg043/02.nsbca,50059264,50063428,4164,3D animation,"Nitro NSBCA, joint"
2664,/motion/reg043/28.nsbca,50063872,50065876,2004,3D animation,"Nitro NSBCA, joint"
2665,/motion/reg043/29.nsbca,50065920,50071056,5136,3D animation,"Nitro NSBCA, joint"
2666,/motion/reg043/30.nsbca,50071552,50073512,1960,3D animation,"Nitro NSBCA, joint"
2667,/motion/reg043/39.nsbca,50073600,50075656,2056,3D animation,"Nitro NSBCA, joint"
2668,/motion/reg043/40.nsbca,50076160,50078284,2124,3D animation,"Nitro NSBCA, joint"
2669,/motion/reg043/41.nsbca,50078720,50080688,1968,3D animation,"Nitro NSBCA, joint"
2670,/motion/reg043/50.nsbca,50080768,50083900,3132,3D animation,"Nitro NSBCA, joint"
2671,/motion/reg043/51.nsbca,50084352,50088528,4176,3D animation,"Nitro NSBCA, joint"
2672,/motion/reg050/00.nsbca,50088960,50092156,3196,3D animation,"Nitro NSBCA, joint"
2673,/motion/reg050/01.nsbca,50092544,50097372,4828,3D animation,"Nitro NSBCA, joint"
2674,/motion/reg053/00.nsbca,50097664,50100860,3196,3D animation,"Nitro NSBCA, joint"
2675,/motion/reg053/01.nsbca,50101248,50106076,4828,3D animation,"Nitro NSBCA, joint"
2676,/motion/reg060/00.nsbca,50106368,50110528,4160,3D animation,"Nitro NSBCA, joint"
2677,/motion/reg060/01.nsbca,50110976,50117976,7000,3D animation,"Nitro NSBCA, joint"
2678,/motion/reg060/11.nsbca,50118144,50121056,2912,3D animation,"Nitro NSBCA, joint"
2679,/motion/reg060/27.nsbca,50121216,50124216,3000,3D animation,"Nitro NSBCA, joint"
2680,/motion/reg060/50.nsbca,50124288,50127380,3092,3D animation,"Nitro NSBCA, joint"
2681,/motion/reg060/51.nsbca,50127872,50133936,6064,3D animation,"Nitro NSBCA, joint"
2682,/motion/reg070/00.nsbca,50134016,50137276,3260,3D animation,"Nitro NSBCA, joint"
2683,/motion/reg070/01.nsbca,50137600,50144892,7292,3D animation,"Nitro NSBCA, joint"
2684,/motion/reg070/11.nsbca,50145280,50148312,3032,3D animation,"Nitro NSBCA, joint"
2685,/motion/reg070/27.nsbca,50148352,50151336,2984,3D animation,"Nitro NSBCA, joint"
2686,/motion/reg070/50.nsbca,50151424,50154264,2840,3D animation,"Nitro NSBCA, joint"
2687,/motion/reg070/51.nsbca,50154496,50160980,6484,3D animation,"Nitro NSBCA, joint"
2688,/motion/reg080/00.nsbca,50161152,50165164,4012,3D animation,"Nitro NSBCA, joint"
2689,/motion/reg080/01.nsbca,50165248,50172716,7468,3D animation,"Nitro NSBCA, joint"
2690,/motion/reg080/02.nsbca,50172928,50176928,4000,3D animation,"Nitro NSBCA, joint"
2691,/motion/reg080/39.nsbca,50177024,50178836,1812,3D animation,"Nitro NSBCA, joint"
2692,/motion/reg080/40.nsbca,50179072,50181212,2140,3D animation,"Nitro NSBCA, joint"
2693,/motion/reg080/41.nsbca,50181632,50183524,1892,3D animation,"Nitro NSBCA, joint"
2694,/motion/reg080/50.nsbca,50183680,50186300,2620,3D animation,"Nitro NSBCA, joint"
2695,/motion/reg080/51.nsbca,50186752,50190472,3720,3D animation,"Nitro NSBCA, joint"
2696,/motion/reg080/52.nsbca,50190848,50194812,3964,3D animation,"Nitro NSBCA, joint"
2697,/motion/reg080/53.nsbca,50194944,50204352,9408,3D animation,"Nitro NSBCA, joint"
2698,/motion/reg080/54.nsbca,50204672,50209064,4392,3D animation,"Nitro NSBCA, joint"
2699,/motion/reg080/55.nsbca,50209280,50211156,1876,3D animation,"Nitro NSBCA, joint"
2700,/motion/reg080/56.nsbca,50211328,50215968,4640,3D animation,"Nitro NSBCA, joint"
2701,/motion/reg080/57.nsbca,50216448,50219680,3232,3D animation,"Nitro NSBCA, joint"
2702,/motion/reg081/00.nsbca,50220032,50224044,4012,3D animation,"Nitro NSBCA, joint"
2703,/motion/reg081/01.nsbca,50224128,50231596,7468,3D animation,"Nitro NSBCA, joint"
2704,/motion/reg081/02.nsbca,50231808,50235808,4000,3D animation,"Nitro NSBCA, joint"
2705,/motion/reg081/39.nsbca,50235904,50237716,1812,3D animation,"Nitro NSBCA, joint"
2706,/motion/reg081/40.nsbca,50237952,50240092,2140,3D animation,"Nitro NSBCA, joint"
2707,/motion/reg081/41.nsbca,50240512,50242404,1892,3D animation,"Nitro NSBCA, joint"
2708,/motion/reg081/50.nsbca,50242560,50245180,2620,3D animation,"Nitro NSBCA, joint"
2709,/motion/reg081/51.nsbca,50245632,50249352,3720,3D animation,"Nitro NSBCA, joint"
2710,/motion/reg081/52.nsbca,50249728,50253692,3964,3D animation,"Nitro NSBCA, joint"
2711,/motion/reg081/53.nsbca,50253824,50263232,9408,3D animation,"Nitro NSBCA, joint"
2712,/motion/reg081/54.nsbca,50263552,50267944,4392,3D animation,"Nitro NSBCA, joint"
2713,/motion/reg081/55.nsbca,50268160,50270036,1876,3D animation,"Nitro NSBCA, joint"
2714,/motion/reg081/56.nsbca,50270208,50274848,4640,3D animation,"Nitro NSBCA, joint"
2715,/motion/reg081/57.nsbca,50275328,50278560,3232,3D animation,"Nitro NSBCA, joint"
2716,/motion/reg090/00.nsbca,50278912,50282904,3992,3D animation,"Nitro NSBCA, joint"
2717,/motion/reg090/01.nsbca,50283008,50292164,9156,3D animation,"Nitro NSBCA, joint"
2718,/motion/reg090/02.nsbca,50292224,50298292,6068,3D animation,"Nitro NSBCA, joint"
2719,/motion/reg090/11.nsbca,50298368,50302692,4324,3D animation,"Nitro NSBCA, joint"
2720,/motion/reg090/12.nsbca,50302976,50307524,4548,3D animation,"Nitro NSBCA, joint"
2721,/motion/reg090/13.nsbca,50307584,50310876,3292,3D animation,"Nitro NSBCA, joint"
2722,/motion/reg090/50.nsbca,50311168,50314524,3356,3D animation,"Nitro NSBCA, joint"
2723,/motion/reg090/51.nsbca,50314752,50318556,3804,3D animation,"Nitro NSBCA, joint"
2724,/motion/reg090/52.nsbca,50318848,50323972,5124,3D animation,"Nitro NSBCA, joint"
2725,/motion/reg100/00.nsbca,50324480,50328488,4008,3D animation,"Nitro NSBCA, joint"
2726,/motion/reg100/01.nsbca,50328576,50338284,9708,3D animation,"Nitro NSBCA, joint"
2727,/motion/reg100/02.nsbca,50338304,50343988,5684,3D animation,"Nitro NSBCA, joint"
2728,/motion/reg100/11.nsbca,50344448,50348152,3704,3D animation,"Nitro NSBCA, joint"
2729,/motion/reg100/12.nsbca,50348544,50352368,3824,3D animation,"Nitro NSBCA, joint"
2730,/motion/reg100/13.nsbca,50352640,50357340,4700,3D animation,"Nitro NSBCA, joint"
2731,/motion/reg100/50.nsbca,50357760,50361896,4136,3D animation,"Nitro NSBCA, joint"
2732,/motion/reg100/51.nsbca,50362368,50366464,4096,3D animation,"Nitro NSBCA, joint"
2733,/motion/reg100/52.nsbca,50366464,50370232,3768,3D animation,"Nitro NSBCA, joint"
2734,/motion/reg110/00.nsbca,50370560,50376356,5796,3D animation,"Nitro NSBCA, joint"
2735,/motion/reg110/01.nsbca,50376704,50386788,10084,3D animation,"Nitro NSBCA, joint"
2736,/motion/reg110/36.nsbca,50386944,50391580,4636,3D animation,"Nitro NSBCA, joint"
2737,/motion/reg110/39.nsbca,50392064,50397352,5288,3D animation,"Nitro NSBCA, joint"
2738,/motion/reg110/50.nsbca,50397696,50404552,6856,3D animation,"Nitro NSBCA, joint"
2739,/motion/reg110/51.nsbca,50404864,50411376,6512,3D animation,"Nitro NSBCA, joint"
2740,/motion/reg110/52.nsbca,50411520,50415324,3804,3D animation,"Nitro NSBCA, joint"
2741,/motion/reg110/53.nsbca,50415616,50418332,2716,3D animation,"Nitro NSBCA, joint"
2742,/motion/reg110/54.nsbca,50418688,50426064,7376,3D animation,"Nitro NSBCA, joint"
2743,/motion/reg110/55.nsbca,50426368,50432752,6384,3D animation,"Nitro NSBCA, joint"
2744,/motion/reg110/56.nsbca,50433024,50438160,5136,3D animation,"Nitro NSBCA, joint"
2745,/motion/reg120/00.nsbca,50438656,50451768,13112,3D animation,"Nitro NSBCA, joint"
2746,/motion/reg130/00.nsbca,50451968,50462860,10892,3D animation,"Nitro NSBCA, joint"
2747,/motion/reg130/01.nsbca,50463232,50472808,9576,3D animation,"Nitro NSBCA, joint"
2748,/motion/reg130/02.nsbca,50472960,50476956,3996,3D animation,"Nitro NSBCA, joint"
2749,/motion/reg140/00.nsbca,50477056,50480948,3892,3D animation,"Nitro NSBCA, joint"
2750,/motion/reg140/01.nsbca,50481152,50489820,8668,3D animation,"Nitro NSBCA, joint"
2751,/motion/reg140/50.nsbca,50489856,50493816,3960,3D animation,"Nitro NSBCA, joint"
2752,/motion/reg140/51.nsbca,50493952,50497388,3436,3D animation,"Nitro NSBCA, joint"
2753,/motion/reg140/52.nsbca,50497536,50502932,5396,3D animation,"Nitro NSBCA, joint"
2754,/motion/reg190/00.nsbca,50503168,50509480,6312,3D animation,"Nitro NSBCA, joint"
2755,/motion/reg190/01.nsbca,50509824,50517716,7892,3D animation,"Nitro NSBCA, joint"
2756,/motion/ric000/00.nsbca,50518016,50522980,4964,3D animation,"Nitro NSBCA, joint"
2757,/motion/ric000/01.nsbca,50523136,50530152,7016,3D animation,"Nitro NSBCA, joint"
2758,/motion/ric000/02.nsbca,50530304,50535292,4988,3D animation,"Nitro NSBCA, joint"
2759,/motion/ric000/03.nsbca,50535424,50548912,13488,3D animation,"Nitro NSBCA, joint"
2760,/motion/ric000/04.nsbca,50549248,50553076,3828,3D animation,"Nitro NSBCA, joint"
2761,/motion/ric000/05.nsbca,50553344,50558156,4812,3D animation,"Nitro NSBCA, joint"
2762,/motion/ric000/06.nsbca,50558464,50562172,3708,3D animation,"Nitro NSBCA, joint"
2763,/motion/ric000/07.nsbca,50562560,50567572,5012,3D animation,"Nitro NSBCA, joint"
2764,/motion/ric000/08.nsbca,50567680,50571592,3912,3D animation,"Nitro NSBCA, joint"
2765,/motion/ric000/09.nsbca,50571776,50581080,9304,3D animation,"Nitro NSBCA, joint"
2766,/motion/ric000/11.nsbca,50581504,50587340,5836,3D animation,"Nitro NSBCA, joint"
2767,/motion/ric000/18.nsbca,50587648,50591048,3400,3D animation,"Nitro NSBCA, joint"
2768,/motion/ric000/19.nsbca,50591232,50597028,5796,3D animation,"Nitro NSBCA, joint"
2769,/motion/ric000/27.nsbca,50597376,50602388,5012,3D animation,"Nitro NSBCA, joint"
2770,/motion/ric000/33.nsbca,50602496,50610396,7900,3D animation,"Nitro NSBCA, joint"
2771,/motion/ric000/34.nsbca,50610688,50615812,5124,3D animation,"Nitro NSBCA, joint"
2772,/motion/ric000/35.nsbca,50616320,50626624,10304,3D animation,"Nitro NSBCA, joint"
2773,/motion/ric000/37.nsbca,50627072,50632412,5340,3D animation,"Nitro NSBCA, joint"
2774,/motion/ric000/48.nsbca,50632704,50633640,936,3D animation,"Nitro NSBCA, joint"
2775,/motion/ric000/49.nsbca,50633728,50639288,5560,3D animation,"Nitro NSBCA, joint"
2776,/motion/ric000/50.nsbca,50639360,50658352,18992,3D animation,"Nitro NSBCA, joint"
2777,/motion/ric000/51.nsbca,50658816,50664208,5392,3D animation,"Nitro NSBCA, joint"
2778,/motion/ric000/52.nsbca,50664448,50673820,9372,3D animation,"Nitro NSBCA, joint"
2779,/motion/ric000/53.nsbca,50674176,50687720,13544,3D animation,"Nitro NSBCA, joint"
2780,/motion/ric000/54.nsbca,50688000,50692156,4156,3D animation,"Nitro NSBCA, joint"
2781,/motion/ric000/55.nsbca,50692608,50700612,8004,3D animation,"Nitro NSBCA, joint"
2782,/motion/ric000/56.nsbca,50700800,50704904,4104,3D animation,"Nitro NSBCA, joint"
2783,/motion/ric000/57.nsbca,50705408,50720768,15360,3D animation,"Nitro NSBCA, joint"
2784,/motion/ric000/58.nsbca,50720768,50725712,4944,3D animation,"Nitro NSBCA, joint"
2785,/motion/ric000/59.nsbca,50725888,50730984,5096,3D animation,"Nitro NSBCA, joint"
2786,/motion/ric000/60.nsbca,50731008,50736772,5764,3D animation,"Nitro NSBCA, joint"
2787,/motion/ric000/61.nsbca,50737152,50742288,5136,3D animation,"Nitro NSBCA, joint"
2788,/motion/ric000/62.nsbca,50742784,50747808,5024,3D animation,"Nitro NSBCA, joint"
2789,/motion/ric000/63.nsbca,50747904,50752856,4952,3D animation,"Nitro NSBCA, joint"
2790,/motion/ric000/64.nsbca,50753024,50757872,4848,3D animation,"Nitro NSBCA, joint"
2791,/motion/ric000/65.nsbca,50758144,50764300,6156,3D animation,"Nitro NSBCA, joint"
2792,/motion/ric000/66.nsbca,50764800,50769556,4756,3D animation,"Nitro NSBCA, joint"
2793,/motion/ric000/67.nsbca,50769920,50774896,4976,3D animation,"Nitro NSBCA, joint"
2794,/motion/ric000/68.nsbca,50775040,50780524,5484,3D animation,"Nitro NSBCA, joint"
2795,/motion/ric000/69.nsbca,50780672,50793992,13320,3D animation,"Nitro NSBCA, joint"
2796,/motion/ric000/70.nsbca,50794496,50796664,2168,3D animation,"Nitro NSBCA, joint"
2797,/motion/ric000/71.nsbca,50797056,50802896,5840,3D animation,"Nitro NSBCA, joint"
2798,/motion/ric000/72.nsbca,50803200,50808008,4808,3D animation,"Nitro NSBCA, joint"
2799,/motion/ric000/73.nsbca,50808320,50816752,8432,3D animation,"Nitro NSBCA, joint"
2800,/motion/ric000/74.nsbca,50817024,50826924,9900,3D animation,"Nitro NSBCA, joint"
2801,/motion/ruc000/00.nsbca,50827264,50831224,3960,3D animation,"Nitro NSBCA, joint"
2802,/motion/ruc000/01.nsbca,50831360,50838548,7188,3D animation,"Nitro NSBCA, joint"
2803,/motion/ruc000/02.nsbca,50839040,50843476,4436,3D animation,"Nitro NSBCA, joint"
2804,/motion/ruc000/03.nsbca,50843648,50856544,12896,3D animation,"Nitro NSBCA, joint"
2805,/motion/ruc000/04.nsbca,50856960,50862108,5148,3D animation,"Nitro NSBCA, joint"
2806,/motion/ruc000/05.nsbca,50862592,50866136,3544,3D animation,"Nitro NSBCA, joint"
2807,/motion/ruc000/06.nsbca,50866176,50872832,6656,3D animation,"Nitro NSBCA, joint"
2808,/motion/ruc000/07.nsbca,50872832,50877120,4288,3D animation,"Nitro NSBCA, joint"
2809,/motion/ruc000/08.nsbca,50877440,50881444,4004,3D animation,"Nitro NSBCA, joint"
2810,/motion/ruc000/09.nsbca,50881536,50889968,8432,3D animation,"Nitro NSBCA, joint"
2811,/motion/ruc000/10.nsbca,50890240,50894596,4356,3D animation,"Nitro NSBCA, joint"
2812,/motion/ruc000/11.nsbca,50894848,50898508,3660,3D animation,"Nitro NSBCA, joint"
2813,/motion/ruc000/12.nsbca,50898944,50903184,4240,3D animation,"Nitro NSBCA, joint"
2814,/motion/ruc000/13.nsbca,50903552,50906136,2584,3D animation,"Nitro NSBCA, joint"
2815,/motion/ruc000/14.nsbca,50906624,50910292,3668,3D animation,"Nitro NSBCA, joint"
2816,/motion/ruc000/15.nsbca,50910720,50913384,2664,3D animation,"Nitro NSBCA, joint"
2817,/motion/ruc000/16.nsbca,50913792,50919624,5832,3D animation,"Nitro NSBCA, joint"
2818,/motion/ruc000/17.nsbca,50919936,50922596,2660,3D animation,"Nitro NSBCA, joint"
2819,/motion/ruc000/18.nsbca,50923008,50925932,2924,3D animation,"Nitro NSBCA, joint"
2820,/motion/ruc000/19.nsbca,50926080,50929732,3652,3D animation,"Nitro NSBCA, joint"
2821,/motion/ruc000/20.nsbca,50930176,50932404,2228,3D animation,"Nitro NSBCA, joint"
2822,/motion/ruc000/21.nsbca,50932736,50935980,3244,3D animation,"Nitro NSBCA, joint"
2823,/motion/ruc000/22.nsbca,50936320,50941640,5320,3D animation,"Nitro NSBCA, joint"
2824,/motion/ruc000/23.nsbca,50941952,50950748,8796,3D animation,"Nitro NSBCA, joint"
2825,/motion/ruc000/24.nsbca,50951168,50955540,4372,3D animation,"Nitro NSBCA, joint"
2826,/motion/ruc000/25.nsbca,50955776,50959208,3432,3D animation,"Nitro NSBCA, joint"
2827,/motion/ruc000/26.nsbca,50959360,50964516,5156,3D animation,"Nitro NSBCA, joint"
2828,/motion/ruc000/27.nsbca,50964992,50969688,4696,3D animation,"Nitro NSBCA, joint"
2829,/motion/ruc000/28.nsbca,50970112,50972104,1992,3D animation,"Nitro NSBCA, joint"
2830,/motion/ruc000/29.nsbca,50972160,50976008,3848,3D animation,"Nitro NSBCA, joint"
2831,/motion/ruc000/30.nsbca,50976256,50978452,2196,3D animation,"Nitro NSBCA, joint"
2832,/motion/ruc000/31.nsbca,50978816,50986800,7984,3D animation,"Nitro NSBCA, joint"
2833,/motion/ruc000/32.nsbca,50987008,50990608,3600,3D animation,"Nitro NSBCA, joint"
2834,/motion/ruc000/33.nsbca,50991104,50995360,4256,3D animation,"Nitro NSBCA, joint"
2835,/motion/ruc000/34.nsbca,50995712,50999992,4280,3D animation,"Nitro NSBCA, joint"
2836,/motion/ruc000/35.nsbca,51000320,51011496,11176,3D animation,"Nitro NSBCA, joint"
2837,/motion/ruc000/36.nsbca,51011584,51016336,4752,3D animation,"Nitro NSBCA, joint"
2838,/motion/ruc000/37.nsbca,51016704,51021080,4376,3D animation,"Nitro NSBCA, joint"
2839,/motion/ruc000/38.nsbca,51021312,51024308,2996,3D animation,"Nitro NSBCA, joint"
2840,/motion/ruc000/39.nsbca,51024384,51026304,1920,3D animation,"Nitro NSBCA, joint"
2841,/motion/ruc000/40.nsbca,51026432,51028892,2460,3D animation,"Nitro NSBCA, joint"
2842,/motion/ruc000/41.nsbca,51028992,51030976,1984,3D animation,"Nitro NSBCA, joint"
2843,/motion/ruc000/45.nsbca,51031040,51032988,1948,3D animation,"Nitro NSBCA, joint"
2844,/motion/ruc000/46.nsbca,51033088,51037556,4468,3D animation,"Nitro NSBCA, joint"
2845,/motion/ruc000/48.nsbca,51037696,51038544,848,3D animation,"Nitro NSBCA, joint"
2846,/motion/ruc000/49.nsbca,51038720,51042752,4032,3D animation,"Nitro NSBCA, joint"
2847,/motion/ruc000/50.nsbca,51042816,51047480,4664,3D animation,"Nitro NSBCA, joint"
2848,/motion/ruc000/51.nsbca,51047936,51060752,12816,3D animation,"Nitro NSBCA, joint"
2849,/motion/ruc000/52.nsbca,51061248,51064020,2772,3D animation,"Nitro NSBCA, joint"
2850,/motion/ruc000/53.nsbca,51064320,51070748,6428,3D animation,"Nitro NSBCA, joint"
2851,/motion/ruc000/54.nsbca,51070976,51076240,5264,3D animation,"Nitro NSBCA, joint"
2852,/motion/ruc000/55.nsbca,51076608,51080976,4368,3D animation,"Nitro NSBCA, joint"
2853,/motion/ruc000/56.nsbca,51081216,51085232,4016,3D animation,"Nitro NSBCA, joint"
2854,/motion/ruc000/57.nsbca,51085312,51089372,4060,3D animation,"Nitro NSBCA, joint"
2855,/motion/ruc000/58.nsbca,51089408,51098156,8748,3D animation,"Nitro NSBCA, joint"
2856,/motion/ruc000/59.nsbca,51098624,51102972,4348,3D animation,"Nitro NSBCA, joint"
2857,/motion/ruc000/60.nsbca,51103232,51106108,2876,3D animation,"Nitro NSBCA, joint"
2858,/motion/ruc000/61.nsbca,51106304,51111864,5560,3D animation,"Nitro NSBCA, joint"
2859,/motion/ruc000/62.nsbca,51111936,51114696,2760,3D animation,"Nitro NSBCA, joint"
2860,/motion/ruc000/63.nsbca,51115008,51119252,4244,3D animation,"Nitro NSBCA, joint"
2861,/motion/ruc000/64.nsbca,51119616,51121804,2188,3D animation,"Nitro NSBCA, joint"
2862,/motion/ruc000/65.nsbca,51122176,51125980,3804,3D animation,"Nitro NSBCA, joint"
2863,/motion/ruc000/66.nsbca,51126272,51130776,4504,3D animation,"Nitro NSBCA, joint"
2864,/motion/ruc000/67.nsbca,51130880,51137012,6132,3D animation,"Nitro NSBCA, joint"
2865,/motion/ruc000/68.nsbca,51137024,51141412,4388,3D animation,"Nitro NSBCA, joint"
2866,/motion/ruc000/69.nsbca,51141632,51145044,3412,3D animation,"Nitro NSBCA, joint"
2867,/motion/ruc000/70.nsbca,51145216,51147676,2460,3D animation,"Nitro NSBCA, joint"
2868,/motion/ruc000/71.nsbca,51147776,51152284,4508,3D animation,"Nitro NSBCA, joint"
2869,/motion/ruc000/72.nsbca,51152384,51160144,7760,3D animation,"Nitro NSBCA, joint"
2870,/motion/ruc000/73.nsbca,51160576,51163136,2560,3D animation,"Nitro NSBCA, joint"
2871,/motion/ruc000/74.nsbca,51163136,51166796,3660,3D animation,"Nitro NSBCA, joint"
2872,/motion/ruc000/75.nsbca,51167232,51170924,3692,3D animation,"Nitro NSBCA, joint"
2873,/motion/ruc000/76.nsbca,51171328,51179464,8136,3D animation,"Nitro NSBCA, joint"
2874,/motion/ruc000/77.nsbca,51179520,51184916,5396,3D animation,"Nitro NSBCA, joint"
2875,/motion/ruc000/78.nsbca,51185152,51189272,4120,3D animation,"Nitro NSBCA, joint"
2876,/motion/ruc000/79.nsbca,51189760,51193820,4060,3D animation,"Nitro NSBCA, joint"
2877,/motion/ruc000/80.nsbca,51193856,51199596,5740,3D animation,"Nitro NSBCA, joint"
2878,/motion/ruc000/81.nsbca,51200000,51203972,3972,3D animation,"Nitro NSBCA, joint"
2879,/motion/ruc000/82.nsbca,51204096,51208696,4600,3D animation,"Nitro NSBCA, joint"
2880,/motion/ruc000/83.nsbca,51208704,51215560,6856,3D animation,"Nitro NSBCA, joint"
2881,/motion/ruc000/84.nsbca,51215872,51219976,4104,3D animation,"Nitro NSBCA, joint"
2882,/motion/ruc000/85.nsbca,51220480,51225268,4788,3D animation,"Nitro NSBCA, joint"
2883,/motion/ruc000/86.nsbca,51225600,51227392,1792,3D animation,"Nitro NSBCA, joint"
2884,/motion/ruc000/87.nsbca,51227648,51232340,4692,3D animation,"Nitro NSBCA, joint"
2885,/motion/ruc000/88.nsbca,51232768,51237868,5100,3D animation,"Nitro NSBCA, joint"
2886,/motion/ruc000/89.nsbca,51237888,51240968,3080,3D animation,"Nitro NSBCA, joint"
2887,/motion/ruc000/90.nsbca,51241472,51246140,4668,3D animation,"Nitro NSBCA, joint"
2888,/motion/ruc000/91.nsbca,51246592,51250540,3948,3D animation,"Nitro NSBCA, joint"
2889,/motion/ruc000/92.nsbca,51250688,51254912,4224,3D animation,"Nitro NSBCA, joint"
2890,/motion/ruc000/93.nsbca,51255296,51258268,2972,3D animation,"Nitro NSBCA, joint"
2891,/motion/ruc000/94.nsbca,51258368,51262312,3944,3D animation,"Nitro NSBCA, joint"
2892,/motion/ruc000/95.nsbca,51262464,51267836,5372,3D animation,"Nitro NSBCA, joint"
2893,/motion/ruc001/00.nsbca,51268096,51272056,3960,3D animation,"Nitro NSBCA, joint"
2894,/motion/ruc001/01.nsbca,51272192,51279380,7188,3D animation,"Nitro NSBCA, joint"
2895,/motion/ruc001/02.nsbca,51279872,51284308,4436,3D animation,"Nitro NSBCA, joint"
2896,/motion/ruc001/03.nsbca,51284480,51297376,12896,3D animation,"Nitro NSBCA, joint"
2897,/motion/ruc001/04.nsbca,51297792,51302940,5148,3D animation,"Nitro NSBCA, joint"
2898,/motion/ruc001/05.nsbca,51303424,51306968,3544,3D animation,"Nitro NSBCA, joint"
2899,/motion/ruc001/06.nsbca,51307008,51313664,6656,3D animation,"Nitro NSBCA, joint"
2900,/motion/ruc001/07.nsbca,51313664,51317952,4288,3D animation,"Nitro NSBCA, joint"
2901,/motion/ruc001/08.nsbca,51318272,51322276,4004,3D animation,"Nitro NSBCA, joint"
2902,/motion/ruc001/09.nsbca,51322368,51330800,8432,3D animation,"Nitro NSBCA, joint"
2903,/motion/ruc001/10.nsbca,51331072,51335428,4356,3D animation,"Nitro NSBCA, joint"
2904,/motion/ruc001/11.nsbca,51335680,51339340,3660,3D animation,"Nitro NSBCA, joint"
2905,/motion/ruc001/12.nsbca,51339776,51344016,4240,3D animation,"Nitro NSBCA, joint"
2906,/motion/ruc001/13.nsbca,51344384,51346968,2584,3D animation,"Nitro NSBCA, joint"
2907,/motion/ruc001/14.nsbca,51347456,51351124,3668,3D animation,"Nitro NSBCA, joint"
2908,/motion/ruc001/15.nsbca,51351552,51354216,2664,3D animation,"Nitro NSBCA, joint"
2909,/motion/ruc001/16.nsbca,51354624,51360456,5832,3D animation,"Nitro NSBCA, joint"
2910,/motion/ruc001/17.nsbca,51360768,51363428,2660,3D animation,"Nitro NSBCA, joint"
2911,/motion/ruc001/18.nsbca,51363840,51366764,2924,3D animation,"Nitro NSBCA, joint"
2912,/motion/ruc001/19.nsbca,51366912,51370564,3652,3D animation,"Nitro NSBCA, joint"
2913,/motion/ruc001/20.nsbca,51371008,51373236,2228,3D animation,"Nitro NSBCA, joint"
2914,/motion/ruc001/21.nsbca,51373568,51376812,3244,3D animation,"Nitro NSBCA, joint"
2915,/motion/ruc001/22.nsbca,51377152,51382472,5320,3D animation,"Nitro NSBCA, joint"
2916,/motion/ruc001/23.nsbca,51382784,51391580,8796,3D animation,"Nitro NSBCA, joint"
2917,/motion/ruc001/24.nsbca,51392000,51396372,4372,3D animation,"Nitro NSBCA, joint"
2918,/motion/ruc001/25.nsbca,51396608,51400040,3432,3D animation,"Nitro NSBCA, joint"
2919,/motion/ruc001/26.nsbca,51400192,51405348,5156,3D animation,"Nitro NSBCA, joint"
2920,/motion/ruc001/27.nsbca,51405824,51410520,4696,3D animation,"Nitro NSBCA, joint"
2921,/motion/ruc001/28.nsbca,51410944,51412936,1992,3D animation,"Nitro NSBCA, joint"
2922,/motion/ruc001/29.nsbca,51412992,51416840,3848,3D animation,"Nitro NSBCA, joint"
2923,/motion/ruc001/30.nsbca,51417088,51419284,2196,3D animation,"Nitro NSBCA, joint"
2924,/motion/ruc001/31.nsbca,51419648,51427632,7984,3D animation,"Nitro NSBCA, joint"
2925,/motion/ruc001/32.nsbca,51427840,51431440,3600,3D animation,"Nitro NSBCA, joint"
2926,/motion/ruc001/33.nsbca,51431936,51436192,4256,3D animation,"Nitro NSBCA, joint"
2927,/motion/ruc001/34.nsbca,51436544,51440824,4280,3D animation,"Nitro NSBCA, joint"
2928,/motion/ruc001/35.nsbca,51441152,51452328,11176,3D animation,"Nitro NSBCA, joint"
2929,/motion/ruc001/36.nsbca,51452416,51457168,4752,3D animation,"Nitro NSBCA, joint"
2930,/motion/ruc001/37.nsbca,51457536,51461912,4376,3D animation,"Nitro NSBCA, joint"
2931,/motion/ruc001/38.nsbca,51462144,51465140,2996,3D animation,"Nitro NSBCA, joint"
2932,/motion/ruc001/39.nsbca,51465216,51467136,1920,3D animation,"Nitro NSBCA, joint"
2933,/motion/ruc001/40.nsbca,51467264,51469724,2460,3D animation,"Nitro NSBCA, joint"
2934,/motion/ruc001/41.nsbca,51469824,51471808,1984,3D animation,"Nitro NSBCA, joint"
2935,/motion/ruc001/45.nsbca,51471872,51473820,1948,3D animation,"Nitro NSBCA, joint"
2936,/motion/ruc001/46.nsbca,51473920,51478388,4468,3D animation,"Nitro NSBCA, joint"
2937,/motion/ruc001/48.nsbca,51478528,51479376,848,3D animation,"Nitro NSBCA, joint"
2938,/motion/ruc001/49.nsbca,51479552,51483584,4032,3D animation,"Nitro NSBCA, joint"
2939,/motion/ruc001/50.nsbca,51483648,51488312,4664,3D animation,"Nitro NSBCA, joint"
2940,/motion/ruc001/51.nsbca,51488768,51501584,12816,3D animation,"Nitro NSBCA, joint"
2941,/motion/ruc001/52.nsbca,51502080,51504852,2772,3D animation,"Nitro NSBCA, joint"
2942,/motion/ruc001/53.nsbca,51505152,51511580,6428,3D animation,"Nitro NSBCA, joint"
2943,/motion/ruc001/54.nsbca,51511808,51517072,5264,3D animation,"Nitro NSBCA, joint"
2944,/motion/ruc001/55.nsbca,51517440,51521808,4368,3D animation,"Nitro NSBCA, joint"
2945,/motion/ruc001/56.nsbca,51522048,51526064,4016,3D animation,"Nitro NSBCA, joint"
2946,/motion/ruc001/57.nsbca,51526144,51530204,4060,3D animation,"Nitro NSBCA, joint"
2947,/motion/ruc001/58.nsbca,51530240,51538988,8748,3D animation,"Nitro NSBCA, joint"
2948,/motion/ruc001/59.nsbca,51539456,51543804,4348,3D animation,"Nitro NSBCA, joint"
2949,/motion/ruc001/60.nsbca,51544064,51546940,2876,3D animation,"Nitro NSBCA, joint"
2950,/motion/ruc001/61.nsbca,51547136,51552696,5560,3D animation,"Nitro NSBCA, joint"
2951,/motion/ruc001/62.nsbca,51552768,51555528,2760,3D animation,"Nitro NSBCA, joint"
2952,/motion/ruc001/63.nsbca,51555840,51560084,4244,3D animation,"Nitro NSBCA, joint"
2953,/motion/ruc001/64.nsbca,51560448,51562636,2188,3D animation,"Nitro NSBCA, joint"
2954,/motion/ruc001/65.nsbca,51563008,51566812,3804,3D animation,"Nitro NSBCA, joint"
2955,/motion/ruc001/66.nsbca,51567104,51571608,4504,3D animation,"Nitro NSBCA, joint"
2956,/motion/ruc001/67.nsbca,51571712,51577844,6132,3D animation,"Nitro NSBCA, joint"
2957,/motion/ruc001/68.nsbca,51577856,51582244,4388,3D animation,"Nitro NSBCA, joint"
2958,/motion/ruc001/69.nsbca,51582464,51585876,3412,3D animation,"Nitro NSBCA, joint"
2959,/motion/ruc001/70.nsbca,51586048,51588508,2460,3D animation,"Nitro NSBCA, joint"
2960,/motion/ruc001/71.nsbca,51588608,51593116,4508,3D animation,"Nitro NSBCA, joint"
2961,/motion/ruc001/72.nsbca,51593216,51600976,7760,3D animation,"Nitro NSBCA, joint"
2962,/motion/ruc001/73.nsbca,51601408,51603968,2560,3D animation,"Nitro NSBCA, joint"
2963,/motion/ruc001/74.nsbca,51603968,51607628,3660,3D animation,"Nitro NSBCA, joint"
2964,/motion/ruc001/75.nsbca,51608064,51611756,3692,3D animation,"Nitro NSBCA, joint"
2965,/motion/ruc001/76.nsbca,51612160,51620296,8136,3D animation,"Nitro NSBCA, joint"
2966,/motion/ruc001/77.nsbca,51620352,51625748,5396,3D animation,"Nitro NSBCA, joint"
2967,/motion/ruc001/78.nsbca,51625984,51630104,4120,3D animation,"Nitro NSBCA, joint"
2968,/motion/ruc001/79.nsbca,51630592,51634652,4060,3D animation,"Nitro NSBCA, joint"
2969,/motion/ruc001/80.nsbca,51634688,51640428,5740,3D animation,"Nitro NSBCA, joint"
2970,/motion/ruc001/81.nsbca,51640832,51644804,3972,3D animation,"Nitro NSBCA, joint"
2971,/motion/ruc001/82.nsbca,51644928,51649528,4600,3D animation,"Nitro NSBCA, joint"
2972,/motion/ruc001/83.nsbca,51649536,51656392,6856,3D animation,"Nitro NSBCA, joint"
2973,/motion/ruc001/84.nsbca,51656704,51660808,4104,3D animation,"Nitro NSBCA, joint"
2974,/motion/ruc001/85.nsbca,51661312,51666100,4788,3D animation,"Nitro NSBCA, joint"
2975,/motion/ruc001/86.nsbca,51666432,51668224,1792,3D animation,"Nitro NSBCA, joint"
2976,/motion/ruc001/87.nsbca,51668480,51673172,4692,3D animation,"Nitro NSBCA, joint"
2977,/motion/ruc001/88.nsbca,51673600,51678700,5100,3D animation,"Nitro NSBCA, joint"
2978,/motion/ruc001/89.nsbca,51678720,51681800,3080,3D animation,"Nitro NSBCA, joint"
2979,/motion/ruc001/90.nsbca,51682304,51686972,4668,3D animation,"Nitro NSBCA, joint"
2980,/motion/ruc001/91.nsbca,51687424,51691372,3948,3D animation,"Nitro NSBCA, joint"
2981,/motion/ruc001/92.nsbca,51691520,51695744,4224,3D animation,"Nitro NSBCA, joint"
2982,/motion/ruc001/93.nsbca,51696128,51699100,2972,3D animation,"Nitro NSBCA, joint"
2983,/motion/ruc001/94.nsbca,51699200,51703144,3944,3D animation,"Nitro NSBCA, joint"
2984,/motion/ruc001/95.nsbca,51703296,51708668,5372,3D animation,"Nitro NSBCA, joint"
2985,/motion/sailor00/00.nsbca,51708928,51712104,3176,3D animation,"Nitro NSBCA, joint"
2986,/motion/sailor00/01.nsbca,51712512,51718468,5956,3D animation,"Nitro NSBCA, joint"
2987,/motion/sailor00/02.nsbca,51718656,51722820,4164,3D animation,"Nitro NSBCA, joint"
2988,/motion/sailor00/28.nsbca,51723264,51725268,2004,3D animation,"Nitro NSBCA, joint"
2989,/motion/sailor00/29.nsbca,51725312,51730448,5136,3D animation,"Nitro NSBCA, joint"
2990,/motion/sailor00/30.nsbca,51730944,51732904,1960,3D animation,"Nitro NSBCA, joint"
2991,/motion/sailor00/39.nsbca,51732992,51735048,2056,3D animation,"Nitro NSBCA, joint"
2992,/motion/sailor00/40.nsbca,51735552,51737676,2124,3D animation,"Nitro NSBCA, joint"
2993,/motion/sailor00/41.nsbca,51738112,51740080,1968,3D animation,"Nitro NSBCA, joint"
2994,/motion/sailor00/50.nsbca,51740160,51743292,3132,3D animation,"Nitro NSBCA, joint"
2995,/motion/sailor00/51.nsbca,51743744,51747920,4176,3D animation,"Nitro NSBCA, joint"
2996,/motion/sak000/00.nsbca,51748352,51753300,4948,3D animation,"Nitro NSBCA, joint"
2997,/motion/sak000/01.nsbca,51753472,51760448,6976,3D animation,"Nitro NSBCA, joint"
2998,/motion/sak000/27.nsbca,51760640,51766772,6132,3D animation,"Nitro NSBCA, joint"
2999,/motion/sak000/29.nsbca,51766784,51772760,5976,3D animation,"Nitro NSBCA, joint"
3000,/motion/sak000/51.nsbca,51772928,51776764,3836,3D animation,"Nitro NSBCA, joint"
3001,/motion/sak000/52.nsbca,51777024,51780692,3668,3D animation,"Nitro NSBCA, joint"
3002,/motion/sak000/53.nsbca,51781120,51785840,4720,3D animation,"Nitro NSBCA, joint"
3003,/motion/san000/00.nsbca,51786240,51792668,6428,3D animation,"Nitro NSBCA, joint"
3004,/motion/san000/01.nsbca,51792896,51798832,5936,3D animation,"Nitro NSBCA, joint"
3005,/motion/san010/00.nsbca,51799040,51804252,5212,3D animation,"Nitro NSBCA, joint"
3006,/motion/san010/01.nsbca,51804672,51810516,5844,3D animation,"Nitro NSBCA, joint"
3007,/motion/san020/00.nsbca,51810816,51814228,3412,3D animation,"Nitro NSBCA, joint"
3008,/motion/san020/01.nsbca,51814400,51820524,6124,3D animation,"Nitro NSBCA, joint"
3009,/motion/san020/02.nsbca,51820544,51824540,3996,3D animation,"Nitro NSBCA, joint"
3010,/motion/san020/20.nsbca,51824640,51827716,3076,3D animation,"Nitro NSBCA, joint"
3011,/motion/san020/21.nsbca,51828224,51830968,2744,3D animation,"Nitro NSBCA, joint"
3012,/motion/san020/22.nsbca,51831296,51836228,4932,3D animation,"Nitro NSBCA, joint"
3013,/motion/san020/28.nsbca,51836416,51838464,2048,3D animation,"Nitro NSBCA, joint"
3014,/motion/san020/29.nsbca,51838464,51843516,5052,3D animation,"Nitro NSBCA, joint"
3015,/motion/san020/30.nsbca,51843584,51845628,2044,3D animation,"Nitro NSBCA, joint"
3016,/motion/san020/39.nsbca,51845632,51847552,1920,3D animation,"Nitro NSBCA, joint"
3017,/motion/san020/40.nsbca,51847680,51849784,2104,3D animation,"Nitro NSBCA, joint"
3018,/motion/san020/41.nsbca,51850240,51852232,1992,3D animation,"Nitro NSBCA, joint"
3019,/motion/san020/50.nsbca,51852288,51854508,2220,3D animation,"Nitro NSBCA, joint"
3020,/motion/san020/51.nsbca,51854848,51857068,2220,3D animation,"Nitro NSBCA, joint"
3021,/motion/san020/52.nsbca,51857408,51861548,4140,3D animation,"Nitro NSBCA, joint"
3022,/motion/san020/53.nsbca,51862016,51865460,3444,3D animation,"Nitro NSBCA, joint"
3023,/motion/san020/54.nsbca,51865600,51873700,8100,3D animation,"Nitro NSBCA, joint"
3024,/motion/san030/00.nsbca,51873792,51877196,3404,3D animation,"Nitro NSBCA, joint"
3025,/motion/san030/01.nsbca,51877376,51882568,5192,3D animation,"Nitro NSBCA, joint"
3026,/motion/san030/50.nsbca,51883008,51885264,2256,3D animation,"Nitro NSBCA, joint"
3027,/motion/san040/00.nsbca,51885568,51888744,3176,3D animation,"Nitro NSBCA, joint"
3028,/motion/san040/01.nsbca,51889152,51895108,5956,3D animation,"Nitro NSBCA, joint"
3029,/motion/san040/02.nsbca,51895296,51899460,4164,3D animation,"Nitro NSBCA, joint"
3030,/motion/san040/28.nsbca,51899904,51901908,2004,3D animation,"Nitro NSBCA, joint"
3031,/motion/san040/29.nsbca,51901952,51907088,5136,3D animation,"Nitro NSBCA, joint"
3032,/motion/san040/30.nsbca,51907584,51909544,1960,3D animation,"Nitro NSBCA, joint"
3033,/motion/san040/39.nsbca,51909632,51911688,2056,3D animation,"Nitro NSBCA, joint"
3034,/motion/san040/40.nsbca,51912192,51914316,2124,3D animation,"Nitro NSBCA, joint"
3035,/motion/san040/41.nsbca,51914752,51916720,1968,3D animation,"Nitro NSBCA, joint"
3036,/motion/san040/50.nsbca,51916800,51919932,3132,3D animation,"Nitro NSBCA, joint"
3037,/motion/san040/51.nsbca,51920384,51924560,4176,3D animation,"Nitro NSBCA, joint"
3038,/motion/san050/00.nsbca,51924992,51928188,3196,3D animation,"Nitro NSBCA, joint"
3039,/motion/san050/01.nsbca,51928576,51933404,4828,3D animation,"Nitro NSBCA, joint"
3040,/motion/san060/00.nsbca,51933696,51937856,4160,3D animation,"Nitro NSBCA, joint"
3041,/motion/san060/01.nsbca,51938304,51945304,7000,3D animation,"Nitro NSBCA, joint"
3042,/motion/san060/11.nsbca,51945472,51948384,2912,3D animation,"Nitro NSBCA, joint"
3043,/motion/san060/27.nsbca,51948544,51951544,3000,3D animation,"Nitro NSBCA, joint"
3044,/motion/san060/50.nsbca,51951616,51954708,3092,3D animation,"Nitro NSBCA, joint"
3045,/motion/san060/51.nsbca,51955200,51961264,6064,3D animation,"Nitro NSBCA, joint"
3046,/motion/san070/00.nsbca,51961344,51964604,3260,3D animation,"Nitro NSBCA, joint"
3047,/motion/san070/01.nsbca,51964928,51972220,7292,3D animation,"Nitro NSBCA, joint"
3048,/motion/san070/11.nsbca,51972608,51975640,3032,3D animation,"Nitro NSBCA, joint"
3049,/motion/san070/27.nsbca,51975680,51978664,2984,3D animation,"Nitro NSBCA, joint"
3050,/motion/san070/50.nsbca,51978752,51981592,2840,3D animation,"Nitro NSBCA, joint"
3051,/motion/san070/51.nsbca,51981824,51988308,6484,3D animation,"Nitro NSBCA, joint"
3052,/motion/shop00/00.nsbca,51988480,51992628,4148,3D animation,"Nitro NSBCA, joint"
3053,/motion/shop01/00.nsbca,51993088,51997236,4148,3D animation,"Nitro NSBCA, joint"
3054,/motion/shop02/00.nsbca,51997696,52001844,4148,3D animation,"Nitro NSBCA, joint"
3055,/motion/shop03/00.nsbca,52002304,52006452,4148,3D animation,"Nitro NSBCA, joint"
3056,/motion/sia000/00.nsbca,52006912,52010376,3464,3D animation,"Nitro NSBCA, joint"
3057,/motion/sia000/01.nsbca,52010496,52018276,7780,3D animation,"Nitro NSBCA, joint"
3058,/motion/sia000/02.nsbca,52018688,52022668,3980,3D animation,"Nitro NSBCA, joint"
3059,/motion/sia000/12.nsbca,52022784,52031008,8224,3D animation,"Nitro NSBCA, joint"
3060,/motion/sia000/13.nsbca,52031488,52035432,3944,3D animation,"Nitro NSBCA, joint"
3061,/motion/sia000/20.nsbca,52035584,52037544,1960,3D animation,"Nitro NSBCA, joint"
3062,/motion/sia000/21.nsbca,52037632,52042284,4652,3D animation,"Nitro NSBCA, joint"
3063,/motion/sia000/22.nsbca,52042752,52046060,3308,3D animation,"Nitro NSBCA, joint"
3064,/motion/sia000/23.nsbca,52046336,52050208,3872,3D animation,"Nitro NSBCA, joint"
3065,/motion/sia000/28.nsbca,52050432,52052424,1992,3D animation,"Nitro NSBCA, joint"
3066,/motion/sia000/29.nsbca,52052480,52056020,3540,3D animation,"Nitro NSBCA, joint"
3067,/motion/sia000/30.nsbca,52056064,52058604,2540,3D animation,"Nitro NSBCA, joint"
3068,/motion/sia000/32.nsbca,52058624,52061116,2492,3D animation,"Nitro NSBCA, joint"
3069,/motion/sia000/50.nsbca,52061184,52063616,2432,3D animation,"Nitro NSBCA, joint"
3070,/motion/sia000/51.nsbca,52063744,52067208,3464,3D animation,"Nitro NSBCA, joint"
3071,/motion/sia000/52.nsbca,52067328,52070096,2768,3D animation,"Nitro NSBCA, joint"
3072,/motion/sia000/53.nsbca,52070400,52072412,2012,3D animation,"Nitro NSBCA, joint"
3073,/motion/sia000/54.nsbca,52072448,52073976,1528,3D animation,"Nitro NSBCA, joint"
3074,/motion/sia000/55.nsbca,52073984,52079380,5396,3D animation,"Nitro NSBCA, joint"
3075,/motion/sia000/56.nsbca,52079616,52082552,2936,3D animation,"Nitro NSBCA, joint"
3076,/motion/sia000/57.nsbca,52082688,52087524,4836,3D animation,"Nitro NSBCA, joint"
3077,/motion/sia000/58.nsbca,52087808,52092792,4984,3D animation,"Nitro NSBCA, joint"
3078,/motion/sia000/59.nsbca,52092928,52098508,5580,3D animation,"Nitro NSBCA, joint"
3079,/motion/sia000/60.nsbca,52098560,52103688,5128,3D animation,"Nitro NSBCA, joint"
3080,/motion/sia000/61.nsbca,52104192,52108696,4504,3D animation,"Nitro NSBCA, joint"
3081,/motion/spa000/00.nsbca,52108800,52111864,3064,3D animation,"Nitro NSBCA, joint"
3082,/motion/spa000/01.nsbca,52111872,52119468,7596,3D animation,"Nitro NSBCA, joint"
3083,/motion/spa000/02.nsbca,52119552,52124164,4612,3D animation,"Nitro NSBCA, joint"
3084,/motion/spa000/03.nsbca,52124672,52140900,16228,3D animation,"Nitro NSBCA, joint"
3085,/motion/spa000/04.nsbca,52141056,52154928,13872,3D animation,"Nitro NSBCA, joint"
3086,/motion/spa000/05.nsbca,52155392,52164720,9328,3D animation,"Nitro NSBCA, joint"
3087,/motion/spa000/06.nsbca,52165120,52172888,7768,3D animation,"Nitro NSBCA, joint"
3088,/motion/spa000/07.nsbca,52173312,52177972,4660,3D animation,"Nitro NSBCA, joint"
3089,/motion/spa000/08.nsbca,52178432,52182204,3772,3D animation,"Nitro NSBCA, joint"
3090,/motion/spa000/09.nsbca,52182528,52189024,6496,3D animation,"Nitro NSBCA, joint"
3091,/motion/spa000/11.nsbca,52189184,52193860,4676,3D animation,"Nitro NSBCA, joint"
3092,/motion/spa000/12.nsbca,52194304,52199044,4740,3D animation,"Nitro NSBCA, joint"
3093,/motion/spa000/13.nsbca,52199424,52203192,3768,3D animation,"Nitro NSBCA, joint"
3094,/motion/spa000/16.nsbca,52203520,52209492,5972,3D animation,"Nitro NSBCA, joint"
3095,/motion/spa000/17.nsbca,52209664,52214452,4788,3D animation,"Nitro NSBCA, joint"
3096,/motion/spa000/20.nsbca,52214784,52218148,3364,3D animation,"Nitro NSBCA, joint"
3097,/motion/spa000/21.nsbca,52218368,52221852,3484,3D animation,"Nitro NSBCA, joint"
3098,/motion/spa000/22.nsbca,52221952,52227460,5508,3D animation,"Nitro NSBCA, joint"
3099,/motion/spa000/23.nsbca,52227584,52237336,9752,3D animation,"Nitro NSBCA, joint"
3100,/motion/spa000/24.nsbca,52237824,52242832,5008,3D animation,"Nitro NSBCA, joint"
3101,/motion/spa000/25.nsbca,52242944,52246576,3632,3D animation,"Nitro NSBCA, joint"
3102,/motion/spa000/26.nsbca,52247040,52253304,6264,3D animation,"Nitro NSBCA, joint"
3103,/motion/spa000/27.nsbca,52253696,52258176,4480,3D animation,"Nitro NSBCA, joint"
3104,/motion/spa000/33.nsbca,52258304,52265920,7616,3D animation,"Nitro NSBCA, joint"
3105,/motion/spa000/34.nsbca,52265984,52270624,4640,3D animation,"Nitro NSBCA, joint"
3106,/motion/spa000/35.nsbca,52271104,52282452,11348,3D animation,"Nitro NSBCA, joint"
3107,/motion/spa000/36.nsbca,52282880,52286552,3672,3D animation,"Nitro NSBCA, joint"
3108,/motion/spa000/37.nsbca,52286976,52292368,5392,3D animation,"Nitro NSBCA, joint"
3109,/motion/spa000/39.nsbca,52292608,52294824,2216,3D animation,"Nitro NSBCA, joint"
3110,/motion/spa000/40.nsbca,52295168,52297700,2532,3D animation,"Nitro NSBCA, joint"
3111,/motion/spa000/41.nsbca,52297728,52299648,1920,3D animation,"Nitro NSBCA, joint"
3112,/motion/spa000/45.nsbca,52299776,52302244,2468,3D animation,"Nitro NSBCA, joint"
3113,/motion/spa000/46.nsbca,52302336,52306760,4424,3D animation,"Nitro NSBCA, joint"
3114,/motion/spa000/48.nsbca,52306944,52307996,1052,3D animation,"Nitro NSBCA, joint"
3115,/motion/spa000/49.nsbca,52308480,52312660,4180,3D animation,"Nitro NSBCA, joint"
3116,/motion/spa000/50.nsbca,52313088,52320968,7880,3D animation,"Nitro NSBCA, joint"
3117,/motion/spa000/51.nsbca,52321280,52325840,4560,3D animation,"Nitro NSBCA, joint"
3118,/motion/spa000/52.nsbca,52325888,52332600,6712,3D animation,"Nitro NSBCA, joint"
3119,/motion/spa000/53.nsbca,52333056,52337020,3964,3D animation,"Nitro NSBCA, joint"
3120,/motion/spa000/54.nsbca,52337152,52344396,7244,3D animation,"Nitro NSBCA, joint"
3121,/motion/spa000/55.nsbca,52344832,52349820,4988,3D animation,"Nitro NSBCA, joint"
3122,/motion/spa000/56.nsbca,52349952,52354808,4856,3D animation,"Nitro NSBCA, joint"
3123,/motion/spa000/57.nsbca,52355072,52360396,5324,3D animation,"Nitro NSBCA, joint"
3124,/motion/spa000/58.nsbca,52360704,52369192,8488,3D animation,"Nitro NSBCA, joint"
3125,/motion/spa000/59.nsbca,52369408,52376088,6680,3D animation,"Nitro NSBCA, joint"
3126,/motion/spa000/60.nsbca,52376576,52384144,7568,3D animation,"Nitro NSBCA, joint"
3127,/motion/spa000/61.nsbca,52384256,52388792,4536,3D animation,"Nitro NSBCA, joint"
3128,/motion/spa000/62.nsbca,52388864,52394208,5344,3D animation,"Nitro NSBCA, joint"
3129,/motion/spa000/63.nsbca,52394496,52401800,7304,3D animation,"Nitro NSBCA, joint"
3130,/motion/spa000/64.nsbca,52402176,52409544,7368,3D animation,"Nitro NSBCA, joint"
3131,/motion/spa000/65.nsbca,52409856,52415072,5216,3D animation,"Nitro NSBCA, joint"
3132,/motion/spa000/66.nsbca,52415488,52418480,2992,3D animation,"Nitro NSBCA, joint"
3133,/motion/spa000/67.nsbca,52418560,52422524,3964,3D animation,"Nitro NSBCA, joint"
3134,/motion/spa000/68.nsbca,52422656,52431680,9024,3D animation,"Nitro NSBCA, joint"
3135,/motion/spa000/69.nsbca,52431872,52435028,3156,3D animation,"Nitro NSBCA, joint"
3136,/motion/spa000/70.nsbca,52435456,52439828,4372,3D animation,"Nitro NSBCA, joint"
3137,/motion/spa000/71.nsbca,52440064,52442932,2868,3D animation,"Nitro NSBCA, joint"
3138,/motion/spa000/72.nsbca,52443136,52448496,5360,3D animation,"Nitro NSBCA, joint"
3139,/motion/spa000/73.nsbca,52448768,52453028,4260,3D animation,"Nitro NSBCA, joint"
3140,/motion/spa000/74.nsbca,52453376,52455436,2060,3D animation,"Nitro NSBCA, joint"
3141,/motion/spa000/75.nsbca,52455936,52460956,5020,3D animation,"Nitro NSBCA, joint"
3142,/motion/spa000/76.nsbca,52461056,52468852,7796,3D animation,"Nitro NSBCA, joint"
3143,/motion/spa000/77.nsbca,52469248,52473712,4464,3D animation,"Nitro NSBCA, joint"
3144,/motion/spa000/78.nsbca,52473856,52478524,4668,3D animation,"Nitro NSBCA, joint"
3145,/motion/sum200/50.nsbca,52478976,52483244,4268,3D animation,"Nitro NSBCA, joint"
3146,/motion/sum200/51.nsbca,52483584,52486676,3092,3D animation,"Nitro NSBCA, joint"
3147,/motion/sum200/52.nsbca,52487168,52498948,11780,3D animation,"Nitro NSBCA, joint"
3148,/motion/tan000/00.nsbca,52499456,52499912,456,3D animation,"Nitro NSBCA, joint"
3149,/motion/tan000/50.nsbca,52499968,52503412,3444,3D animation,"Nitro NSBCA, joint"
3150,/motion/ten010/00.nsbca,52503552,52508356,4804,3D animation,"Nitro NSBCA, joint"
3151,/motion/ten010/01.nsbca,52508672,52514400,5728,3D animation,"Nitro NSBCA, joint"
3152,/motion/ten020/00.nsbca,52514816,52518228,3412,3D animation,"Nitro NSBCA, joint"
3153,/motion/ten020/01.nsbca,52518400,52524524,6124,3D animation,"Nitro NSBCA, joint"
3154,/motion/ten020/02.nsbca,52524544,52528540,3996,3D animation,"Nitro NSBCA, joint"
3155,/motion/ten020/20.nsbca,52528640,52531716,3076,3D animation,"Nitro NSBCA, joint"
3156,/motion/ten020/21.nsbca,52532224,52534968,2744,3D animation,"Nitro NSBCA, joint"
3157,/motion/ten020/22.nsbca,52535296,52540228,4932,3D animation,"Nitro NSBCA, joint"
3158,/motion/ten020/28.nsbca,52540416,52542464,2048,3D animation,"Nitro NSBCA, joint"
3159,/motion/ten020/29.nsbca,52542464,52547516,5052,3D animation,"Nitro NSBCA, joint"
3160,/motion/ten020/30.nsbca,52547584,52549628,2044,3D animation,"Nitro NSBCA, joint"
3161,/motion/ten020/39.nsbca,52549632,52551552,1920,3D animation,"Nitro NSBCA, joint"
3162,/motion/ten020/40.nsbca,52551680,52553784,2104,3D animation,"Nitro NSBCA, joint"
3163,/motion/ten020/41.nsbca,52554240,52556232,1992,3D animation,"Nitro NSBCA, joint"
3164,/motion/ten020/50.nsbca,52556288,52558508,2220,3D animation,"Nitro NSBCA, joint"
3165,/motion/ten020/51.nsbca,52558848,52561068,2220,3D animation,"Nitro NSBCA, joint"
3166,/motion/ten020/52.nsbca,52561408,52565548,4140,3D animation,"Nitro NSBCA, joint"
3167,/motion/ten020/53.nsbca,52566016,52569460,3444,3D animation,"Nitro NSBCA, joint"
3168,/motion/ten020/54.nsbca,52569600,52577700,8100,3D animation,"Nitro NSBCA, joint"
3169,/motion/ten030/00.nsbca,52577792,52581196,3404,3D animation,"Nitro NSBCA, joint"
3170,/motion/ten030/01.nsbca,52581376,52586568,5192,3D animation,"Nitro NSBCA, joint"
3171,/motion/ten030/50.nsbca,52587008,52589264,2256,3D animation,"Nitro NSBCA, joint"
3172,/motion/ten040/00.nsbca,52589568,52592744,3176,3D animation,"Nitro NSBCA, joint"
3173,/motion/ten040/01.nsbca,52593152,52599108,5956,3D animation,"Nitro NSBCA, joint"
3174,/motion/ten040/02.nsbca,52599296,52603460,4164,3D animation,"Nitro NSBCA, joint"
3175,/motion/ten040/28.nsbca,52603904,52605908,2004,3D animation,"Nitro NSBCA, joint"
3176,/motion/ten040/29.nsbca,52605952,52611088,5136,3D animation,"Nitro NSBCA, joint"
3177,/motion/ten040/30.nsbca,52611584,52613544,1960,3D animation,"Nitro NSBCA, joint"
3178,/motion/ten040/39.nsbca,52613632,52615688,2056,3D animation,"Nitro NSBCA, joint"
3179,/motion/ten040/40.nsbca,52616192,52618316,2124,3D animation,"Nitro NSBCA, joint"
3180,/motion/ten040/41.nsbca,52618752,52620720,1968,3D animation,"Nitro NSBCA, joint"
3181,/motion/ten040/50.nsbca,52620800,52623932,3132,3D animation,"Nitro NSBCA, joint"
3182,/motion/ten040/51.nsbca,52624384,52628560,4176,3D animation,"Nitro NSBCA, joint"
3183,/motion/ten050/00.nsbca,52628992,52632188,3196,3D animation,"Nitro NSBCA, joint"
3184,/motion/ten050/01.nsbca,52632576,52637404,4828,3D animation,"Nitro NSBCA, joint"
3185,/motion/ten060/00.nsbca,52637696,52641856,4160,3D animation,"Nitro NSBCA, joint"
3186,/motion/ten060/01.nsbca,52642304,52649304,7000,3D animation,"Nitro NSBCA, joint"
3187,/motion/ten060/11.nsbca,52649472,52652384,2912,3D animation,"Nitro NSBCA, joint"
3188,/motion/ten060/27.nsbca,52652544,52655544,3000,3D animation,"Nitro NSBCA, joint"
3189,/motion/ten060/50.nsbca,52655616,52658708,3092,3D animation,"Nitro NSBCA, joint"
3190,/motion/ten060/51.nsbca,52659200,52665264,6064,3D animation,"Nitro NSBCA, joint"
3191,/motion/ten070/00.nsbca,52665344,52668604,3260,3D animation,"Nitro NSBCA, joint"
3192,/motion/ten070/01.nsbca,52668928,52676220,7292,3D animation,"Nitro NSBCA, joint"
3193,/motion/ten070/11.nsbca,52676608,52679640,3032,3D animation,"Nitro NSBCA, joint"
3194,/motion/ten070/27.nsbca,52679680,52682664,2984,3D animation,"Nitro NSBCA, joint"
3195,/motion/ten070/50.nsbca,52682752,52685592,2840,3D animation,"Nitro NSBCA, joint"
3196,/motion/ten070/51.nsbca,52685824,52692308,6484,3D animation,"Nitro NSBCA, joint"
3197,/motion/ten080/00.nsbca,52692480,52696492,4012,3D animation,"Nitro NSBCA, joint"
3198,/motion/ten080/01.nsbca,52696576,52704044,7468,3D animation,"Nitro NSBCA, joint"
3199,/motion/ten080/02.nsbca,52704256,52708256,4000,3D animation,"Nitro NSBCA, joint"
3200,/motion/ten080/39.nsbca,52708352,52710164,1812,3D animation,"Nitro NSBCA, joint"
3201,/motion/ten080/40.nsbca,52710400,52712540,2140,3D animation,"Nitro NSBCA, joint"
3202,/motion/ten080/41.nsbca,52712960,52714852,1892,3D animation,"Nitro NSBCA, joint"
3203,/motion/ten080/50.nsbca,52715008,52717628,2620,3D animation,"Nitro NSBCA, joint"
3204,/motion/ten080/51.nsbca,52718080,52721800,3720,3D animation,"Nitro NSBCA, joint"
3205,/motion/ten080/52.nsbca,52722176,52726140,3964,3D animation,"Nitro NSBCA, joint"
3206,/motion/ten080/53.nsbca,52726272,52735680,9408,3D animation,"Nitro NSBCA, joint"
3207,/motion/ten080/54.nsbca,52736000,52740392,4392,3D animation,"Nitro NSBCA, joint"
3208,/motion/ten080/55.nsbca,52740608,52742484,1876,3D animation,"Nitro NSBCA, joint"
3209,/motion/ten080/56.nsbca,52742656,52747296,4640,3D animation,"Nitro NSBCA, joint"
3210,/motion/ten080/57.nsbca,52747776,52751008,3232,3D animation,"Nitro NSBCA, joint"
3211,/motion/ten190/00.nsbca,52751360,52757672,6312,3D animation,"Nitro NSBCA, joint"
3212,/motion/ten190/01.nsbca,52758016,52765908,7892,3D animation,"Nitro NSBCA, joint"
3213,/motion/tit000/00.nsbca,52766208,52769848,3640,3D animation,"Nitro NSBCA, joint"
3214,/motion/tit000/01.nsbca,52770304,52777076,6772,3D animation,"Nitro NSBCA, joint"
3215,/motion/tit000/27.nsbca,52777472,52781084,3612,3D animation,"Nitro NSBCA, joint"
3216,/motion/tit000/29.nsbca,52781568,52787516,5948,3D animation,"Nitro NSBCA, joint"
3217,/motion/tit000/32.nsbca,52787712,52790624,2912,3D animation,"Nitro NSBCA, joint"
3218,/motion/tit000/33.nsbca,52790784,52793992,3208,3D animation,"Nitro NSBCA, joint"
3219,/motion/tit000/34.nsbca,52794368,52797808,3440,3D animation,"Nitro NSBCA, joint"
3220,/motion/tit000/36.nsbca,52797952,52801892,3940,3D animation,"Nitro NSBCA, joint"
3221,/motion/tit000/50.nsbca,52802048,52805688,3640,3D animation,"Nitro NSBCA, joint"
3222,/motion/tit000/51.nsbca,52806144,52809512,3368,3D animation,"Nitro NSBCA, joint"
3223,/motion/tit000/52.nsbca,52809728,52815420,5692,3D animation,"Nitro NSBCA, joint"
3224,/motion/tit000/53.nsbca,52815872,52820036,4164,3D animation,"Nitro NSBCA, joint"
3225,/motion/tit000/54.nsbca,52820480,52823116,2636,3D animation,"Nitro NSBCA, joint"
3226,/motion/tit000/55.nsbca,52823552,52829084,5532,3D animation,"Nitro NSBCA, joint"
3227,/motion/tit000/56.nsbca,52829184,52834224,5040,3D animation,"Nitro NSBCA, joint"
3228,/motion/tit000/57.nsbca,52834304,52846952,12648,3D animation,"Nitro NSBCA, joint"
3229,/motion/tit000/58.nsbca,52847104,52848140,1036,3D animation,"Nitro NSBCA, joint"
3230,/motion/tit000/59.nsbca,52848640,52856072,7432,3D animation,"Nitro NSBCA, joint"
3231,/motion/tit000/60.nsbca,52856320,52860564,4244,3D animation,"Nitro NSBCA, joint"
3232,/motion/tit000/61.nsbca,52860928,52865484,4556,3D animation,"Nitro NSBCA, joint"
3233,/motion/tit000/62.nsbca,52865536,52866460,924,3D animation,"Nitro NSBCA, joint"
3234,/motion/tit000/63.nsbca,52866560,52871496,4936,3D animation,"Nitro NSBCA, joint"
3235,/motion/tit000/64.nsbca,52871680,52876752,5072,3D animation,"Nitro NSBCA, joint"
3236,/motion/tit000/65.nsbca,52876800,52880456,3656,3D animation,"Nitro NSBCA, joint"
3237,/motion/toi000/00.nsbca,52880896,52885940,5044,3D animation,"Nitro NSBCA, joint"
3238,/motion/toi000/01.nsbca,52886016,52891952,5936,3D animation,"Nitro NSBCA, joint"
3239,/motion/toi010/00.nsbca,52892160,52896528,4368,3D animation,"Nitro NSBCA, joint"
3240,/motion/toi010/50.nsbca,52896768,52905828,9060,3D animation,"Nitro NSBCA, joint"
3241,/motion/toi020/00.nsbca,52905984,52909440,3456,3D animation,"Nitro NSBCA, joint"
3242,/motion/toi020/01.nsbca,52909568,52911716,2148,3D animation,"Nitro NSBCA, joint"
3243,/motion/toi020/20.nsbca,52912128,52915204,3076,3D animation,"Nitro NSBCA, joint"
3244,/motion/toi020/21.nsbca,52915712,52918456,2744,3D animation,"Nitro NSBCA, joint"
3245,/motion/toi020/22.nsbca,52918784,52923716,4932,3D animation,"Nitro NSBCA, joint"
3246,/motion/toi020/39.nsbca,52923904,52925824,1920,3D animation,"Nitro NSBCA, joint"
3247,/motion/toi020/40.nsbca,52925952,52928056,2104,3D animation,"Nitro NSBCA, joint"
3248,/motion/toi020/41.nsbca,52928512,52930504,1992,3D animation,"Nitro NSBCA, joint"
3249,/motion/toi020/50.nsbca,52930560,52932780,2220,3D animation,"Nitro NSBCA, joint"
3250,/motion/toi030/00.nsbca,52933120,52935060,1940,3D animation,"Nitro NSBCA, joint"
3251,/motion/toi030/01.nsbca,52935168,52936028,860,3D animation,"Nitro NSBCA, joint"
3252,/motion/toi030/50.nsbca,52936192,52937036,844,3D animation,"Nitro NSBCA, joint"
3253,/motion/toi030/51.nsbca,52937216,52939520,2304,3D animation,"Nitro NSBCA, joint"
3254,/motion/toi030/52.nsbca,52939776,52943080,3304,3D animation,"Nitro NSBCA, joint"
3255,/motion/toi030/53.nsbca,52943360,52950876,7516,3D animation,"Nitro NSBCA, joint"
3256,/motion/toi030/54.nsbca,52951040,52954316,3276,3D animation,"Nitro NSBCA, joint"
3257,/motion/toi030/55.nsbca,52954624,52958484,3860,3D animation,"Nitro NSBCA, joint"
3258,/motion/toi030/56.nsbca,52958720,52960256,1536,3D animation,"Nitro NSBCA, joint"
3259,/motion/toi030/57.nsbca,52960256,52966540,6284,3D animation,"Nitro NSBCA, joint"
3260,/motion/toi030/58.nsbca,52966912,52969700,2788,3D animation,"Nitro NSBCA, joint"
3261,/motion/toi030/59.nsbca,52969984,52972204,2220,3D animation,"Nitro NSBCA, joint"
3262,/motion/toi030/60.nsbca,52972544,52974360,1816,3D animation,"Nitro NSBCA, joint"
3263,/motion/toi030/61.nsbca,52974592,52978036,3444,3D animation,"Nitro NSBCA, joint"
3264,/motion/toi030/62.nsbca,52978176,52979592,1416,3D animation,"Nitro NSBCA, joint"
3265,/motion/toi030/63.nsbca,52979712,52986464,6752,3D animation,"Nitro NSBCA, joint"
3266,/motion/toi030/64.nsbca,52986880,52988904,2024,3D animation,"Nitro NSBCA, joint"
3267,/motion/toi031/00.nsbca,52988928,52990868,1940,3D animation,"Nitro NSBCA, joint"
3268,/motion/toi031/01.nsbca,52990976,52991836,860,3D animation,"Nitro NSBCA, joint"
3269,/motion/toi031/50.nsbca,52992000,52992844,844,3D animation,"Nitro NSBCA, joint"
3270,/motion/toi031/51.nsbca,52993024,52995328,2304,3D animation,"Nitro NSBCA, joint"
3271,/motion/toi031/52.nsbca,52995584,52998888,3304,3D animation,"Nitro NSBCA, joint"
3272,/motion/toi031/53.nsbca,52999168,53006684,7516,3D animation,"Nitro NSBCA, joint"
3273,/motion/toi031/54.nsbca,53006848,53010124,3276,3D animation,"Nitro NSBCA, joint"
3274,/motion/toi031/55.nsbca,53010432,53014292,3860,3D animation,"Nitro NSBCA, joint"
3275,/motion/toi031/56.nsbca,53014528,53016064,1536,3D animation,"Nitro NSBCA, joint"
3276,/motion/toi031/57.nsbca,53016064,53022348,6284,3D animation,"Nitro NSBCA, joint"
3277,/motion/toi031/58.nsbca,53022720,53025508,2788,3D animation,"Nitro NSBCA, joint"
3278,/motion/toi031/59.nsbca,53025792,53028012,2220,3D animation,"Nitro NSBCA, joint"
3279,/motion/toi031/60.nsbca,53028352,53030168,1816,3D animation,"Nitro NSBCA, joint"
3280,/motion/toi031/61.nsbca,53030400,53033844,3444,3D animation,"Nitro NSBCA, joint"
3281,/motion/toi031/62.nsbca,53033984,53035400,1416,3D animation,"Nitro NSBCA, joint"
3282,/motion/toi031/63.nsbca,53035520,53042272,6752,3D animation,"Nitro NSBCA, joint"
3283,/motion/toi031/64.nsbca,53042688,53044712,2024,3D animation,"Nitro NSBCA, joint"
3284,/motion/toi040/00.nsbca,53044736,53047912,3176,3D animation,"Nitro NSBCA, joint"
3285,/motion/toi040/01.nsbca,53048320,53054276,5956,3D animation,"Nitro NSBCA, joint"
3286,/motion/toi040/02.nsbca,53054464,53058628,4164,3D animation,"Nitro NSBCA, joint"
3287,/motion/toi040/28.nsbca,53059072,53061076,2004,3D animation,"Nitro NSBCA, joint"
3288,/motion/toi040/29.nsbca,53061120,53066256,5136,3D animation,"Nitro NSBCA, joint"
3289,/motion/toi040/30.nsbca,53066752,53068712,1960,3D animation,"Nitro NSBCA, joint"
3290,/motion/toi040/39.nsbca,53068800,53070856,2056,3D animation,"Nitro NSBCA, joint"
3291,/motion/toi040/40.nsbca,53071360,53073484,2124,3D animation,"Nitro NSBCA, joint"
3292,/motion/toi040/41.nsbca,53073920,53075888,1968,3D animation,"Nitro NSBCA, joint"
3293,/motion/toi040/50.nsbca,53075968,53079100,3132,3D animation,"Nitro NSBCA, joint"
3294,/motion/toi040/51.nsbca,53079552,53083728,4176,3D animation,"Nitro NSBCA, joint"
3295,/motion/toi041/00.nsbca,53084160,53087336,3176,3D animation,"Nitro NSBCA, joint"
3296,/motion/toi041/01.nsbca,53087744,53093700,5956,3D animation,"Nitro NSBCA, joint"
3297,/motion/toi041/02.nsbca,53093888,53098052,4164,3D animation,"Nitro NSBCA, joint"
3298,/motion/toi041/28.nsbca,53098496,53100500,2004,3D animation,"Nitro NSBCA, joint"
3299,/motion/toi041/29.nsbca,53100544,53105680,5136,3D animation,"Nitro NSBCA, joint"
3300,/motion/toi041/30.nsbca,53106176,53108136,1960,3D animation,"Nitro NSBCA, joint"
3301,/motion/toi041/39.nsbca,53108224,53110280,2056,3D animation,"Nitro NSBCA, joint"
3302,/motion/toi041/40.nsbca,53110784,53112908,2124,3D animation,"Nitro NSBCA, joint"
3303,/motion/toi041/41.nsbca,53113344,53115312,1968,3D animation,"Nitro NSBCA, joint"
3304,/motion/toi041/50.nsbca,53115392,53118524,3132,3D animation,"Nitro NSBCA, joint"
3305,/motion/toi041/51.nsbca,53118976,53123152,4176,3D animation,"Nitro NSBCA, joint"
3306,/motion/toi050/00.nsbca,53123584,53127528,3944,3D animation,"Nitro NSBCA, joint"
3307,/motion/toi050/01.nsbca,53127680,53132508,4828,3D animation,"Nitro NSBCA, joint"
3308,/motion/toi050/50.nsbca,53132800,53134932,2132,3D animation,"Nitro NSBCA, joint"
3309,/motion/toi070/00.nsbca,53135360,53140392,5032,3D animation,"Nitro NSBCA, joint"
3310,/motion/toi070/01.nsbca,53140480,53147004,6524,3D animation,"Nitro NSBCA, joint"
3311,/motion/toi070/02.nsbca,53147136,53150688,3552,3D animation,"Nitro NSBCA, joint"
3312,/motion/toi070/07.nsbca,53150720,53155060,4340,3D animation,"Nitro NSBCA, joint"
3313,/motion/toi070/08.nsbca,53155328,53157948,2620,3D animation,"Nitro NSBCA, joint"
3314,/motion/toi070/35.nsbca,53158400,53162464,4064,3D animation,"Nitro NSBCA, joint"
3315,/motion/toi070/36.nsbca,53162496,53167220,4724,3D animation,"Nitro NSBCA, joint"
3316,/motion/toi070/50.nsbca,53167616,53175688,8072,3D animation,"Nitro NSBCA, joint"
3317,/motion/toi070/51.nsbca,53175808,53179148,3340,3D animation,"Nitro NSBCA, joint"
3318,/motion/toi070/52.nsbca,53179392,53184724,5332,3D animation,"Nitro NSBCA, joint"
3319,/motion/toi070/53.nsbca,53185024,53189024,4000,3D animation,"Nitro NSBCA, joint"
3320,/motion/toi071/00.nsbca,53189120,53194152,5032,3D animation,"Nitro NSBCA, joint"
3321,/motion/toi071/01.nsbca,53194240,53200764,6524,3D animation,"Nitro NSBCA, joint"
3322,/motion/toi071/02.nsbca,53200896,53204448,3552,3D animation,"Nitro NSBCA, joint"
3323,/motion/toi071/07.nsbca,53204480,53208820,4340,3D animation,"Nitro NSBCA, joint"
3324,/motion/toi071/08.nsbca,53209088,53211708,2620,3D animation,"Nitro NSBCA, joint"
3325,/motion/toi071/35.nsbca,53212160,53216224,4064,3D animation,"Nitro NSBCA, joint"
3326,/motion/toi071/36.nsbca,53216256,53220980,4724,3D animation,"Nitro NSBCA, joint"
3327,/motion/toi071/50.nsbca,53221376,53229448,8072,3D animation,"Nitro NSBCA, joint"
3328,/motion/toi071/51.nsbca,53229568,53232908,3340,3D animation,"Nitro NSBCA, joint"
3329,/motion/toi071/52.nsbca,53233152,53238484,5332,3D animation,"Nitro NSBCA, joint"
3330,/motion/toi071/53.nsbca,53238784,53242784,4000,3D animation,"Nitro NSBCA, joint"
3331,/motion/vri000/50.nsbca,53242880,53250396,7516,3D animation,"Nitro NSBCA, joint"
3332,/motion/vri000/51.nsbca,53250560,53251368,808,3D animation,"Nitro NSBCA, joint"
3333,/motion/vul000/00.nsbca,53251584,53257380,5796,3D animation,"Nitro NSBCA, joint"
3334,/motion/vul000/01.nsbca,53257728,53267812,10084,3D animation,"Nitro NSBCA, joint"
3335,/motion/vul000/36.nsbca,53267968,53272604,4636,3D animation,"Nitro NSBCA, joint"
3336,/motion/vul000/39.nsbca,53273088,53278376,5288,3D animation,"Nitro NSBCA, joint"
3337,/motion/vul000/50.nsbca,53278720,53285576,6856,3D animation,"Nitro NSBCA, joint"
3338,/motion/vul000/51.nsbca,53285888,53292400,6512,3D animation,"Nitro NSBCA, joint"
3339,/motion/vul000/52.nsbca,53292544,53296348,3804,3D animation,"Nitro NSBCA, joint"
3340,/motion/vul000/53.nsbca,53296640,53299356,2716,3D animation,"Nitro NSBCA, joint"
3341,/motion/vul000/54.nsbca,53299712,53307088,7376,3D animation,"Nitro NSBCA, joint"
3342,/motion/vul000/55.nsbca,53307392,53313776,6384,3D animation,"Nitro NSBCA, joint"
3343,/motion/vul000/56.nsbca,53314048,53319184,5136,3D animation,"Nitro NSBCA, joint"
3344,/navi/navimap_0.nbfc,53319680,53335040,15360,2D graphics,"Nitro basic format, character data"
3345,/navi/navimap_1.nbfc,53335040,53350400,15360,2D graphics,"Nitro basic format, character data"
3346,/navi/navimap_10.nbfc,53350400,53365760,15360,2D graphics,"Nitro basic format, character data"
3347,/navi/navimap_11.nbfc,53365760,53381120,15360,2D graphics,"Nitro basic format, character data"
3348,/navi/navimap_12.nbfc,53381120,53396480,15360,2D graphics,"Nitro basic format, character data"
3349,/navi/navimap_13.nbfc,53396480,53411840,15360,2D graphics,"Nitro basic format, character data"
3350,/navi/navimap_14.nbfc,53411840,53427200,15360,2D graphics,"Nitro basic format, character data"
3351,/navi/navimap_15.nbfc,53427200,53442560,15360,2D graphics,"Nitro basic format, character data"
3352,/navi/navimap_16.nbfc,53442560,53457920,15360,2D graphics,"Nitro basic format, character data"
3353,/navi/navimap_17.nbfc,53457920,53473280,15360,2D graphics,"Nitro basic format, character data"
3354,/navi/navimap_18.nbfc,53473280,53488640,15360,2D graphics,"Nitro basic format, character data"
3355,/navi/navimap_19.nbfc,53488640,53504000,15360,2D graphics,"Nitro basic format, character data"
3356,/navi/navimap_2.nbfc,53504000,53519360,15360,2D graphics,"Nitro basic format, character data"
3357,/navi/navimap_20.nbfc,53519360,53534720,15360,2D graphics,"Nitro basic format, character data"
3358,/navi/navimap_21.nbfc,53534720,53550080,15360,2D graphics,"Nitro basic format, character data"
3359,/navi/navimap_22.nbfc,53550080,53565440,15360,2D graphics,"Nitro basic format, character data"
3360,/navi/navimap_23.nbfc,53565440,53580800,15360,2D graphics,"Nitro basic format, character data"
3361,/navi/navimap_24.nbfc,53580800,53596160,15360,2D graphics,"Nitro basic format, character data"
3362,/navi/navimap_25.nbfc,53596160,53611520,15360,2D graphics,"Nitro basic format, character data"
3363,/navi/navimap_26.nbfc,53611520,53626880,15360,2D graphics,"Nitro basic format, character data"
3364,/navi/navimap_27.nbfc,53626880,53642240,15360,2D graphics,"Nitro basic format, character data"
3365,/navi/navimap_28.nbfc,53642240,53657600,15360,2D graphics,"Nitro basic format, character data"
3366,/navi/navimap_29.nbfc,53657600,53672960,15360,2D graphics,"Nitro basic format, character data"
3367,/navi/navimap_3.nbfc,53672960,53688320,15360,2D graphics,"Nitro basic format, character data"
3368,/navi/navimap_30.nbfc,53688320,53703680,15360,2D graphics,"Nitro basic format, character data"
3369,/navi/navimap_31.nbfc,53703680,53719040,15360,2D graphics,"Nitro basic format, character data"
3370,/navi/navimap_32.nbfc,53719040,53734400,15360,2D graphics,"Nitro basic format, character data"
3371,/navi/navimap_33.nbfc,53734400,53749760,15360,2D graphics,"Nitro basic format, character data"
3372,/navi/navimap_34.nbfc,53749760,53765120,15360,2D graphics,"Nitro basic format, character data"
3373,/navi/navimap_35.nbfc,53765120,53780480,15360,2D graphics,"Nitro basic format, character data"
3374,/navi/navimap_36.nbfc,53780480,53795840,15360,2D graphics,"Nitro basic format, character data"
3375,/navi/navimap_37.nbfc,53795840,53811200,15360,2D graphics,"Nitro basic format, character data"
3376,/navi/navimap_38.nbfc,53811200,53826560,15360,2D graphics,"Nitro basic format, character data"
3377,/navi/navimap_39.nbfc,53826560,53841920,15360,2D graphics,"Nitro basic format, character data"
3378,/navi/navimap_4.nbfc,53841920,53857280,15360,2D graphics,"Nitro basic format, character data"
3379,/navi/navimap_40.nbfc,53857280,53872640,15360,2D graphics,"Nitro basic format, character data"
3380,/navi/navimap_41.nbfc,53872640,53888000,15360,2D graphics,"Nitro basic format, character data"
3381,/navi/navimap_42.nbfc,53888000,53903360,15360,2D graphics,"Nitro basic format, character data"
3382,/navi/navimap_43.nbfc,53903360,53918720,15360,2D graphics,"Nitro basic format, character data"
3383,/navi/navimap_44.nbfc,53918720,53934080,15360,2D graphics,"Nitro basic format, character data"
3384,/navi/navimap_45.nbfc,53934080,53949440,15360,2D graphics,"Nitro basic format, character data"
3385,/navi/navimap_46.nbfc,53949440,53964800,15360,2D graphics,"Nitro basic format, character data"
3386,/navi/navimap_47.nbfc,53964800,53980160,15360,2D graphics,"Nitro basic format, character data"
3387,/navi/navimap_48.nbfc,53980160,53995520,15360,2D graphics,"Nitro basic format, character data"
3388,/navi/navimap_49.nbfc,53995520,54010880,15360,2D graphics,"Nitro basic format, character data"
3389,/navi/navimap_5.nbfc,54010880,54026240,15360,2D graphics,"Nitro basic format, character data"
3390,/navi/navimap_50.nbfc,54026240,54041600,15360,2D graphics,"Nitro basic format, character data"
3391,/navi/navimap_51.nbfc,54041600,54056960,15360,2D graphics,"Nitro basic format, character data"
3392,/navi/navimap_52.nbfc,54056960,54072320,15360,2D graphics,"Nitro basic format, character data"
3393,/navi/navimap_53.nbfc,54072320,54087680,15360,2D graphics,"Nitro basic format, character data"
3394,/navi/navimap_54.nbfc,54087680,54103040,15360,2D graphics,"Nitro basic format, character data"
3395,/navi/navimap_55.nbfc,54103040,54118400,15360,2D graphics,"Nitro basic format, character data"
3396,/navi/navimap_56.nbfc,54118400,54133760,15360,2D graphics,"Nitro basic format, character data"
3397,/navi/navimap_57.nbfc,54133760,54149120,15360,2D graphics,"Nitro basic format, character data"
3398,/navi/navimap_58.nbfc,54149120,54164480,15360,2D graphics,"Nitro basic format, character data"
3399,/navi/navimap_59.nbfc,54164480,54179840,15360,2D graphics,"Nitro basic format, character data"
3400,/navi/navimap_6.nbfc,54179840,54195200,15360,2D graphics,"Nitro basic format, character data"
3401,/navi/navimap_60.nbfc,54195200,54210560,15360,2D graphics,"Nitro basic format, character data"
3402,/navi/navimap_61.nbfc,54210560,54225920,15360,2D graphics,"Nitro basic format, character data"
3403,/navi/navimap_62.nbfc,54225920,54241280,15360,2D graphics,"Nitro basic format, character data"
3404,/navi/navimap_63.nbfc,54241280,54256640,15360,2D graphics,"Nitro basic format, character data"
3405,/navi/navimap_64.nbfc,54256640,54272000,15360,2D graphics,"Nitro basic format, character data"
3406,/navi/navimap_65.nbfc,54272000,54287360,15360,2D graphics,"Nitro basic format, character data"
3407,/navi/navimap_66.nbfc,54287360,54302720,15360,2D graphics,"Nitro basic format, character data"
3408,/navi/navimap_67.nbfc,54302720,54318080,15360,2D graphics,"Nitro basic format, character data"
3409,/navi/navimap_68.nbfc,54318080,54333440,15360,2D graphics,"Nitro basic format, character data"
3410,/navi/navimap_69.nbfc,54333440,54348800,15360,2D graphics,"Nitro basic format, character data"
3411,/navi/navimap_7.nbfc,54348800,54364160,15360,2D graphics,"Nitro basic format, character data"
3412,/navi/navimap_70.nbfc,54364160,54379520,15360,2D graphics,"Nitro basic format, character data"
3413,/navi/navimap_71.nbfc,54379520,54394880,15360,2D graphics,"Nitro basic format, character data"
3414,/navi/navimap_72.nbfc,54394880,54410240,15360,2D graphics,"Nitro basic format, character data"
3415,/navi/navimap_73.nbfc,54410240,54425600,15360,2D graphics,"Nitro basic format, character data"
3416,/navi/navimap_74.nbfc,54425600,54440960,15360,2D graphics,"Nitro basic format, character data"
3417,/navi/navimap_75.nbfc,54440960,54456320,15360,2D graphics,"Nitro basic format, character data"
3418,/navi/navimap_76.nbfc,54456320,54471680,15360,2D graphics,"Nitro basic format, character data"
3419,/navi/navimap_77.nbfc,54471680,54487040,15360,2D graphics,"Nitro basic format, character data"
3420,/navi/navimap_78.nbfc,54487040,54502400,15360,2D graphics,"Nitro basic format, character data"
3421,/navi/navimap_79.nbfc,54502400,54517760,15360,2D graphics,"Nitro basic format, character data"
3422,/navi/navimap_8.nbfc,54517760,54533120,15360,2D graphics,"Nitro basic format, character data"
3423,/navi/navimap_80.nbfc,54533120,54548480,15360,2D graphics,"Nitro basic format, character data"
3424,/navi/navimap_81.nbfc,54548480,54563840,15360,2D graphics,"Nitro basic format, character data"
3425,/navi/navimap_82.nbfc,54563840,54579200,15360,2D graphics,"Nitro basic format, character data"
3426,/navi/navimap_83.nbfc,54579200,54594560,15360,2D graphics,"Nitro basic format, character data"
3427,/navi/navimap_84.nbfc,54594560,54609920,15360,2D graphics,"Nitro basic format, character data"
3428,/navi/navimap_85.nbfc,54609920,54625280,15360,2D graphics,"Nitro basic format, character data"
3429,/navi/navimap_86.nbfc,54625280,54640640,15360,2D graphics,"Nitro basic format, character data"
3430,/navi/navimap_87.nbfc,54640640,54656000,15360,2D graphics,"Nitro basic format, character data"
3431,/navi/navimap_88.nbfc,54656000,54671360,15360,2D graphics,"Nitro basic format, character data"
3432,/navi/navimap_89.nbfc,54671360,54686720,15360,2D graphics,"Nitro basic format, character data"
3433,/navi/navimap_9.nbfc,54686720,54702080,15360,2D graphics,"Nitro basic format, character data"
3434,/navi/navimap_90.nbfc,54702080,54717440,15360,2D graphics,"Nitro basic format, character data"
3435,/navi/navimap_91.nbfc,54717440,54732800,15360,2D graphics,"Nitro basic format, character data"
3436,/navi/navimap_92.nbfc,54732800,54748160,15360,2D graphics,"Nitro basic format, character data"
3437,/navi/navimap_93.nbfc,54748160,54763520,15360,2D graphics,"Nitro basic format, character data"
3438,/navi/navimap_94.nbfc,54763520,54778880,15360,2D graphics,"Nitro basic format, character data"
3439,/navi/navimap_95.nbfc,54778880,54794240,15360,2D graphics,"Nitro basic format, character data"
3440,/navi/navimap_96.nbfc,54794240,54809600,15360,2D graphics,"Nitro basic format, character data"
3441,/navi/navimap_97.nbfc,54809600,54824960,15360,2D graphics,"Nitro basic format, character data"
3442,/navi/navimap_98.nbfc,54824960,54840320,15360,2D graphics,"Nitro basic format, character data"
3443,/navi/navimap_99.nbfc,54840320,54855680,15360,2D graphics,"Nitro basic format, character data"
3444,/quest/questdata.txt,54855680,54876406,20726,text,"plain text"
3445,/sound/ToI.sdat,54876672,63608864,8732192,audio,"Nitro sound archive"
3446,/staff/ed01.bin,63609344,63747384,138040,container,"in-house EZBIND"
3447,/staff/ed02.bin,63747584,63796764,49180,container,"in-house EZBIND"
3448,/staff/ed03.bin,63797248,63844892,47644,container,"in-house EZBIND"
3449,/staff/ed04.bin,63845376,63896348,50972,container,"in-house EZBIND"
3450,/staff/ed05.bin,63896576,63947100,50524,container,"in-house EZBIND"
3451,/staff/ed06.bin,63947264,63991644,44380,container,"in-house EZBIND"
3452,/staff/ed07.bin,63991808,64040988,49180,container,"in-house EZBIND"
3453,/staff/ed08.bin,64041472,64090972,49500,container,"in-house EZBIND"
3454,/staff/ed09.bin,64091136,64142300,51164,container,"in-house EZBIND"
3455,/staff/ed10.bin,64142336,64193628,51292,container,"in-house EZBIND"
3456,/staff/ed11.bin,64194048,64245348,51300,container,"in-house EZBIND"
3457,/staff/ed12.bin,64245760,64296668,50908,container,"in-house EZBIND"
3458,/staff/ed13.bin,64296960,64394104,97144,container,"in-house EZBIND"
3459,/staff/logo.bin,64394240,64398436,4196,container,"in-house EZBIND"
3460,/staff/staff.bin,64398848,64412100,13252,container,"in-house EZBIND"
3461,/subdisp/chddata.arc,64412160,64427380,15220,container,"in-house EZBIND"
3462,/subdisp/navimap.nbfp,64427520,64427552,32,2D graphics,"Nitro basic format, palette, 16 entries"
3463,/subdisp/subdata.arc,64428032,64472840,44808,container,"in-house EZBIND"
3464,/test/ed.adx,64473088,71100566,6627478,audio,"CRI ADX ADPCM, 2 ch, 32728 Hz, 180.00 s"
3465,/test/op.mods,71100928,75156568,4055640,video,"Actimagine Mobiclip"
3466,/title/down.bin,75156992,75204572,47580,container,"in-house EZBIND"
3467,/title/goverdata.arc,75204608,75276024,71416,container,"in-house EZBIND"
3468,/title/logoactimagine.arc,75276288,75295996,19708,container,"in-house EZBIND"
3469,/title/logoalfa.arc,75296256,75310124,13868,container,"in-house EZBIND"
3470,/title/logobng.arc,75310592,75325480,14888,container,"in-house EZBIND"
3471,/title/logocri.arc,75325952,75335144,9192,container,"in-house EZBIND"
3472,/title/logonamco.arc,75335168,75342448,7280,container,"in-house EZBIND"
3473,/title/titlebg01_down.arc,75342848,75389180,46332,container,"in-house EZBIND"
3474,/title/titlebg01_up.arc,75389440,75439736,50296,container,"in-house EZBIND"
3475,/title/titlebg02.arc,75440128,75456368,16240,container,"in-house EZBIND"
3476,/title/titlebg04_down.arc,75456512,75477884,21372,container,"in-house EZBIND"
3477,/title/titlebg04_up.arc,75478016,75491320,13304,container,"in-house EZBIND"
3478,/title/titlebg06_down.arc,75491328,75505276,13948,container,"in-house EZBIND"
3479,/title/titlebg06_up.arc,75505664,75509816,4152,container,"in-house EZBIND"
3480,/title/titlebg07.arc,75510272,75519984,9712,container,"in-house EZBIND"
3481,/title/titlemenu.arc,75520000,75623224,103224,container,"in-house EZBIND"
3482,/title/titleobj.arc,75623424,75645452,22028,container,"in-house EZBIND"
3483,/voice/NA00_0006_228_006_1.ahx,75645952,75649701,3749,audio,"CRI AHX, 1 ch, 16364 Hz, 0.64 s"
3484,/voice/NA00_0101_027_002.ahx,75650048,75680715,30667,audio,"CRI AHX, 1 ch, 16364 Hz, 6.94 s"
3485,/voice/NA00_0101_027_006.ahx,75680768,75709999,29231,audio,"CRI AHX, 1 ch, 16364 Hz, 7.20 s"
3486,/voice/NA00_0101_027_008.ahx,75710464,75755482,45018,audio,"CRI AHX, 1 ch, 16364 Hz, 9.27 s"
3487,/voice/NA00_0101_027_010.ahx,75755520,75773792,18272,audio,"CRI AHX, 1 ch, 16364 Hz, 3.90 s"
3488,/voice/NA00_0101_027_012.ahx,75773952,75795519,21567,audio,"CRI AHX, 1 ch, 16364 Hz, 4.70 s"
3489,/voice/NA00_0101_027_012_1.ahx,75795968,75826027,30059,audio,"CRI AHX, 1 ch, 16364 Hz, 5.80 s"
3490,/voice/NA00_0101_027_014.ahx,75826176,75855871,29695,audio,"CRI AHX, 1 ch, 16364 Hz, 5.96 s"
3491,/voice/NA00_0101_027_014_1.ahx,75855872,75867647,11775,audio,"CRI AHX, 1 ch, 16364 Hz, 2.01 s"
3492,/voice/NA00_0101_031_005.ahx,75867648,75889791,22143,audio,"CRI AHX, 1 ch, 16364 Hz, 4.13 s"
3493,/voice/NA00_0101_031_007.ahx,75890176,75922832,32656,audio,"CRI AHX, 1 ch, 16364 Hz, 6.80 s"
3494,/voice/NA00_0101_031_009.ahx,75922944,75948900,25956,audio,"CRI AHX, 1 ch, 16364 Hz, 4.99 s"
3495,/voice/NA00_0101_031_011.ahx,75949056,75979993,30937,audio,"CRI AHX, 1 ch, 16364 Hz, 5.91 s"
3496,/voice/NA00_0101_031_011_1.ahx,75980288,75998122,17834,audio,"CRI AHX, 1 ch, 16364 Hz, 3.54 s"
3497,/voice/NA00_0101_031_013.ahx,75998208,76040997,42789,audio,"CRI AHX, 1 ch, 16364 Hz, 9.06 s"
3498,/voice/NA00_0101_111_001.ahx,76041216,76048567,7351,audio,"CRI AHX, 1 ch, 16364 Hz, 1.40 s"
3499,/voice/NA00_0101_111_003.ahx,76048896,76049159,263,audio,"CRI AHX, 1 ch, 16364 Hz, 1.00 s"
3500,/voice/NA00_0101_111_003_1.ahx,76049408,76061536,12128,audio,"CRI AHX, 1 ch, 16364 Hz, 2.60 s"
3501,/voice/NA00_0101_111_004.ahx,76061696,76077819,16123,audio,"CRI AHX, 1 ch, 16364 Hz, 3.12 s"
3502,/voice/NA00_0102_027_002.ahx,76078080,76097912,19832,audio,"CRI AHX, 1 ch, 16364 Hz, 4.25 s"
3503,/voice/NA00_0102_027_002_1.ahx,76098048,76118772,20724,audio,"CRI AHX, 1 ch, 16364 Hz, 4.24 s"
3504,/voice/NA00_0102_027_004.ahx,76119040,76140990,21950,audio,"CRI AHX, 1 ch, 16364 Hz, 5.23 s"
3505,/voice/NA00_0102_027_004_1.ahx,76141056,76157509,16453,audio,"CRI AHX, 1 ch, 16364 Hz, 3.53 s"
3506,/voice/NA00_0102_027_007.ahx,76157952,76197796,39844,audio,"CRI AHX, 1 ch, 16364 Hz, 9.04 s"
3507,/voice/NA00_0102_027_007_1.ahx,76197888,76241914,44026,audio,"CRI AHX, 1 ch, 16364 Hz, 9.49 s"
3508,/voice/NA00_0102_027_009.ahx,76241920,76271986,30066,audio,"CRI AHX, 1 ch, 16364 Hz, 8.44 s"
3509,/voice/NA00_0102_027_009_1.ahx,76272128,76285751,13623,audio,"CRI AHX, 1 ch, 16364 Hz, 3.67 s"
3510,/voice/NA00_0102_031_001.ahx,76285952,76325833,39881,audio,"CRI AHX, 1 ch, 16364 Hz, 8.65 s"
3511,/voice/NA00_0102_031_001_1.ahx,76325888,76341695,15807,audio,"CRI AHX, 1 ch, 16364 Hz, 3.70 s"
3512,/voice/NA00_0102_031_003.ahx,76341760,76351001,9241,audio,"CRI AHX, 1 ch, 16364 Hz, 1.59 s"
3513,/voice/NA00_0102_031_003_1.ahx,76351488,76391422,39934,audio,"CRI AHX, 1 ch, 16364 Hz, 9.98 s"
3514,/voice/NA00_0102_111_005.ahx,76391424,76400292,8868,audio,"CRI AHX, 1 ch, 16364 Hz, 1.52 s"
3515,/voice/NA00_0102_111_008.ahx,76400640,76403562,2922,audio,"CRI AHX, 1 ch, 16364 Hz, 0.50 s"
3516,/voice/NA00_0103_001_001.ahx,76403712,76433707,29995,audio,"CRI AHX, 1 ch, 16364 Hz, 7.17 s"
3517,/voice/NA00_0103_001_002.ahx,76433920,76439058,5138,audio,"CRI AHX, 1 ch, 16364 Hz, 1.45 s"
3518,/voice/NA00_0103_001_003.ahx,76439552,76439815,263,audio,"CRI AHX, 1 ch, 16364 Hz, 1.00 s"
3519,/voice/NA00_0103_001_003_1.ahx,76440064,76460754,20690,audio,"CRI AHX, 1 ch, 16364 Hz, 4.25 s"
3520,/voice/NA00_0103_001_004.ahx,76461056,76484536,23480,audio,"CRI AHX, 1 ch, 16364 Hz, 4.93 s"
3521,/voice/NA00_0103_001_004_1.ahx,76484608,76518267,33659,audio,"CRI AHX, 1 ch, 16364 Hz, 8.03 s"
3522,/voice/NA00_0103_001_004_2.ahx,76518400,76543788,25388,audio,"CRI AHX, 1 ch, 16364 Hz, 5.44 s"
3523,/voice/NA00_0103_001_005.ahx,76544000,76555182,11182,audio,"CRI AHX, 1 ch, 16364 Hz, 1.97 s"
3524,/voice/NA00_0103_001_006.ahx,76555264,76578259,22995,audio,"CRI AHX, 1 ch, 16364 Hz, 4.95 s"
3525,/voice/NA00_0104_001_001.ahx,76578304,76578567,263,audio,"CRI AHX, 1 ch, 16364 Hz, 1.00 s"
3526,/voice/NA00_0104_001_003.ahx,76578816,76581749,2933,audio,"CRI AHX, 1 ch, 16364 Hz, 0.46 s"
3527,/voice/NA00_0104_001_005.ahx,76581888,76591157,9269,audio,"CRI AHX, 1 ch, 16364 Hz, 1.90 s"
3528,/voice/NA00_0104_001_007.ahx,76591616,76599279,7663,audio,"CRI AHX, 1 ch, 16364 Hz, 1.66 s"
3529,/voice/NA00_0104_001_010.ahx,76599296,76605169,5873,audio,"CRI AHX, 1 ch, 16364 Hz, 1.02 s"
3530,/voice/NA00_0104_001_014.ahx,76605440,76607971,2531,audio,"CRI AHX, 1 ch, 16364 Hz, 0.43 s"
3531,/voice/NA00_0104_001_019.ahx,76608000,76610323,2323,audio,"CRI AHX, 1 ch, 16364 Hz, 0.38 s"
3532,/voice/NA00_0104_001_020.ahx,76610560,76618711,8151,audio,"CRI AHX, 1 ch, 16364 Hz, 1.53 s"
3533,/voice/NA00_0104_001_020_1.ahx,76618752,76645129,26377,audio,"CRI AHX, 1 ch, 16364 Hz, 6.05 s"
3534,/voice/NA00_0104_001_022.ahx,76645376,76648350,2974,audio,"CRI AHX, 1 ch, 16364 Hz, 0.48 s"
3535,/voice/NA00_0104_001_024.ahx,76648448,76660575,12127,audio,"CRI AHX, 1 ch, 16364 Hz, 2.17 s"
3536,/voice/NA00_0104_001_029.ahx,76660736,76674853,14117,audio,"CRI AHX, 1 ch, 16364 Hz, 3.41 s"
3537,/voice/NA00_0104_019_004.ahx,76675072,76687157,12085,audio,"CRI AHX, 1 ch, 16364 Hz, 2.48 s"
3538,/voice/NA00_0104_019_008.ahx,76687360,76704670,17310,audio,"CRI AHX, 1 ch, 16364 Hz, 3.03 s"
3539,/voice/NA00_0104_019_011.ahx,76704768,76720798,16030,audio,"CRI AHX, 1 ch, 16364 Hz, 2.71 s"
3540,/voice/NA00_0104_019_013.ahx,76721152,76740809,19657,audio,"CRI AHX, 1 ch, 16364 Hz, 3.81 s"
3541,/voice/NA00_0104_019_013_1.ahx,76741120,76757677,16557,audio,"CRI AHX, 1 ch, 16364 Hz, 3.41 s"
3542,/voice/NA00_0104_019_013_2.ahx,76758016,76767879,9863,audio,"CRI AHX, 1 ch, 16364 Hz, 1.65 s"
3543,/voice/NA00_0104_019_015.ahx,76768256,76798753,30497,audio,"CRI AHX, 1 ch, 16364 Hz, 7.47 s"
3544,/voice/NA00_0104_019_017.ahx,76798976,76830449,31473,audio,"CRI AHX, 1 ch, 16364 Hz, 6.59 s"
3545,/voice/NA00_0104_019_017_1.ahx,76830720,76855296,24576,audio,"CRI AHX, 1 ch, 16364 Hz, 4.56 s"
3546,/voice/NA00_0104_019_017_2.ahx,76855296,76895789,40493,audio,"CRI AHX, 1 ch, 16364 Hz, 8.78 s"
3547,/voice/NA00_0104_019_025.ahx,76896256,76926225,29969,audio,"CRI AHX, 1 ch, 16364 Hz, 6.19 s"
3548,/voice/NA00_0104_019_027.ahx,76926464,76935539,9075,audio,"CRI AHX, 1 ch, 16364 Hz, 2.88 s"
3549,/voice/NA00_0104_020_002.ahx,76935680,76960205,24525,audio,"CRI AHX, 1 ch, 16364 Hz, 5.44 s"
3550,/voice/NA00_0104_020_006.ahx,76960256,76981730,21474,audio,"CRI AHX, 1 ch, 16364 Hz, 4.18 s"
3551,/voice/NA00_0104_020_006_1.ahx,76981760,77004725,22965,audio,"CRI AHX, 1 ch, 16364 Hz, 5.31 s"
3552,/voice/NA00_0104_020_009.ahx,77004800,77026370,21570,audio,"CRI AHX, 1 ch, 16364 Hz, 5.32 s"
3553,/voice/NA00_0104_020_012.ahx,77026816,77065430,38614,audio,"CRI AHX, 1 ch, 16364 Hz, 8.39 s"
3554,/voice/NA00_0104_020_016.ahx,77065728,77093318,27590,audio,"CRI AHX, 1 ch, 16364 Hz, 5.97 s"
3555,/voice/NA00_0104_020_018.ahx,77093376,77126957,33581,audio,"CRI AHX, 1 ch, 16364 Hz, 7.10 s"
3556,/voice/NA00_0104_020_021.ahx,77127168,77140824,13656,audio,"CRI AHX, 1 ch, 16364 Hz, 2.51 s"
3557,/voice/NA00_0104_020_023.ahx,77140992,77158705,17713,audio,"CRI AHX, 1 ch, 16364 Hz, 3.66 s"
3558,/voice/NA00_0104_020_026.ahx,77158912,77192717,33805,audio,"CRI AHX, 1 ch, 16364 Hz, 5.97 s"
3559,/voice/NA00_0104_020_028.ahx,77193216,77206640,13424,audio,"CRI AHX, 1 ch, 16364 Hz, 2.44 s"
3560,/voice/NA00_0105_001_002.ahx,77207040,77234612,27572,audio,"CRI AHX, 1 ch, 16364 Hz, 5.57 s"
3561,/voice/NA00_0105_001_005.ahx,77234688,77246647,11959,audio,"CRI AHX, 1 ch, 16364 Hz, 3.30 s"
3562,/voice/NA00_0105_023_001.ahx,77246976,77285244,38268,audio,"CRI AHX, 1 ch, 16364 Hz, 7.37 s"
3563,/voice/NA00_0105_023_004.ahx,77285376,77318924,33548,audio,"CRI AHX, 1 ch, 16364 Hz, 6.28 s"
3564,/voice/NA00_0105_023_004_1.ahx,77319168,77325734,6566,audio,"CRI AHX, 1 ch, 16364 Hz, 1.19 s"
3565,/voice/NA00_0105_024_003.ahx,77325824,77366132,40308,audio,"CRI AHX, 1 ch, 16364 Hz, 8.04 s"
3566,/voice/NA00_0106_001_001.ahx,77366272,77382737,16465,audio,"CRI AHX, 1 ch, 16364 Hz, 3.49 s"
3567,/voice/NA00_0106_001_001_1.ahx,77383168,77410136,26968,audio,"CRI AHX, 1 ch, 16364 Hz, 5.31 s"
3568,/voice/NA00_0106_001_002.ahx,77410304,77423764,13460,audio,"CRI AHX, 1 ch, 16364 Hz, 3.37 s"
3569,/voice/NA00_0106_001_013.ahx,77424128,77440304,16176,audio,"CRI AHX, 1 ch, 16364 Hz, 4.04 s"
3570,/voice/NA00_0106_001_018.ahx,77440512,77462737,22225,audio,"CRI AHX, 1 ch, 16364 Hz, 5.10 s"
3571,/voice/NA00_0106_001_023.ahx,77463040,77469191,6151,audio,"CRI AHX, 1 ch, 16364 Hz, 1.06 s"
3572,/voice/NA00_0106_023_015.ahx,77469696,77478586,8890,audio,"CRI AHX, 1 ch, 16364 Hz, 1.50 s"
3573,/voice/NA00_0106_023_017.ahx,77478912,77491205,12293,audio,"CRI AHX, 1 ch, 16364 Hz, 2.07 s"
3574,/voice/NA00_0106_023_019.ahx,77491712,77509957,18245,audio,"CRI AHX, 1 ch, 16364 Hz, 3.47 s"
3575,/voice/NA00_0106_023_022.ahx,77510144,77519329,9185,audio,"CRI AHX, 1 ch, 16364 Hz, 1.56 s"
3576,/voice/NA00_0106_024_014.ahx,77519360,77535979,16619,audio,"CRI AHX, 1 ch, 16364 Hz, 3.02 s"
3577,/voice/NA00_0106_024_016.ahx,77536256,77564655,28399,audio,"CRI AHX, 1 ch, 16364 Hz, 5.16 s"
3578,/voice/NA00_0106_024_020.ahx,77564928,77592838,27910,audio,"CRI AHX, 1 ch, 16364 Hz, 5.76 s"
3579,/voice/NA00_0106_024_021.ahx,77593088,77621089,28001,audio,"CRI AHX, 1 ch, 16364 Hz, 5.59 s"
3580,/voice/NA00_0106_027_004.ahx,77621248,77659193,37945,audio,"CRI AHX, 1 ch, 16364 Hz, 9.26 s"
3581,/voice/NA00_0106_027_006.ahx,77659648,77680865,21217,audio,"CRI AHX, 1 ch, 16364 Hz, 4.12 s"
3582,/voice/NA00_0106_027_006_1.ahx,77681152,77710019,28867,audio,"CRI AHX, 1 ch, 16364 Hz, 6.51 s"
3583,/voice/NA00_0106_027_006_2.ahx,77710336,77748724,38388,audio,"CRI AHX, 1 ch, 16364 Hz, 7.89 s"
3584,/voice/NA00_0106_027_008.ahx,77748736,77770882,22146,audio,"CRI AHX, 1 ch, 16364 Hz, 4.91 s"
3585,/voice/NA00_0106_027_010.ahx,77771264,77796260,24996,audio,"CRI AHX, 1 ch, 16364 Hz, 5.40 s"
3586,/voice/NA00_0106_027_010_1.ahx,77796352,77822609,26257,audio,"CRI AHX, 1 ch, 16364 Hz, 6.68 s"
3587,/voice/NA00_0106_027_012.ahx,77822976,77847599,24623,audio,"CRI AHX, 1 ch, 16364 Hz, 6.33 s"
3588,/voice/NA00_0106_028_003.ahx,77848064,77883533,35469,audio,"CRI AHX, 1 ch, 16364 Hz, 8.46 s"
3589,/voice/NA00_0106_028_005.ahx,77883904,77904762,20858,audio,"CRI AHX, 1 ch, 16364 Hz, 3.77 s"
3590,/voice/NA00_0106_028_005_1.ahx,77904896,77924826,19930,audio,"CRI AHX, 1 ch, 16364 Hz, 4.65 s"
3591,/voice/NA00_0106_028_007.ahx,77924864,77963675,38811,audio,"CRI AHX, 1 ch, 16364 Hz, 7.89 s"
3592,/voice/NA00_0106_028_009.ahx,77963776,77989717,25941,audio,"CRI AHX, 1 ch, 16364 Hz, 5.25 s"
3593,/voice/NA00_0106_028_011.ahx,77989888,77994079,4191,audio,"CRI AHX, 1 ch, 16364 Hz, 0.71 s"
3594,/voice/NA00_0107_003_001.ahx,77994496,78006559,12063,audio,"CRI AHX, 1 ch, 16364 Hz, 2.02 s"
3595,/voice/NA00_0107_003_003.ahx,78006784,78035470,28686,audio,"CRI AHX, 1 ch, 16364 Hz, 5.34 s"
3596,/voice/NA00_0107_072_005.ahx,78035968,78043528,7560,audio,"CRI AHX, 1 ch, 16364 Hz, 1.52 s"
3597,/voice/NA00_0107_072_005_1.ahx,78043648,78075245,31597,audio,"CRI AHX, 1 ch, 16364 Hz, 6.82 s"
3598,/voice/NA00_0107_073_004.ahx,78075392,78087344,11952,audio,"CRI AHX, 1 ch, 16364 Hz, 2.06 s"
3599,/voice/NA00_0107_088_002.ahx,78087680,78118516,30836,audio,"CRI AHX, 1 ch, 16364 Hz, 6.13 s"
3600,/voice/NA00_0108_001_001.ahx,78118912,78140381,21469,audio,"CRI AHX, 1 ch, 16364 Hz, 4.26 s"
3601,/voice/NA00_0108_001_002.ahx,78140416,78144019,3603,audio,"CRI AHX, 1 ch, 16364 Hz, 0.59 s"
3602,/voice/NA00_0108_001_004.ahx,78144512,78163642,19130,audio,"CRI AHX, 1 ch, 16364 Hz, 5.38 s"
3603,/voice/NA00_0108_001_006.ahx,78163968,78183138,19170,audio,"CRI AHX, 1 ch, 16364 Hz, 4.49 s"
3604,/voice/NA00_0108_001_008.ahx,78183424,78196209,12785,audio,"CRI AHX, 1 ch, 16364 Hz, 3.61 s"
3605,/voice/NA00_0108_001_011.ahx,78196224,78198393,2169,audio,"CRI AHX, 1 ch, 16364 Hz, 0.37 s"
3606,/voice/NA00_0108_001_013.ahx,78198784,78213683,14899,audio,"CRI AHX, 1 ch, 16364 Hz, 3.51 s"
3607,/voice/NA00_0108_001_016.ahx,78214144,78229136,14992,audio,"CRI AHX, 1 ch, 16364 Hz, 2.88 s"
3608,/voice/NA00_0108_001_018.ahx,78229504,78267264,37760,audio,"CRI AHX, 1 ch, 16364 Hz, 8.23 s"
3609,/voice/NA00_0108_001_020.ahx,78267392,78281851,14459,audio,"CRI AHX, 1 ch, 16364 Hz, 3.52 s"
3610,/voice/NA00_0108_001_023.ahx,78282240,78299118,16878,audio,"CRI AHX, 1 ch, 16364 Hz, 4.36 s"
3611,/voice/NA00_0108_001_025.ahx,78299136,78303152,4016,audio,"CRI AHX, 1 ch, 16364 Hz, 0.65 s"
3612,/voice/NA00_0108_001_027.ahx,78303232,78312344,9112,audio,"CRI AHX, 1 ch, 16364 Hz, 1.64 s"
3613,/voice/NA00_0108_001_029.ahx,78312448,78317704,5256,audio,"CRI AHX, 1 ch, 16364 Hz, 0.87 s"
3614,/voice/NA00_0108_001_029_1.ahx,78318080,78324009,5929,audio,"CRI AHX, 1 ch, 16364 Hz, 1.04 s"
3615,/voice/NA00_0108_002_003.ahx,78324224,78333793,9569,audio,"CRI AHX, 1 ch, 16364 Hz, 2.17 s"
3616,/voice/NA00_0108_002_005.ahx,78333952,78342199,8247,audio,"CRI AHX, 1 ch, 16364 Hz, 2.12 s"
3617,/voice/NA00_0108_002_010.ahx,78342656,78350550,7894,audio,"CRI AHX, 1 ch, 16364 Hz, 1.38 s"
3618,/voice/NA00_0108_002_014.ahx,78350848,78358529,7681,audio,"CRI AHX, 1 ch, 16364 Hz, 1.66 s"
3619,/voice/NA00_0108_002_017.ahx,78359040,78391626,32586,audio,"CRI AHX, 1 ch, 16364 Hz, 6.21 s"
3620,/voice/NA00_0108_002_019.ahx,78391808,78428065,36257,audio,"CRI AHX, 1 ch, 16364 Hz, 6.95 s"
3621,/voice/NA00_0108_002_021.ahx,78428160,78466151,37991,audio,"CRI AHX, 1 ch, 16364 Hz, 7.45 s"
3622,/voice/NA00_0108_002_021_1.ahx,78466560,78483849,17289,audio,"CRI AHX, 1 ch, 16364 Hz, 4.17 s"
3623,/voice/NA00_0108_002_022.ahx,78483968,78508340,24372,audio,"CRI AHX, 1 ch, 16364 Hz, 4.88 s"
3624,/voice/NA00_0108_002_024.ahx,78508544,78512236,3692,audio,"CRI AHX, 1 ch, 16364 Hz, 0.86 s"
3625,/voice/NA00_0108_002_026.ahx,78512640,78540274,27634,audio,"CRI AHX, 1 ch, 16364 Hz, 5.11 s"
3626,/voice/NA00_0108_002_028.ahx,78540288,78555019,14731,audio,"CRI AHX, 1 ch, 16364 Hz, 3.26 s"
3627,/voice/NA00_0108_007_007.ahx,78555136,78565403,10267,audio,"CRI AHX, 1 ch, 16364 Hz, 1.71 s"
3628,/voice/NA00_0108_007_009.ahx,78565888,78598182,32294,audio,"CRI AHX, 1 ch, 16364 Hz, 6.80 s"
3629,/voice/NA00_0108_007_012.ahx,78598656,78629502,30846,audio,"CRI AHX, 1 ch, 16364 Hz, 6.89 s"
3630,/voice/NA00_0108_007_015.ahx,78629888,78639136,9248,audio,"CRI AHX, 1 ch, 16364 Hz, 1.70 s"
3631,/voice/NA00_0109_001_002.ahx,78639616,78683861,44245,audio,"CRI AHX, 1 ch, 16364 Hz, 7.99 s"
3632,/voice/NA00_0109_001_013.ahx,78684160,78689422,5262,audio,"CRI AHX, 1 ch, 16364 Hz, 1.45 s"
3633,/voice/NA00_0109_001_013_1.ahx,78689792,78725029,35237,audio,"CRI AHX, 1 ch, 16364 Hz, 9.24 s"
3634,/voice/NA00_0109_001_014.ahx,78725120,78754518,29398,audio,"CRI AHX, 1 ch, 16364 Hz, 5.67 s"
3635,/voice/NA00_0109_001_014_1.ahx,78754816,78763501,8685,audio,"CRI AHX, 1 ch, 16364 Hz, 2.25 s"
3636,/voice/NA00_0109_001_016.ahx,78763520,78773139,9619,audio,"CRI AHX, 1 ch, 16364 Hz, 2.72 s"
3637,/voice/NA00_0109_001_018.ahx,78773248,78799159,25911,audio,"CRI AHX, 1 ch, 16364 Hz, 6.62 s"
3638,/voice/NA00_0109_001_020.ahx,78799360,78802779,3419,audio,"CRI AHX, 1 ch, 16364 Hz, 0.56 s"
3639,/voice/NA00_0109_001_022.ahx,78802944,78808373,5429,audio,"CRI AHX, 1 ch, 16364 Hz, 0.93 s"
3640,/voice/NA00_0109_001_024.ahx,78808576,78812391,3815,audio,"CRI AHX, 1 ch, 16364 Hz, 0.62 s"
3641,/voice/NA00_0109_001_026.ahx,78812672,78853066,40394,audio,"CRI AHX, 1 ch, 16364 Hz, 8.85 s"
3642,/voice/NA00_0109_001_026_1.ahx,78853120,78866684,13564,audio,"CRI AHX, 1 ch, 16364 Hz, 3.22 s"
3643,/voice/NA00_0109_001_026_2.ahx,78866944,78873164,6220,audio,"CRI AHX, 1 ch, 16364 Hz, 1.04 s"
3644,/voice/NA00_0109_001_028.ahx,78873600,78878037,4437,audio,"CRI AHX, 1 ch, 16364 Hz, 0.73 s"
3645,/voice/NA00_0109_002_001.ahx,78878208,78889101,10893,audio,"CRI AHX, 1 ch, 16364 Hz, 1.85 s"
3646,/voice/NA00_0109_002_003.ahx,78889472,78907600,18128,audio,"CRI AHX, 1 ch, 16364 Hz, 3.09 s"
3647,/voice/NA00_0109_002_004.ahx,78907904,78909632,1728,audio,"CRI AHX, 1 ch, 16364 Hz, 0.29 s"
3648,/voice/NA00_0109_002_007.ahx,78909952,78937768,27816,audio,"CRI AHX, 1 ch, 16364 Hz, 5.29 s"
3649,/voice/NA00_0109_002_009.ahx,78938112,78957572,19460,audio,"CRI AHX, 1 ch, 16364 Hz, 3.43 s"
3650,/voice/NA00_0109_002_011.ahx,78958080,78966460,8380,audio,"CRI AHX, 1 ch, 16364 Hz, 1.64 s"
3651,/voice/NA00_0109_002_017.ahx,78966784,78979161,12377,audio,"CRI AHX, 1 ch, 16364 Hz, 2.36 s"
3652,/voice/NA00_0109_002_017_1.ahx,78979584,79005646,26062,audio,"CRI AHX, 1 ch, 16364 Hz, 4.49 s"
3653,/voice/NA00_0109_002_025.ahx,79005696,79030106,24410,audio,"CRI AHX, 1 ch, 16364 Hz, 5.17 s"
3654,/voice/NA00_0109_007_005.ahx,79030272,79040162,9890,audio,"CRI AHX, 1 ch, 16364 Hz, 2.30 s"
3655,/voice/NA00_0109_007_012.ahx,79040512,79047995,7483,audio,"CRI AHX, 1 ch, 16364 Hz, 1.39 s"
3656,/voice/NA00_0109_055_006.ahx,79048192,79072971,24779,audio,"CRI AHX, 1 ch, 16364 Hz, 5.64 s"
3657,/voice/NA00_0109_055_008.ahx,79073280,79120710,47430,audio,"CRI AHX, 1 ch, 16364 Hz, 9.69 s"
3658,/voice/NA00_0109_055_015.ahx,79120896,79150968,30072,audio,"CRI AHX, 1 ch, 16364 Hz, 6.96 s"
3659,/voice/NA00_0109_055_019.ahx,79151104,79156035,4931,audio,"CRI AHX, 1 ch, 16364 Hz, 0.81 s"
3660,/voice/NA00_0109_055_023.ahx,79156224,79184347,28123,audio,"CRI AHX, 1 ch, 16364 Hz, 6.21 s"
3661,/voice/NA00_0109_055_023_1.ahx,79184384,79189418,5034,audio,"CRI AHX, 1 ch, 16364 Hz, 0.84 s"
3662,/voice/NA00_0109_055_027.ahx,79189504,79195316,5812,audio,"CRI AHX, 1 ch, 16364 Hz, 1.56 s"
3663,/voice/NA00_0109_067_006_1.ahx,79195648,79217295,21647,audio,"CRI AHX, 1 ch, 16364 Hz, 3.92 s"
3664,/voice/NA00_0109_067_010.ahx,79217664,79229372,11708,audio,"CRI AHX, 1 ch, 16364 Hz, 1.94 s"
3665,/voice/NA00_0109_067_021.ahx,79229440,79238898,9458,audio,"CRI AHX, 1 ch, 16364 Hz, 1.75 s"
3666,/voice/NA00_0110_001_002.ahx,79239168,79270566,31398,audio,"CRI AHX, 1 ch, 16364 Hz, 7.29 s"
3667,/voice/NA00_0110_001_005.ahx,79270912,79275176,4264,audio,"CRI AHX, 1 ch, 16364 Hz, 1.50 s"
3668,/voice/NA00_0110_001_008.ahx,79275520,79300390,24870,audio,"CRI AHX, 1 ch, 16364 Hz, 5.50 s"
3669,/voice/NA00_0110_001_011.ahx,79300608,79337234,36626,audio,"CRI AHX, 1 ch, 16364 Hz, 7.51 s"
3670,/voice/NA00_0110_001_011_1.ahx,79337472,79360628,23156,audio,"CRI AHX, 1 ch, 16364 Hz, 5.04 s"
3671,/voice/NA00_0110_001_016.ahx,79361024,79382594,21570,audio,"CRI AHX, 1 ch, 16364 Hz, 4.78 s"
3672,/voice/NA00_0110_001_018.ahx,79383040,79384560,1520,audio,"CRI AHX, 1 ch, 16364 Hz, 0.23 s"
3673,/voice/NA00_0110_001_024.ahx,79384576,79419518,34942,audio,"CRI AHX, 1 ch, 16364 Hz, 7.34 s"
3674,/voice/NA00_0110_001_027.ahx,79419904,79426170,6266,audio,"CRI AHX, 1 ch, 16364 Hz, 1.04 s"
3675,/voice/NA00_0110_001_029.ahx,79426560,79435996,9436,audio,"CRI AHX, 1 ch, 16364 Hz, 2.32 s"
3676,/voice/NA00_0110_001_032.ahx,79436288,79450760,14472,audio,"CRI AHX, 1 ch, 16364 Hz, 2.85 s"
3677,/voice/NA00_0110_001_034.ahx,79451136,79481622,30486,audio,"CRI AHX, 1 ch, 16364 Hz, 6.88 s"
3678,/voice/NA00_0110_001_036.ahx,79481856,79509086,27230,audio,"CRI AHX, 1 ch, 16364 Hz, 5.19 s"
3679,/voice/NA00_0110_001_038.ahx,79509504,79537708,28204,audio,"CRI AHX, 1 ch, 16364 Hz, 5.40 s"
3680,/voice/NA00_0110_001_040.ahx,79538176,79555758,17582,audio,"CRI AHX, 1 ch, 16364 Hz, 5.25 s"
3681,/voice/NA00_0110_001_042.ahx,79556096,79572573,16477,audio,"CRI AHX, 1 ch, 16364 Hz, 3.59 s"
3682,/voice/NA00_0110_001_044.ahx,79572992,79578766,5774,audio,"CRI AHX, 1 ch, 16364 Hz, 1.11 s"
3683,/voice/NA00_0110_001_044_1.ahx,79579136,79582129,2993,audio,"CRI AHX, 1 ch, 16364 Hz, 0.50 s"
3684,/voice/NA00_0110_001_044_2.ahx,79582208,79596511,14303,audio,"CRI AHX, 1 ch, 16364 Hz, 2.41 s"
3685,/voice/NA00_0110_001_045.ahx,79596544,79614443,17899,audio,"CRI AHX, 1 ch, 16364 Hz, 3.27 s"
3686,/voice/NA00_0110_001_045_1.ahx,79614464,79631182,16718,audio,"CRI AHX, 1 ch, 16364 Hz, 3.68 s"
3687,/voice/NA00_0110_001_046.ahx,79631360,79637839,6479,audio,"CRI AHX, 1 ch, 16364 Hz, 1.08 s"
3688,/voice/NA00_0110_001_048.ahx,79638016,79642584,4568,audio,"CRI AHX, 1 ch, 16364 Hz, 0.79 s"
3689,/voice/NA00_0110_001_050.ahx,79642624,79653976,11352,audio,"CRI AHX, 1 ch, 16364 Hz, 3.11 s"
3690,/voice/NA00_0110_001_052.ahx,79654400,79686965,32565,audio,"CRI AHX, 1 ch, 16364 Hz, 6.88 s"
3691,/voice/NA00_0110_001_054.ahx,79687168,79719318,32150,audio,"CRI AHX, 1 ch, 16364 Hz, 6.93 s"
3692,/voice/NA00_0110_001_054_1.ahx,79719424,79732440,13016,audio,"CRI AHX, 1 ch, 16364 Hz, 3.34 s"
3693,/voice/NA00_0110_001_056.ahx,79732736,79764817,32081,audio,"CRI AHX, 1 ch, 16364 Hz, 7.32 s"
3694,/voice/NA00_0110_001_058.ahx,79764992,79769795,4803,audio,"CRI AHX, 1 ch, 16364 Hz, 0.82 s"
3695,/voice/NA00_0110_001_058_1.ahx,79770112,79798728,28616,audio,"CRI AHX, 1 ch, 16364 Hz, 7.37 s"
3696,/voice/NA00_0110_001_058_2.ahx,79798784,79822553,23769,audio,"CRI AHX, 1 ch, 16364 Hz, 5.74 s"
3697,/voice/NA00_0110_001_060.ahx,79822848,79828148,5300,audio,"CRI AHX, 1 ch, 16364 Hz, 1.30 s"
3698,/voice/NA00_0110_002_001.ahx,79828480,79872989,44509,audio,"CRI AHX, 1 ch, 16364 Hz, 7.83 s"
3699,/voice/NA00_0110_002_003.ahx,79873024,79885547,12523,audio,"CRI AHX, 1 ch, 16364 Hz, 2.66 s"
3700,/voice/NA00_0110_002_006.ahx,79885824,79905354,19530,audio,"CRI AHX, 1 ch, 16364 Hz, 4.06 s"
3701,/voice/NA00_0110_002_006_1.ahx,79905792,79926955,21163,audio,"CRI AHX, 1 ch, 16364 Hz, 3.89 s"
3702,/voice/NA00_0110_002_009.ahx,79927296,79931760,4464,audio,"CRI AHX, 1 ch, 16364 Hz, 0.74 s"
3703,/voice/NA00_0110_002_013.ahx,79931904,79938540,6636,audio,"CRI AHX, 1 ch, 16364 Hz, 2.51 s"
3704,/voice/NA00_0110_002_023.ahx,79938560,79944576,6016,audio,"CRI AHX, 1 ch, 16364 Hz, 0.97 s"
3705,/voice/NA00_0110_002_025.ahx,79944704,79960205,15501,audio,"CRI AHX, 1 ch, 16364 Hz, 2.68 s"
3706,/voice/NA00_0110_002_026.ahx,79960576,79981463,20887,audio,"CRI AHX, 1 ch, 16364 Hz, 4.45 s"
3707,/voice/NA00_0110_002_028.ahx,79981568,79998313,16745,audio,"CRI AHX, 1 ch, 16364 Hz, 2.82 s"
3708,/voice/NA00_0110_002_028_1.ahx,79998464,80021103,22639,audio,"CRI AHX, 1 ch, 16364 Hz, 4.87 s"
3709,/voice/NA00_0110_002_030.ahx,80021504,80046547,25043,audio,"CRI AHX, 1 ch, 16364 Hz, 4.59 s"
3710,/voice/NA00_0110_002_030_1.ahx,80046592,80083318,36726,audio,"CRI AHX, 1 ch, 16364 Hz, 6.93 s"
3711,/voice/NA00_0110_002_031.ahx,80083456,80107333,23877,audio,"CRI AHX, 1 ch, 16364 Hz, 4.09 s"
3712,/voice/NA00_0110_002_033.ahx,80107520,80140854,33334,audio,"CRI AHX, 1 ch, 16364 Hz, 6.75 s"
3713,/voice/NA00_0110_002_033_1.ahx,80141312,80179355,38043,audio,"CRI AHX, 1 ch, 16364 Hz, 7.81 s"
3714,/voice/NA00_0110_002_035.ahx,80179712,80203651,23939,audio,"CRI AHX, 1 ch, 16364 Hz, 4.43 s"
3715,/voice/NA00_0110_002_035_1.ahx,80203776,80226053,22277,audio,"CRI AHX, 1 ch, 16364 Hz, 4.12 s"
3716,/voice/NA00_0110_002_035_2.ahx,80226304,80243577,17273,audio,"CRI AHX, 1 ch, 16364 Hz, 3.29 s"
3717,/voice/NA00_0110_002_035_3.ahx,80243712,80267125,23413,audio,"CRI AHX, 1 ch, 16364 Hz, 4.38 s"
3718,/voice/NA00_0110_002_037.ahx,80267264,80295489,28225,audio,"CRI AHX, 1 ch, 16364 Hz, 5.51 s"
3719,/voice/NA00_0110_002_039.ahx,80295936,80321242,25306,audio,"CRI AHX, 1 ch, 16364 Hz, 4.99 s"
3720,/voice/NA00_0110_002_039_1.ahx,80321536,80337652,16116,audio,"CRI AHX, 1 ch, 16364 Hz, 2.72 s"
3721,/voice/NA00_0110_002_041.ahx,80337920,80365235,27315,audio,"CRI AHX, 1 ch, 16364 Hz, 5.66 s"
3722,/voice/NA00_0110_002_041_1.ahx,80365568,80393980,28412,audio,"CRI AHX, 1 ch, 16364 Hz, 5.28 s"
3723,/voice/NA00_0110_002_043.ahx,80394240,80425436,31196,audio,"CRI AHX, 1 ch, 16364 Hz, 6.46 s"
3724,/voice/NA00_0110_002_047.ahx,80425472,80456389,30917,audio,"CRI AHX, 1 ch, 16364 Hz, 5.90 s"
3725,/voice/NA00_0110_002_047_1.ahx,80456704,80498712,42008,audio,"CRI AHX, 1 ch, 16364 Hz, 7.60 s"
3726,/voice/NA00_0110_002_049.ahx,80499200,80522013,22813,audio,"CRI AHX, 1 ch, 16364 Hz, 4.32 s"
3727,/voice/NA00_0110_002_051.ahx,80522240,80549724,27484,audio,"CRI AHX, 1 ch, 16364 Hz, 5.04 s"
3728,/voice/NA00_0110_002_053.ahx,80549888,80575678,25790,audio,"CRI AHX, 1 ch, 16364 Hz, 4.87 s"
3729,/voice/NA00_0110_002_055.ahx,80576000,80607566,31566,audio,"CRI AHX, 1 ch, 16364 Hz, 5.95 s"
3730,/voice/NA00_0110_002_055_1.ahx,80607744,80648100,40356,audio,"CRI AHX, 1 ch, 16364 Hz, 7.50 s"
3731,/voice/NA00_0110_002_057.ahx,80648192,80680924,32732,audio,"CRI AHX, 1 ch, 16364 Hz, 6.26 s"
3732,/voice/NA00_0110_002_057_1.ahx,80680960,80708682,27722,audio,"CRI AHX, 1 ch, 16364 Hz, 5.11 s"
3733,/voice/NA00_0110_002_059.ahx,80709120,80724179,15059,audio,"CRI AHX, 1 ch, 16364 Hz, 3.08 s"
3734,/voice/NA00_0110_002_059_1.ahx,80724480,80742863,18383,audio,"CRI AHX, 1 ch, 16364 Hz, 3.95 s"
3735,/voice/NA00_0110_007_015.ahx,80742912,80755961,13049,audio,"CRI AHX, 1 ch, 16364 Hz, 2.57 s"
3736,/voice/NA00_0110_014_004.ahx,80756224,80810557,54333,audio,"CRI AHX, 1 ch, 16364 Hz, 11.39 s"
3737,/voice/NA00_0110_014_007.ahx,80811008,80831017,20009,audio,"CRI AHX, 1 ch, 16364 Hz, 4.08 s"
3738,/voice/NA00_0110_014_007_1.ahx,80831488,80857921,26433,audio,"CRI AHX, 1 ch, 16364 Hz, 4.81 s"
3739,/voice/NA00_0110_014_010.ahx,80858112,80892321,34209,audio,"CRI AHX, 1 ch, 16364 Hz, 7.14 s"
3740,/voice/NA00_0110_014_012.ahx,80892416,80895327,2911,audio,"CRI AHX, 1 ch, 16364 Hz, 0.49 s"
3741,/voice/NA00_0110_014_014.ahx,80895488,80917706,22218,audio,"CRI AHX, 1 ch, 16364 Hz, 5.15 s"
3742,/voice/NA00_0110_014_014_1.ahx,80918016,80955826,37810,audio,"CRI AHX, 1 ch, 16364 Hz, 6.85 s"
3743,/voice/NA00_0110_014_017.ahx,80955904,81001129,45225,audio,"CRI AHX, 1 ch, 16364 Hz, 9.26 s"
3744,/voice/NA00_0110_014_019.ahx,81001472,81038954,37482,audio,"CRI AHX, 1 ch, 16364 Hz, 7.65 s"
3745,/voice/NA00_0110_014_019_1.ahx,81039360,81054141,14781,audio,"CRI AHX, 1 ch, 16364 Hz, 2.62 s"
3746,/voice/NA00_0110_014_020.ahx,81054208,81072628,18420,audio,"CRI AHX, 1 ch, 16364 Hz, 3.08 s"
3747,/voice/NA00_0110_014_020_1.ahx,81072640,81105450,32810,audio,"CRI AHX, 1 ch, 16364 Hz, 7.38 s"
3748,/voice/NA00_0110_023_021.ahx,81105920,81120900,14980,audio,"CRI AHX, 1 ch, 16364 Hz, 2.75 s"
3749,/voice/NA00_0110_024_022.ahx,81121280,81138544,17264,audio,"CRI AHX, 1 ch, 16364 Hz, 2.96 s"
3750,/voice/NA00_0114_001_001.ahx,81138688,81162909,24221,audio,"CRI AHX, 1 ch, 16364 Hz, 4.86 s"
3751,/voice/NA00_0114_001_001_1.ahx,81163264,81189277,26013,audio,"CRI AHX, 1 ch, 16364 Hz, 5.10 s"
3752,/voice/NA00_0114_001_003.ahx,81189376,81211308,21932,audio,"CRI AHX, 1 ch, 16364 Hz, 5.40 s"
3753,/voice/NA00_0114_001_003_1.ahx,81211392,81240533,29141,audio,"CRI AHX, 1 ch, 16364 Hz, 6.42 s"
3754,/voice/NA00_0114_001_005.ahx,81240576,81243085,2509,audio,"CRI AHX, 1 ch, 16364 Hz, 0.41 s"
3755,/voice/NA00_0114_001_005_1.ahx,81243136,81267876,24740,audio,"CRI AHX, 1 ch, 16364 Hz, 4.95 s"
3756,/voice/NA00_0114_001_005_2.ahx,81268224,81287504,19280,audio,"CRI AHX, 1 ch, 16364 Hz, 3.95 s"
3757,/voice/NA00_0114_001_012.ahx,81287680,81304930,17250,audio,"CRI AHX, 1 ch, 16364 Hz, 3.31 s"
3758,/voice/NA00_0114_001_013.ahx,81305088,81322983,17895,audio,"CRI AHX, 1 ch, 16364 Hz, 4.64 s"
3759,/voice/NA00_0114_001_017.ahx,81323008,81331160,8152,audio,"CRI AHX, 1 ch, 16364 Hz, 1.77 s"
3760,/voice/NA00_0114_002_002.ahx,81331200,81355680,24480,audio,"CRI AHX, 1 ch, 16364 Hz, 4.59 s"
3761,/voice/NA00_0114_002_004.ahx,81355776,81379263,23487,audio,"CRI AHX, 1 ch, 16364 Hz, 5.06 s"
3762,/voice/NA00_0114_002_007.ahx,81379328,81403008,23680,audio,"CRI AHX, 1 ch, 16364 Hz, 4.53 s"
3763,/voice/NA00_0114_002_009.ahx,81403392,81420507,17115,audio,"CRI AHX, 1 ch, 16364 Hz, 3.07 s"
3764,/voice/NA00_0114_002_014.ahx,81420800,81432671,11871,audio,"CRI AHX, 1 ch, 16364 Hz, 2.63 s"
3765,/voice/NA00_0114_007_011.ahx,81433088,81446149,13061,audio,"CRI AHX, 1 ch, 16364 Hz, 2.79 s"
3766,/voice/NA00_0114_007_019.ahx,81446400,81457780,11380,audio,"CRI AHX, 1 ch, 16364 Hz, 2.44 s"
3767,/voice/NA00_0114_082_006.ahx,81458176,81470833,12657,audio,"CRI AHX, 1 ch, 16364 Hz, 2.92 s"
3768,/voice/NA00_0114_082_015.ahx,81470976,81515106,44130,audio,"CRI AHX, 1 ch, 16364 Hz, 9.63 s"
3769,/voice/NA00_0114_082_020.ahx,81515520,81523046,7526,audio,"CRI AHX, 1 ch, 16364 Hz, 1.26 s"
3770,/voice/NA00_0114_083_008.ahx,81523200,81549005,25805,audio,"CRI AHX, 1 ch, 16364 Hz, 5.59 s"
3771,/voice/NA00_0114_083_008_1.ahx,81549312,81558278,8966,audio,"CRI AHX, 1 ch, 16364 Hz, 1.50 s"
3772,/voice/NA00_0114_083_010.ahx,81558528,81580445,21917,audio,"CRI AHX, 1 ch, 16364 Hz, 4.89 s"
3773,/voice/NA00_0114_083_016.ahx,81580544,81582711,2167,audio,"CRI AHX, 1 ch, 16364 Hz, 0.33 s"
3774,/voice/NA00_0114_083_018.ahx,81583104,81595927,12823,audio,"CRI AHX, 1 ch, 16364 Hz, 2.30 s"
3775,/voice/NA00_0201_001_006.ahx,81596416,81601113,4697,audio,"CRI AHX, 1 ch, 16364 Hz, 0.80 s"
3776,/voice/NA00_0201_001_010.ahx,81601536,81617101,15565,audio,"CRI AHX, 1 ch, 16364 Hz, 3.80 s"
3777,/voice/NA00_0201_001_012.ahx,81617408,81627597,10189,audio,"CRI AHX, 1 ch, 16364 Hz, 2.29 s"
3778,/voice/NA00_0201_002_011.ahx,81627648,81661018,33370,audio,"CRI AHX, 1 ch, 16364 Hz, 7.21 s"
3779,/voice/NA00_0201_012_003.ahx,81661440,81674354,12914,audio,"CRI AHX, 1 ch, 16364 Hz, 2.16 s"
3780,/voice/NA00_0201_012_005.ahx,81674752,81713710,38958,audio,"CRI AHX, 1 ch, 16364 Hz, 7.75 s"
3781,/voice/NA00_0201_012_005_1.ahx,81714176,81747180,33004,audio,"CRI AHX, 1 ch, 16364 Hz, 6.13 s"
3782,/voice/NA00_0201_012_007.ahx,81747456,81789829,42373,audio,"CRI AHX, 1 ch, 16364 Hz, 8.51 s"
3783,/voice/NA00_0201_012_009.ahx,81789952,81821556,31604,audio,"CRI AHX, 1 ch, 16364 Hz, 6.05 s"
3784,/voice/NA00_0201_082_001.ahx,81821696,81835979,14283,audio,"CRI AHX, 1 ch, 16364 Hz, 2.60 s"
3785,/voice/NA00_0201_083_002.ahx,81836032,81837784,1752,audio,"CRI AHX, 1 ch, 16364 Hz, 0.30 s"
3786,/voice/NA00_0201_083_004.ahx,81838080,81844556,6476,audio,"CRI AHX, 1 ch, 16364 Hz, 1.71 s"
3787,/voice/NA00_0201_083_004_1.ahx,81844736,81870802,26066,audio,"CRI AHX, 1 ch, 16364 Hz, 5.31 s"
3788,/voice/NA00_0201_083_008.ahx,81870848,81881841,10993,audio,"CRI AHX, 1 ch, 16364 Hz, 1.94 s"
3789,/voice/NA00_0201_083_013.ahx,81882112,81886324,4212,audio,"CRI AHX, 1 ch, 16364 Hz, 0.67 s"
3790,/voice/NA00_0201_083_014.ahx,81886720,81891818,5098,audio,"CRI AHX, 1 ch, 16364 Hz, 0.83 s"
3791,/voice/NA00_0204_001_001.ahx,81891840,81895809,3969,audio,"CRI AHX, 1 ch, 16364 Hz, 0.65 s"
3792,/voice/NA00_0204_001_003.ahx,81895936,81909176,13240,audio,"CRI AHX, 1 ch, 16364 Hz, 2.65 s"
3793,/voice/NA00_0204_001_005.ahx,81909248,81921034,11786,audio,"CRI AHX, 1 ch, 16364 Hz, 2.35 s"
3794,/voice/NA00_0204_001_007.ahx,81921536,81936646,15110,audio,"CRI AHX, 1 ch, 16364 Hz, 4.06 s"
3795,/voice/NA00_0204_001_009.ahx,81936896,81958443,21547,audio,"CRI AHX, 1 ch, 16364 Hz, 5.01 s"
3796,/voice/NA00_0204_001_011.ahx,81958912,81975665,16753,audio,"CRI AHX, 1 ch, 16364 Hz, 4.14 s"
3797,/voice/NA00_0204_001_013.ahx,81975808,82015310,39502,audio,"CRI AHX, 1 ch, 16364 Hz, 8.43 s"
3798,/voice/NA00_0204_001_014.ahx,82015744,82039918,24174,audio,"CRI AHX, 1 ch, 16364 Hz, 6.96 s"
3799,/voice/NA00_0204_001_016.ahx,82040320,82050410,10090,audio,"CRI AHX, 1 ch, 16364 Hz, 2.15 s"
3800,/voice/NA00_0204_001_016_1.ahx,82050560,82064246,13686,audio,"CRI AHX, 1 ch, 16364 Hz, 2.69 s"
3801,/voice/NA00_0204_001_018.ahx,82064384,82077069,12685,audio,"CRI AHX, 1 ch, 16364 Hz, 2.50 s"
3802,/voice/NA00_0204_001_020.ahx,82077184,82103842,26658,audio,"CRI AHX, 1 ch, 16364 Hz, 5.57 s"
3803,/voice/NA00_0204_001_022.ahx,82104320,82130247,25927,audio,"CRI AHX, 1 ch, 16364 Hz, 5.25 s"
3804,/voice/NA00_0204_001_024.ahx,82130432,82142667,12235,audio,"CRI AHX, 1 ch, 16364 Hz, 2.59 s"
3805,/voice/NA00_0204_001_026.ahx,82142720,82153066,10346,audio,"CRI AHX, 1 ch, 16364 Hz, 2.50 s"
3806,/voice/NA00_0204_001_028.ahx,82153472,82175782,22310,audio,"CRI AHX, 1 ch, 16364 Hz, 6.13 s"
3807,/voice/NA00_0204_003_002.ahx,82176000,82178513,2513,audio,"CRI AHX, 1 ch, 16364 Hz, 0.42 s"
3808,/voice/NA00_0204_003_004.ahx,82178560,82203552,24992,audio,"CRI AHX, 1 ch, 16364 Hz, 4.90 s"
3809,/voice/NA00_0204_003_006.ahx,82203648,82212928,9280,audio,"CRI AHX, 1 ch, 16364 Hz, 1.76 s"
3810,/voice/NA00_0204_003_008.ahx,82213376,82245832,32456,audio,"CRI AHX, 1 ch, 16364 Hz, 6.52 s"
3811,/voice/NA00_0204_003_010.ahx,82246144,82254938,8794,audio,"CRI AHX, 1 ch, 16364 Hz, 1.47 s"
3812,/voice/NA00_0204_003_010_1.ahx,82255360,82271012,15652,audio,"CRI AHX, 1 ch, 16364 Hz, 3.71 s"
3813,/voice/NA00_0204_003_012.ahx,82271232,82299193,27961,audio,"CRI AHX, 1 ch, 16364 Hz, 5.25 s"
3814,/voice/NA00_0204_003_015.ahx,82299392,82306798,7406,audio,"CRI AHX, 1 ch, 16364 Hz, 1.26 s"
3815,/voice/NA00_0204_003_015_1.ahx,82307072,82319791,12719,audio,"CRI AHX, 1 ch, 16364 Hz, 2.14 s"
3816,/voice/NA00_0204_003_017.ahx,82319872,82346685,26813,audio,"CRI AHX, 1 ch, 16364 Hz, 6.02 s"
3817,/voice/NA00_0204_003_019.ahx,82347008,82380962,33954,audio,"CRI AHX, 1 ch, 16364 Hz, 6.99 s"
3818,/voice/NA00_0204_003_021.ahx,82381312,82385131,3819,audio,"CRI AHX, 1 ch, 16364 Hz, 0.61 s"
3819,/voice/NA00_0204_003_021_1.ahx,82385408,82397676,12268,audio,"CRI AHX, 1 ch, 16364 Hz, 2.55 s"
3820,/voice/NA00_0204_003_023.ahx,82397696,82413181,15485,audio,"CRI AHX, 1 ch, 16364 Hz, 3.06 s"
3821,/voice/NA00_0204_003_025.ahx,82413568,82422798,9230,audio,"CRI AHX, 1 ch, 16364 Hz, 1.53 s"
3822,/voice/NA00_0204_003_027.ahx,82423296,82443339,20043,audio,"CRI AHX, 1 ch, 16364 Hz, 4.34 s"
3823,/voice/NA00_0205_001_002.ahx,82443776,82455732,11956,audio,"CRI AHX, 1 ch, 16364 Hz, 2.60 s"
3824,/voice/NA00_0205_001_004.ahx,82456064,82475186,19122,audio,"CRI AHX, 1 ch, 16364 Hz, 4.64 s"
3825,/voice/NA00_0205_001_007.ahx,82475520,82490656,15136,audio,"CRI AHX, 1 ch, 16364 Hz, 2.82 s"
3826,/voice/NA00_0205_001_009.ahx,82490880,82515119,24239,audio,"CRI AHX, 1 ch, 16364 Hz, 5.31 s"
3827,/voice/NA00_0205_001_011.ahx,82515456,82528987,13531,audio,"CRI AHX, 1 ch, 16364 Hz, 3.62 s"
3828,/voice/NA00_0205_001_013.ahx,82529280,82536472,7192,audio,"CRI AHX, 1 ch, 16364 Hz, 1.18 s"
3829,/voice/NA00_0205_001_015.ahx,82536960,82560393,23433,audio,"CRI AHX, 1 ch, 16364 Hz, 6.14 s"
3830,/voice/NA00_0205_001_018.ahx,82560512,82564659,4147,audio,"CRI AHX, 1 ch, 16364 Hz, 0.72 s"
3831,/voice/NA00_0205_001_020.ahx,82565120,82578671,13551,audio,"CRI AHX, 1 ch, 16364 Hz, 3.50 s"
3832,/voice/NA00_0205_008_001.ahx,82578944,82586866,7922,audio,"CRI AHX, 1 ch, 16364 Hz, 1.70 s"
3833,/voice/NA00_0205_008_003.ahx,82587136,82606534,19398,audio,"CRI AHX, 1 ch, 16364 Hz, 4.43 s"
3834,/voice/NA00_0205_008_005.ahx,82606592,82630553,23961,audio,"CRI AHX, 1 ch, 16364 Hz, 4.79 s"
3835,/voice/NA00_0205_008_006.ahx,82630656,82673885,43229,audio,"CRI AHX, 1 ch, 16364 Hz, 9.68 s"
3836,/voice/NA00_0205_008_008.ahx,82674176,82696612,22436,audio,"CRI AHX, 1 ch, 16364 Hz, 4.92 s"
3837,/voice/NA00_0205_008_008_1.ahx,82696704,82714089,17385,audio,"CRI AHX, 1 ch, 16364 Hz, 3.56 s"
3838,/voice/NA00_0205_008_010.ahx,82714112,82740438,26326,audio,"CRI AHX, 1 ch, 16364 Hz, 5.18 s"
3839,/voice/NA00_0205_008_010_1.ahx,82740736,82753675,12939,audio,"CRI AHX, 1 ch, 16364 Hz, 2.72 s"
3840,/voice/NA00_0205_008_012.ahx,82754048,82768720,14672,audio,"CRI AHX, 1 ch, 16364 Hz, 3.22 s"
3841,/voice/NA00_0205_008_014.ahx,82768896,82785070,16174,audio,"CRI AHX, 1 ch, 16364 Hz, 3.82 s"
3842,/voice/NA00_0205_008_016.ahx,82785280,82800908,15628,audio,"CRI AHX, 1 ch, 16364 Hz, 3.36 s"
3843,/voice/NA00_0205_008_017.ahx,82801152,82816612,15460,audio,"CRI AHX, 1 ch, 16364 Hz, 3.24 s"
3844,/voice/NA00_0205_008_019.ahx,82817024,82852565,35541,audio,"CRI AHX, 1 ch, 16364 Hz, 8.46 s"
3845,/voice/NA00_0208_001_002.ahx,82852864,82861782,8918,audio,"CRI AHX, 1 ch, 16364 Hz, 2.47 s"
3846,/voice/NA00_0208_003_001.ahx,82862080,82889655,27575,audio,"CRI AHX, 1 ch, 16364 Hz, 6.14 s"
3847,/voice/NA00_0208_003_003.ahx,82889728,82901005,11277,audio,"CRI AHX, 1 ch, 16364 Hz, 1.88 s"
3848,/voice/NA00_0208_003_003_1.ahx,82901504,82936449,34945,audio,"CRI AHX, 1 ch, 16364 Hz, 6.85 s"
3849,/voice/NA00_0208_027_004.ahx,82936832,82963966,27134,audio,"CRI AHX, 1 ch, 16364 Hz, 5.94 s"
3850,/voice/NA00_0208_027_006.ahx,82963968,82991948,27980,audio,"CRI AHX, 1 ch, 16364 Hz, 5.78 s"
3851,/voice/NA00_0208_027_006_1.ahx,82992128,83014467,22339,audio,"CRI AHX, 1 ch, 16364 Hz, 5.15 s"
3852,/voice/NA00_0208_027_008.ahx,83014656,83049551,34895,audio,"CRI AHX, 1 ch, 16364 Hz, 8.12 s"
3853,/voice/NA00_0208_029_005.ahx,83049984,83060593,10609,audio,"CRI AHX, 1 ch, 16364 Hz, 2.03 s"
3854,/voice/NA00_0208_029_007.ahx,83060736,83102581,41845,audio,"CRI AHX, 1 ch, 16364 Hz, 8.48 s"
3855,/voice/NA00_0302_001_002.ahx,83102720,83127394,24674,audio,"CRI AHX, 1 ch, 16364 Hz, 5.77 s"
3856,/voice/NA00_0302_001_006.ahx,83127808,83144438,16630,audio,"CRI AHX, 1 ch, 16364 Hz, 3.24 s"
3857,/voice/NA00_0302_001_008.ahx,83144704,83160060,15356,audio,"CRI AHX, 1 ch, 16364 Hz, 3.66 s"
3858,/voice/NA00_0302_001_015.ahx,83160064,83172943,12879,audio,"CRI AHX, 1 ch, 16364 Hz, 3.44 s"
3859,/voice/NA00_0302_001_017.ahx,83173376,83199395,26019,audio,"CRI AHX, 1 ch, 16364 Hz, 5.91 s"
3860,/voice/NA00_0302_001_021.ahx,83199488,83218348,18860,audio,"CRI AHX, 1 ch, 16364 Hz, 4.61 s"
3861,/voice/NA00_0302_001_026.ahx,83218432,83231837,13405,audio,"CRI AHX, 1 ch, 16364 Hz, 2.84 s"
3862,/voice/NA00_0302_001_026_1.ahx,83232256,83251490,19234,audio,"CRI AHX, 1 ch, 16364 Hz, 4.59 s"
3863,/voice/NA00_0302_002_003.ahx,83251712,83264709,12997,audio,"CRI AHX, 1 ch, 16364 Hz, 2.63 s"
3864,/voice/NA00_0302_002_005.ahx,83265024,83280856,15832,audio,"CRI AHX, 1 ch, 16364 Hz, 2.93 s"
3865,/voice/NA00_0302_002_010.ahx,83280896,83311361,30465,audio,"CRI AHX, 1 ch, 16364 Hz, 6.07 s"
3866,/voice/NA00_0302_002_011.ahx,83311616,83330471,18855,audio,"CRI AHX, 1 ch, 16364 Hz, 3.48 s"
3867,/voice/NA00_0302_002_013.ahx,83330560,83333487,2927,audio,"CRI AHX, 1 ch, 16364 Hz, 0.46 s"
3868,/voice/NA00_0302_002_019.ahx,83333632,83344416,10784,audio,"CRI AHX, 1 ch, 16364 Hz, 1.84 s"
3869,/voice/NA00_0302_002_023.ahx,83344896,83366722,21826,audio,"CRI AHX, 1 ch, 16364 Hz, 3.79 s"
3870,/voice/NA00_0302_002_027.ahx,83366912,83378883,11971,audio,"CRI AHX, 1 ch, 16364 Hz, 2.01 s"
3871,/voice/NA00_0302_002_027_1.ahx,83379200,83392475,13275,audio,"CRI AHX, 1 ch, 16364 Hz, 2.55 s"
3872,/voice/NA00_0302_003_012.ahx,83392512,83417000,24488,audio,"CRI AHX, 1 ch, 16364 Hz, 5.15 s"
3873,/voice/NA00_0302_003_012_1.ahx,83417088,83422940,5852,audio,"CRI AHX, 1 ch, 16364 Hz, 1.02 s"
3874,/voice/NA00_0302_003_020.ahx,83423232,83430684,7452,audio,"CRI AHX, 1 ch, 16364 Hz, 1.25 s"
3875,/voice/NA00_0302_003_025.ahx,83430912,83454230,23318,audio,"CRI AHX, 1 ch, 16364 Hz, 5.05 s"
3876,/voice/NA00_0302_007_024.ahx,83454464,83465072,10608,audio,"CRI AHX, 1 ch, 16364 Hz, 1.81 s"
3877,/voice/NA00_0302_008_001.ahx,83465216,83477297,12081,audio,"CRI AHX, 1 ch, 16364 Hz, 2.89 s"
3878,/voice/NA00_0302_008_004.ahx,83477504,83480868,3364,audio,"CRI AHX, 1 ch, 16364 Hz, 0.53 s"
3879,/voice/NA00_0302_008_007.ahx,83481088,83505708,24620,audio,"CRI AHX, 1 ch, 16364 Hz, 4.92 s"
3880,/voice/NA00_0302_008_009.ahx,83506176,83529407,23231,audio,"CRI AHX, 1 ch, 16364 Hz, 4.99 s"
3881,/voice/NA00_0302_008_014.ahx,83529728,83550111,20383,audio,"CRI AHX, 1 ch, 16364 Hz, 5.16 s"
3882,/voice/NA00_0302_008_016.ahx,83550208,83576626,26418,audio,"CRI AHX, 1 ch, 16364 Hz, 7.46 s"
3883,/voice/NA00_0302_008_018.ahx,83576832,83613619,36787,audio,"CRI AHX, 1 ch, 16364 Hz, 8.69 s"
3884,/voice/NA00_0302_008_018_1.ahx,83613696,83645162,31466,audio,"CRI AHX, 1 ch, 16364 Hz, 6.93 s"
3885,/voice/NA00_0302_008_022.ahx,83645440,83658144,12704,audio,"CRI AHX, 1 ch, 16364 Hz, 3.74 s"
3886,/voice/NA00_0308_001_001.ahx,83658240,83686270,28030,audio,"CRI AHX, 1 ch, 16364 Hz, 5.42 s"
3887,/voice/NA00_0308_001_001_1.ahx,83686400,83707519,21119,audio,"CRI AHX, 1 ch, 16364 Hz, 3.50 s"
3888,/voice/NA00_0308_001_001_2.ahx,83707904,83724705,16801,audio,"CRI AHX, 1 ch, 16364 Hz, 3.14 s"
3889,/voice/NA00_0308_001_003.ahx,83724800,83732677,7877,audio,"CRI AHX, 1 ch, 16364 Hz, 1.56 s"
3890,/voice/NA00_0308_001_005.ahx,83732992,83751500,18508,audio,"CRI AHX, 1 ch, 16364 Hz, 4.24 s"
3891,/voice/NA00_0308_001_007.ahx,83751936,83759407,7471,audio,"CRI AHX, 1 ch, 16364 Hz, 1.66 s"
3892,/voice/NA00_0308_001_009.ahx,83759616,83768439,8823,audio,"CRI AHX, 1 ch, 16364 Hz, 2.53 s"
3893,/voice/NA00_0308_001_022.ahx,83768832,83771711,2879,audio,"CRI AHX, 1 ch, 16364 Hz, 0.47 s"
3894,/voice/NA00_0308_001_022_1.ahx,83771904,83778028,6124,audio,"CRI AHX, 1 ch, 16364 Hz, 1.12 s"
3895,/voice/NA00_0308_001_027.ahx,83778048,83783772,5724,audio,"CRI AHX, 1 ch, 16364 Hz, 1.35 s"
3896,/voice/NA00_0308_001_029.ahx,83784192,83796049,11857,audio,"CRI AHX, 1 ch, 16364 Hz, 2.65 s"
3897,/voice/NA00_0308_001_031.ahx,83796480,83823525,27045,audio,"CRI AHX, 1 ch, 16364 Hz, 6.11 s"
3898,/voice/NA00_0308_001_031_1.ahx,83823616,83860622,37006,audio,"CRI AHX, 1 ch, 16364 Hz, 7.43 s"
3899,/voice/NA00_0308_001_033.ahx,83860992,83881018,20026,audio,"CRI AHX, 1 ch, 16364 Hz, 4.44 s"
3900,/voice/NA00_0308_001_035.ahx,83881472,83901375,19903,audio,"CRI AHX, 1 ch, 16364 Hz, 3.56 s"
3901,/voice/NA00_0308_001_037.ahx,83901440,83906922,5482,audio,"CRI AHX, 1 ch, 16364 Hz, 0.91 s"
3902,/voice/NA00_0308_002_002.ahx,83907072,83915704,8632,audio,"CRI AHX, 1 ch, 16364 Hz, 1.47 s"
3903,/voice/NA00_0308_002_004.ahx,83915776,83924077,8301,audio,"CRI AHX, 1 ch, 16364 Hz, 1.45 s"
3904,/voice/NA00_0308_002_004_1.ahx,83924480,83957119,32639,audio,"CRI AHX, 1 ch, 16364 Hz, 6.32 s"
3905,/voice/NA00_0308_002_004_2.ahx,83957248,83979465,22217,audio,"CRI AHX, 1 ch, 16364 Hz, 4.47 s"
3906,/voice/NA00_0308_002_012.ahx,83979776,83990241,10465,audio,"CRI AHX, 1 ch, 16364 Hz, 2.43 s"
3907,/voice/NA00_0308_002_021.ahx,83990528,83995168,4640,audio,"CRI AHX, 1 ch, 16364 Hz, 0.79 s"
3908,/voice/NA00_0308_002_023.ahx,83995648,84004775,9127,audio,"CRI AHX, 1 ch, 16364 Hz, 1.56 s"
3909,/voice/NA00_0308_002_023_1.ahx,84004864,84030144,25280,audio,"CRI AHX, 1 ch, 16364 Hz, 4.26 s"
3910,/voice/NA00_0308_002_028.ahx,84030464,84037520,7056,audio,"CRI AHX, 1 ch, 16364 Hz, 1.18 s"
3911,/voice/NA00_0308_002_030.ahx,84037632,84038669,1037,audio,"CRI AHX, 1 ch, 16364 Hz, 0.16 s"
3912,/voice/NA00_0308_002_032.ahx,84039168,84050842,11674,audio,"CRI AHX, 1 ch, 16364 Hz, 2.63 s"
3913,/voice/NA00_0308_002_034.ahx,84050944,84056641,5697,audio,"CRI AHX, 1 ch, 16364 Hz, 0.97 s"
3914,/voice/NA00_0308_002_034_1.ahx,84057088,84083250,26162,audio,"CRI AHX, 1 ch, 16364 Hz, 8.52 s"
3915,/voice/NA00_0308_003_010.ahx,84083712,84111171,27459,audio,"CRI AHX, 1 ch, 16364 Hz, 5.36 s"
3916,/voice/NA00_0308_003_024.ahx,84111360,84132992,21632,audio,"CRI AHX, 1 ch, 16364 Hz, 4.23 s"
3917,/voice/NA00_0308_003_036.ahx,84133376,84147670,14294,audio,"CRI AHX, 1 ch, 16364 Hz, 2.91 s"
3918,/voice/NA00_0308_007_025.ahx,84147712,84165528,17816,audio,"CRI AHX, 1 ch, 16364 Hz, 3.40 s"
3919,/voice/NA00_0308_008_006.ahx,84165632,84172335,6703,audio,"CRI AHX, 1 ch, 16364 Hz, 1.14 s"
3920,/voice/NA00_0308_008_008.ahx,84172800,84188766,15966,audio,"CRI AHX, 1 ch, 16364 Hz, 3.22 s"
3921,/voice/NA00_0308_008_011.ahx,84189184,84205088,15904,audio,"CRI AHX, 1 ch, 16364 Hz, 3.63 s"
3922,/voice/NA00_0308_008_011_1.ahx,84205568,84229410,23842,audio,"CRI AHX, 1 ch, 16364 Hz, 4.90 s"
3923,/voice/NA00_0308_008_013.ahx,84229632,84251206,21574,audio,"CRI AHX, 1 ch, 16364 Hz, 4.60 s"
3924,/voice/NA00_0308_008_013_1.ahx,84251648,84257558,5910,audio,"CRI AHX, 1 ch, 16364 Hz, 1.00 s"
3925,/voice/NA00_0308_008_020.ahx,84257792,84268501,10709,audio,"CRI AHX, 1 ch, 16364 Hz, 3.03 s"
3926,/voice/NA00_0308_008_020_1.ahx,84268544,84284469,15925,audio,"CRI AHX, 1 ch, 16364 Hz, 3.72 s"
3927,/voice/NA00_0308_008_026.ahx,84284928,84310561,25633,audio,"CRI AHX, 1 ch, 16364 Hz, 5.71 s"
3928,/voice/NA00_0308_027_015.ahx,84311040,84328886,17846,audio,"CRI AHX, 1 ch, 16364 Hz, 4.43 s"
3929,/voice/NA00_0308_027_017.ahx,84328960,84360793,31833,audio,"CRI AHX, 1 ch, 16364 Hz, 9.12 s"
3930,/voice/NA00_0308_034_014.ahx,84361216,84386031,24815,audio,"CRI AHX, 1 ch, 16364 Hz, 5.75 s"
3931,/voice/NA00_0308_034_016.ahx,84386304,84417114,30810,audio,"CRI AHX, 1 ch, 16364 Hz, 7.99 s"
3932,/voice/NA00_0308_034_018.ahx,84417536,84439250,21714,audio,"CRI AHX, 1 ch, 16364 Hz, 5.34 s"
3933,/voice/NA00_0308_034_019.ahx,84439552,84475731,36179,audio,"CRI AHX, 1 ch, 16364 Hz, 10.48 s"
3934,/voice/NA00_0308_034_019_1.ahx,84475904,84481812,5908,audio,"CRI AHX, 1 ch, 16364 Hz, 1.74 s"
3935,/voice/NA00_0310_001_003.ahx,84482048,84485849,3801,audio,"CRI AHX, 1 ch, 16364 Hz, 0.66 s"
3936,/voice/NA00_0310_001_005.ahx,84486144,84491661,5517,audio,"CRI AHX, 1 ch, 16364 Hz, 1.31 s"
3937,/voice/NA00_0310_001_007.ahx,84491776,84521622,29846,audio,"CRI AHX, 1 ch, 16364 Hz, 6.94 s"
3938,/voice/NA00_0310_001_008.ahx,84521984,84526145,4161,audio,"CRI AHX, 1 ch, 16364 Hz, 0.72 s"
3939,/voice/NA00_0310_001_010.ahx,84526592,84540704,14112,audio,"CRI AHX, 1 ch, 16364 Hz, 2.99 s"
3940,/voice/NA00_0310_001_027.ahx,84540928,84545648,4720,audio,"CRI AHX, 1 ch, 16364 Hz, 1.18 s"
3941,/voice/NA00_0310_001_031.ahx,84546048,84560275,14227,audio,"CRI AHX, 1 ch, 16364 Hz, 3.31 s"
3942,/voice/NA00_0310_002_012.ahx,84560384,84586884,26500,audio,"CRI AHX, 1 ch, 16364 Hz, 5.42 s"
3943,/voice/NA00_0310_002_012_1.ahx,84587008,84599247,12239,audio,"CRI AHX, 1 ch, 16364 Hz, 2.22 s"
3944,/voice/NA00_0310_002_014.ahx,84599296,84616287,16991,audio,"CRI AHX, 1 ch, 16364 Hz, 2.89 s"
3945,/voice/NA00_0310_002_014_1.ahx,84616704,84650249,33545,audio,"CRI AHX, 1 ch, 16364 Hz, 7.27 s"
3946,/voice/NA00_0310_002_016.ahx,84650496,84670823,20327,audio,"CRI AHX, 1 ch, 16364 Hz, 4.79 s"
3947,/voice/NA00_0310_002_019.ahx,84670976,84684380,13404,audio,"CRI AHX, 1 ch, 16364 Hz, 3.39 s"
3948,/voice/NA00_0310_002_028.ahx,84684800,84694643,9843,audio,"CRI AHX, 1 ch, 16364 Hz, 1.85 s"
3949,/voice/NA00_0310_003_002.ahx,84695040,84715549,20509,audio,"CRI AHX, 1 ch, 16364 Hz, 4.93 s"
3950,/voice/NA00_0310_003_004.ahx,84716032,84742167,26135,audio,"CRI AHX, 1 ch, 16364 Hz, 6.50 s"
3951,/voice/NA00_0310_003_029.ahx,84742656,84756914,14258,audio,"CRI AHX, 1 ch, 16364 Hz, 2.76 s"
3952,/voice/NA00_0310_005_001.ahx,84756992,84766165,9173,audio,"CRI AHX, 1 ch, 16364 Hz, 1.56 s"
3953,/voice/NA00_0310_005_006.ahx,84766208,84772516,6308,audio,"CRI AHX, 1 ch, 16364 Hz, 1.09 s"
3954,/voice/NA00_0310_005_009.ahx,84772864,84787997,15133,audio,"CRI AHX, 1 ch, 16364 Hz, 3.01 s"
3955,/voice/NA00_0310_005_009_1.ahx,84788224,84815006,26782,audio,"CRI AHX, 1 ch, 16364 Hz, 4.92 s"
3956,/voice/NA00_0310_005_011.ahx,84815360,84845035,29675,audio,"CRI AHX, 1 ch, 16364 Hz, 5.52 s"
3957,/voice/NA00_0310_005_011_1.ahx,84845056,84875632,30576,audio,"CRI AHX, 1 ch, 16364 Hz, 6.60 s"
3958,/voice/NA00_0310_005_013.ahx,84875776,84878740,2964,audio,"CRI AHX, 1 ch, 16364 Hz, 0.47 s"
3959,/voice/NA00_0310_005_013_1.ahx,84878848,84908374,29526,audio,"CRI AHX, 1 ch, 16364 Hz, 6.89 s"
3960,/voice/NA00_0310_005_015.ahx,84908544,84908807,263,audio,"CRI AHX, 1 ch, 16364 Hz, 1.00 s"
3961,/voice/NA00_0310_005_020.ahx,84909056,84931901,22845,audio,"CRI AHX, 1 ch, 16364 Hz, 4.82 s"
3962,/voice/NA00_0310_005_022.ahx,84932096,84950385,18289,audio,"CRI AHX, 1 ch, 16364 Hz, 3.80 s"
3963,/voice/NA00_0310_005_026.ahx,84950528,84986848,36320,audio,"CRI AHX, 1 ch, 16364 Hz, 8.19 s"
3964,/voice/NA00_0310_005_030.ahx,84986880,84992797,5917,audio,"CRI AHX, 1 ch, 16364 Hz, 1.01 s"
3965,/voice/NA00_0310_007_024.ahx,84993024,85004081,11057,audio,"CRI AHX, 1 ch, 16364 Hz, 2.02 s"
3966,/voice/NA00_0310_009_017.ahx,85004288,85030255,25967,audio,"CRI AHX, 1 ch, 16364 Hz, 4.40 s"
3967,/voice/NA00_0310_009_018.ahx,85030400,85045042,14642,audio,"CRI AHX, 1 ch, 16364 Hz, 2.53 s"
3968,/voice/NA00_0310_009_018_1.ahx,85045248,85089344,44096,audio,"CRI AHX, 1 ch, 16364 Hz, 7.59 s"
3969,/voice/NA00_0310_009_021.ahx,85089792,85131524,41732,audio,"CRI AHX, 1 ch, 16364 Hz, 7.96 s"
3970,/voice/NA00_0310_009_021_1.ahx,85131776,85194422,62646,audio,"CRI AHX, 1 ch, 16364 Hz, 12.35 s"
3971,/voice/NA00_0310_009_023.ahx,85194752,85215716,20964,audio,"CRI AHX, 1 ch, 16364 Hz, 4.00 s"
3972,/voice/NA00_0310_009_023_1.ahx,85215744,85243919,28175,audio,"CRI AHX, 1 ch, 16364 Hz, 6.82 s"
3973,/voice/NA00_0310_009_025.ahx,85244416,85271677,27261,audio,"CRI AHX, 1 ch, 16364 Hz, 5.30 s"
3974,/voice/NA00_0310_009_025_1.ahx,85272064,85316718,44654,audio,"CRI AHX, 1 ch, 16364 Hz, 8.30 s"
3975,/voice/NA00_0311_001_003.ahx,85317120,85323770,6650,audio,"CRI AHX, 1 ch, 16364 Hz, 1.21 s"
3976,/voice/NA00_0311_001_007.ahx,85323776,85357058,33282,audio,"CRI AHX, 1 ch, 16364 Hz, 7.00 s"
3977,/voice/NA00_0311_001_012.ahx,85357568,85375598,18030,audio,"CRI AHX, 1 ch, 16364 Hz, 4.20 s"
3978,/voice/NA00_0311_001_014.ahx,85376000,85382903,6903,audio,"CRI AHX, 1 ch, 16364 Hz, 1.80 s"
3979,/voice/NA00_0311_001_020.ahx,85383168,85391669,8501,audio,"CRI AHX, 1 ch, 16364 Hz, 2.21 s"
3980,/voice/NA00_0311_001_024.ahx,85391872,85393394,1522,audio,"CRI AHX, 1 ch, 16364 Hz, 0.24 s"
3981,/voice/NA00_0311_001_026.ahx,85393408,85393671,263,audio,"CRI AHX, 1 ch, 16364 Hz, 1.00 s"
3982,/voice/NA00_0311_001_028.ahx,85393920,85419536,25616,audio,"CRI AHX, 1 ch, 16364 Hz, 5.05 s"
3983,/voice/NA00_0311_001_031.ahx,85420032,85438363,18331,audio,"CRI AHX, 1 ch, 16364 Hz, 3.93 s"
3984,/voice/NA00_0311_001_031_1.ahx,85438464,85455878,17414,audio,"CRI AHX, 1 ch, 16364 Hz, 3.10 s"
3985,/voice/NA00_0311_001_034.ahx,85456384,85462188,5804,audio,"CRI AHX, 1 ch, 16364 Hz, 1.00 s"
3986,/voice/NA00_0311_001_036.ahx,85462528,85473068,10540,audio,"CRI AHX, 1 ch, 16364 Hz, 3.01 s"
3987,/voice/NA00_0311_001_040.ahx,85473280,85483212,9932,audio,"CRI AHX, 1 ch, 16364 Hz, 2.66 s"
3988,/voice/NA00_0311_001_044.ahx,85483520,85497813,14293,audio,"CRI AHX, 1 ch, 16364 Hz, 2.50 s"
3989,/voice/NA00_0311_001_044_1.ahx,85497856,85535559,37703,audio,"CRI AHX, 1 ch, 16364 Hz, 7.84 s"
3990,/voice/NA00_0311_001_046.ahx,85535744,85563645,27901,audio,"CRI AHX, 1 ch, 16364 Hz, 5.81 s"
3991,/voice/NA00_0311_002_002.ahx,85563904,85583276,19372,audio,"CRI AHX, 1 ch, 16364 Hz, 3.62 s"
3992,/voice/NA00_0311_002_004.ahx,85583360,85613467,30107,audio,"CRI AHX, 1 ch, 16364 Hz, 5.22 s"
3993,/voice/NA00_0311_002_008.ahx,85613568,85650929,37361,audio,"CRI AHX, 1 ch, 16364 Hz, 6.86 s"
3994,/voice/NA00_0311_002_010.ahx,85650944,85660208,9264,audio,"CRI AHX, 1 ch, 16364 Hz, 1.69 s"
3995,/voice/NA00_0311_002_015.ahx,85660672,85662880,2208,audio,"CRI AHX, 1 ch, 16364 Hz, 0.53 s"
3996,/voice/NA00_0311_002_018.ahx,85663232,85665781,2549,audio,"CRI AHX, 1 ch, 16364 Hz, 0.40 s"
3997,/voice/NA00_0311_002_022.ahx,85665792,85683142,17350,audio,"CRI AHX, 1 ch, 16364 Hz, 2.98 s"
3998,/voice/NA00_0311_002_030.ahx,85683200,85707004,23804,audio,"CRI AHX, 1 ch, 16364 Hz, 4.41 s"
3999,/voice/NA00_0311_002_030_1.ahx,85707264,85735784,28520,audio,"CRI AHX, 1 ch, 16364 Hz, 5.53 s"
4000,/voice/NA00_0311_002_032.ahx,85735936,85769871,33935,audio,"CRI AHX, 1 ch, 16364 Hz, 6.27 s"
4001,/voice/NA00_0311_002_037.ahx,85770240,85773825,3585,audio,"CRI AHX, 1 ch, 16364 Hz, 0.59 s"
4002,/voice/NA00_0311_002_039.ahx,85774336,85813757,39421,audio,"CRI AHX, 1 ch, 16364 Hz, 7.58 s"
4003,/voice/NA00_0311_002_042.ahx,85813760,85823131,9371,audio,"CRI AHX, 1 ch, 16364 Hz, 2.03 s"
4004,/voice/NA00_0311_003_001.ahx,85823488,85842738,19250,audio,"CRI AHX, 1 ch, 16364 Hz, 3.64 s"
4005,/voice/NA00_0311_003_006.ahx,85842944,85872939,29995,audio,"CRI AHX, 1 ch, 16364 Hz, 6.99 s"
4006,/voice/NA00_0311_003_009.ahx,85873152,85900991,27839,audio,"CRI AHX, 1 ch, 16364 Hz, 5.61 s"
4007,/voice/NA00_0311_003_016.ahx,85901312,85922407,21095,audio,"CRI AHX, 1 ch, 16364 Hz, 4.51 s"
4008,/voice/NA00_0311_003_019.ahx,85922816,85927015,4199,audio,"CRI AHX, 1 ch, 16364 Hz, 0.69 s"
4009,/voice/NA00_0311_003_023.ahx,85927424,85940068,12644,audio,"CRI AHX, 1 ch, 16364 Hz, 2.48 s"
4010,/voice/NA00_0311_003_027.ahx,85940224,85948276,8052,audio,"CRI AHX, 1 ch, 16364 Hz, 1.76 s"
4011,/voice/NA00_0311_003_029.ahx,85948416,85969281,20865,audio,"CRI AHX, 1 ch, 16364 Hz, 4.36 s"
4012,/voice/NA00_0311_003_033.ahx,85969408,85975895,6487,audio,"CRI AHX, 1 ch, 16364 Hz, 1.08 s"
4013,/voice/NA00_0311_003_035.ahx,85976064,85984451,8387,audio,"CRI AHX, 1 ch, 16364 Hz, 1.41 s"
4014,/voice/NA00_0311_003_035_1.ahx,85984768,85998244,13476,audio,"CRI AHX, 1 ch, 16364 Hz, 2.65 s"
4015,/voice/NA00_0311_003_038.ahx,85998592,86017876,19284,audio,"CRI AHX, 1 ch, 16364 Hz, 4.26 s"
4016,/voice/NA00_0311_003_041.ahx,86018048,86028728,10680,audio,"CRI AHX, 1 ch, 16364 Hz, 1.83 s"
4017,/voice/NA00_0311_003_043.ahx,86028800,86037152,8352,audio,"CRI AHX, 1 ch, 16364 Hz, 1.42 s"
4018,/voice/NA00_0311_003_043_1.ahx,86037504,86050054,12550,audio,"CRI AHX, 1 ch, 16364 Hz, 2.71 s"
4019,/voice/NA00_0311_003_045.ahx,86050304,86071269,20965,audio,"CRI AHX, 1 ch, 16364 Hz, 5.03 s"
4020,/voice/NA00_0311_007_005.ahx,86071296,86097900,26604,audio,"CRI AHX, 1 ch, 16364 Hz, 5.10 s"
4021,/voice/NA00_0311_008_011.ahx,86097920,86103546,5626,audio,"CRI AHX, 1 ch, 16364 Hz, 0.93 s"
4022,/voice/NA00_0311_008_013.ahx,86103552,86112503,8951,audio,"CRI AHX, 1 ch, 16364 Hz, 2.56 s"
4023,/voice/NA00_0311_008_017.ahx,86112768,86120288,7520,audio,"CRI AHX, 1 ch, 16364 Hz, 2.01 s"
4024,/voice/NA00_0311_008_025.ahx,86120448,86130571,10123,audio,"CRI AHX, 1 ch, 16364 Hz, 2.84 s"
4025,/voice/NA00_0311_229_021.ahx,86130688,86132395,1707,audio,"CRI AHX, 1 ch, 16364 Hz, 0.31 s"
4026,/voice/NA00_0405_001_002.ahx,86132736,86138457,5721,audio,"CRI AHX, 1 ch, 16364 Hz, 1.01 s"
4027,/voice/NA00_0405_001_004.ahx,86138880,86154255,15375,audio,"CRI AHX, 1 ch, 16364 Hz, 2.61 s"
4028,/voice/NA00_0405_001_004_1.ahx,86154752,86163898,9146,audio,"CRI AHX, 1 ch, 16364 Hz, 1.71 s"
4029,/voice/NA00_0405_001_006.ahx,86163968,86178121,14153,audio,"CRI AHX, 1 ch, 16364 Hz, 2.95 s"
4030,/voice/NA00_0405_001_008.ahx,86178304,86182122,3818,audio,"CRI AHX, 1 ch, 16364 Hz, 0.64 s"
4031,/voice/NA00_0405_001_010.ahx,86182400,86199258,16858,audio,"CRI AHX, 1 ch, 16364 Hz, 3.76 s"
4032,/voice/NA00_0405_001_012.ahx,86199296,86231618,32322,audio,"CRI AHX, 1 ch, 16364 Hz, 7.00 s"
4033,/voice/NA00_0405_001_012_1.ahx,86232064,86261436,29372,audio,"CRI AHX, 1 ch, 16364 Hz, 5.96 s"
4034,/voice/NA00_0405_001_014.ahx,86261760,86266330,4570,audio,"CRI AHX, 1 ch, 16364 Hz, 0.80 s"
4035,/voice/NA00_0405_001_017.ahx,86266368,86280200,13832,audio,"CRI AHX, 1 ch, 16364 Hz, 2.89 s"
4036,/voice/NA00_0405_001_019.ahx,86280704,86298018,17314,audio,"CRI AHX, 1 ch, 16364 Hz, 3.05 s"
4037,/voice/NA00_0405_001_021.ahx,86298112,86311830,13718,audio,"CRI AHX, 1 ch, 16364 Hz, 2.57 s"
4038,/voice/NA00_0405_001_023.ahx,86311936,86336440,24504,audio,"CRI AHX, 1 ch, 16364 Hz, 5.68 s"
4039,/voice/NA00_0405_001_025.ahx,86336512,86336775,263,audio,"CRI AHX, 1 ch, 16364 Hz, 1.00 s"
4040,/voice/NA00_0405_001_025_1.ahx,86337024,86343014,5990,audio,"CRI AHX, 1 ch, 16364 Hz, 1.39 s"
4041,/voice/NA00_0405_001_027.ahx,86343168,86353979,10811,audio,"CRI AHX, 1 ch, 16364 Hz, 2.67 s"
4042,/voice/NA00_0405_001_029.ahx,86354432,86383602,29170,audio,"CRI AHX, 1 ch, 16364 Hz, 7.79 s"
4043,/voice/NA00_0405_001_029_1.ahx,86383616,86405965,22349,audio,"CRI AHX, 1 ch, 16364 Hz, 4.83 s"
4044,/voice/NA00_0405_001_029_2.ahx,86406144,86440070,33926,audio,"CRI AHX, 1 ch, 16364 Hz, 7.60 s"
4045,/voice/NA00_0405_001_031.ahx,86440448,86465868,25420,audio,"CRI AHX, 1 ch, 16364 Hz, 6.04 s"
4046,/voice/NA00_0405_001_031_1.ahx,86466048,86490762,24714,audio,"CRI AHX, 1 ch, 16364 Hz, 5.71 s"
4047,/voice/NA00_0405_001_031_2.ahx,86491136,86509366,18230,audio,"CRI AHX, 1 ch, 16364 Hz, 4.93 s"
4048,/voice/NA00_0405_001_034.ahx,86509568,86522225,12657,audio,"CRI AHX, 1 ch, 16364 Hz, 3.01 s"
4049,/voice/NA00_0405_001_037.ahx,86522368,86525732,3364,audio,"CRI AHX, 1 ch, 16364 Hz, 0.54 s"
4050,/voice/NA00_0405_001_039.ahx,86525952,86535277,9325,audio,"CRI AHX, 1 ch, 16364 Hz, 2.48 s"
4051,/voice/NA00_0405_002_003.ahx,86535680,86557544,21864,audio,"CRI AHX, 1 ch, 16364 Hz, 4.20 s"
4052,/voice/NA00_0405_002_005.ahx,86557696,86579407,21711,audio,"CRI AHX, 1 ch, 16364 Hz, 4.59 s"
4053,/voice/NA00_0405_002_007.ahx,86579712,86586686,6974,audio,"CRI AHX, 1 ch, 16364 Hz, 1.24 s"
4054,/voice/NA00_0405_002_007_1.ahx,86586880,86592773,5893,audio,"CRI AHX, 1 ch, 16364 Hz, 0.98 s"
4055,/voice/NA00_0405_002_009.ahx,86593024,86615353,22329,audio,"CRI AHX, 1 ch, 16364 Hz, 4.49 s"
4056,/voice/NA00_0405_002_009_1.ahx,86615552,86652757,37205,audio,"CRI AHX, 1 ch, 16364 Hz, 7.55 s"
4057,/voice/NA00_0405_002_011.ahx,86652928,86685299,32371,audio,"CRI AHX, 1 ch, 16364 Hz, 6.26 s"
4058,/voice/NA00_0405_002_011_1.ahx,86685696,86719472,33776,audio,"CRI AHX, 1 ch, 16364 Hz, 6.84 s"
4059,/voice/NA00_0405_002_013.ahx,86719488,86734205,14717,audio,"CRI AHX, 1 ch, 16364 Hz, 3.40 s"
4060,/voice/NA00_0405_002_013_1.ahx,86734336,86758026,23690,audio,"CRI AHX, 1 ch, 16364 Hz, 6.55 s"
4061,/voice/NA00_0405_002_015.ahx,86758400,86779106,20706,audio,"CRI AHX, 1 ch, 16364 Hz, 5.12 s"
4062,/voice/NA00_0405_002_015_1.ahx,86779392,86801372,21980,audio,"CRI AHX, 1 ch, 16364 Hz, 6.28 s"
4063,/voice/NA00_0405_002_026.ahx,86801408,86807993,6585,audio,"CRI AHX, 1 ch, 16364 Hz, 2.39 s"
4064,/voice/NA00_0405_002_028.ahx,86808064,86811478,3414,audio,"CRI AHX, 1 ch, 16364 Hz, 0.55 s"
4065,/voice/NA00_0405_002_030.ahx,86811648,86827307,15659,audio,"CRI AHX, 1 ch, 16364 Hz, 3.99 s"
4066,/voice/NA00_0405_002_032.ahx,86827520,86829502,1982,audio,"CRI AHX, 1 ch, 16364 Hz, 0.46 s"
4067,/voice/NA00_0405_002_032_1.ahx,86829568,86861513,31945,audio,"CRI AHX, 1 ch, 16364 Hz, 6.12 s"
4068,/voice/NA00_0405_002_032_2.ahx,86861824,86880601,18777,audio,"CRI AHX, 1 ch, 16364 Hz, 4.20 s"
4069,/voice/NA00_0405_003_001.ahx,86880768,86894616,13848,audio,"CRI AHX, 1 ch, 16364 Hz, 2.63 s"
4070,/voice/NA00_0405_003_016.ahx,86895104,86919351,24247,audio,"CRI AHX, 1 ch, 16364 Hz, 5.03 s"
4071,/voice/NA00_0405_003_016_1.ahx,86919680,86937152,17472,audio,"CRI AHX, 1 ch, 16364 Hz, 3.15 s"
4072,/voice/NA00_0405_003_016_2.ahx,86937600,86956625,19025,audio,"CRI AHX, 1 ch, 16364 Hz, 3.58 s"
4073,/voice/NA00_0405_003_018.ahx,86957056,86984360,27304,audio,"CRI AHX, 1 ch, 16364 Hz, 5.60 s"
4074,/voice/NA00_0405_003_018_1.ahx,86984704,86999376,14672,audio,"CRI AHX, 1 ch, 16364 Hz, 2.47 s"
4075,/voice/NA00_0405_003_020.ahx,86999552,87022171,22619,audio,"CRI AHX, 1 ch, 16364 Hz, 4.26 s"
4076,/voice/NA00_0405_003_020_1.ahx,87022592,87050592,28000,audio,"CRI AHX, 1 ch, 16364 Hz, 5.65 s"
4077,/voice/NA00_0405_003_020_2.ahx,87050752,87079465,28713,audio,"CRI AHX, 1 ch, 16364 Hz, 5.67 s"
4078,/voice/NA00_0405_003_022.ahx,87079936,87094595,14659,audio,"CRI AHX, 1 ch, 16364 Hz, 2.48 s"
4079,/voice/NA00_0405_003_024.ahx,87094784,87109788,15004,audio,"CRI AHX, 1 ch, 16364 Hz, 2.54 s"
4080,/voice/NA00_0405_003_024_1.ahx,87110144,87118235,8091,audio,"CRI AHX, 1 ch, 16364 Hz, 2.00 s"
4081,/voice/NA00_0405_003_024_2.ahx,87118336,87156024,37688,audio,"CRI AHX, 1 ch, 16364 Hz, 8.04 s"
4082,/voice/NA00_0405_003_024_3.ahx,87156224,87183892,27668,audio,"CRI AHX, 1 ch, 16364 Hz, 5.75 s"
4083,/voice/NA00_0405_003_033.ahx,87184384,87197540,13156,audio,"CRI AHX, 1 ch, 16364 Hz, 2.43 s"
4084,/voice/NA00_0405_003_035.ahx,87197696,87202699,5003,audio,"CRI AHX, 1 ch, 16364 Hz, 0.86 s"
4085,/voice/NA00_0405_003_036.ahx,87202816,87209001,6185,audio,"CRI AHX, 1 ch, 16364 Hz, 1.07 s"
4086,/voice/NA00_0405_003_038.ahx,87209472,87230943,21471,audio,"CRI AHX, 1 ch, 16364 Hz, 3.69 s"
4087,/voice/NA00_0405_003_038_1.ahx,87230976,87256226,25250,audio,"CRI AHX, 1 ch, 16364 Hz, 5.23 s"
4088,/voice/NA00_0405_003_040.ahx,87256576,87278313,21737,audio,"CRI AHX, 1 ch, 16364 Hz, 4.84 s"
4089,/voice/NA00_0506_001_002.ahx,87278592,87287214,8622,audio,"CRI AHX, 1 ch, 16364 Hz, 1.89 s"
4090,/voice/NA00_0506_001_005.ahx,87287296,87296455,9159,audio,"CRI AHX, 1 ch, 16364 Hz, 2.14 s"
4091,/voice/NA00_0506_001_008.ahx,87296512,87305611,9099,audio,"CRI AHX, 1 ch, 16364 Hz, 1.70 s"
4092,/voice/NA00_0506_001_008_1.ahx,87305728,87329800,24072,audio,"CRI AHX, 1 ch, 16364 Hz, 4.72 s"
4093,/voice/NA00_0506_001_020.ahx,87330304,87362847,32543,audio,"CRI AHX, 1 ch, 16364 Hz, 6.82 s"
4094,/voice/NA00_0506_001_026.ahx,87363072,87386143,23071,audio,"CRI AHX, 1 ch, 16364 Hz, 5.16 s"
4095,/voice/NA00_0506_001_028.ahx,87386624,87420664,34040,audio,"CRI AHX, 1 ch, 16364 Hz, 8.55 s"
4096,/voice/NA00_0506_001_035.ahx,87420928,87441261,20333,audio,"CRI AHX, 1 ch, 16364 Hz, 4.15 s"
4097,/voice/NA00_0506_001_053.ahx,87441408,87453714,12306,audio,"CRI AHX, 1 ch, 16364 Hz, 2.74 s"
4098,/voice/NA00_0506_001_057.ahx,87454208,87469842,15634,audio,"CRI AHX, 1 ch, 16364 Hz, 3.46 s"
4099,/voice/NA00_0506_001_057_1.ahx,87470080,87487656,17576,audio,"CRI AHX, 1 ch, 16364 Hz, 3.67 s"
4100,/voice/NA00_0506_001_061.ahx,87488000,87493353,5353,audio,"CRI AHX, 1 ch, 16364 Hz, 1.29 s"
4101,/voice/NA00_0506_002_003.ahx,87493632,87503411,9779,audio,"CRI AHX, 1 ch, 16364 Hz, 2.28 s"
4102,/voice/NA00_0506_002_006.ahx,87503872,87513815,9943,audio,"CRI AHX, 1 ch, 16364 Hz, 1.86 s"
4103,/voice/NA00_0506_002_006_1.ahx,87514112,87524986,10874,audio,"CRI AHX, 1 ch, 16364 Hz, 2.25 s"
4104,/voice/NA00_0506_002_009.ahx,87525376,87533859,8483,audio,"CRI AHX, 1 ch, 16364 Hz, 1.60 s"
4105,/voice/NA00_0506_002_011.ahx,87534080,87547946,13866,audio,"CRI AHX, 1 ch, 16364 Hz, 3.01 s"
4106,/voice/NA00_0506_002_011_1.ahx,87548416,87564707,16291,audio,"CRI AHX, 1 ch, 16364 Hz, 3.02 s"
4107,/voice/NA00_0506_002_019.ahx,87564800,87587325,22525,audio,"CRI AHX, 1 ch, 16364 Hz, 4.77 s"
4108,/voice/NA00_0506_002_019_1.ahx,87587328,87608595,21267,audio,"CRI AHX, 1 ch, 16364 Hz, 3.94 s"
4109,/voice/NA00_0506_002_025.ahx,87608832,87619862,11030,audio,"CRI AHX, 1 ch, 16364 Hz, 2.28 s"
4110,/voice/NA00_0506_002_025_1.ahx,87620096,87639017,18921,audio,"CRI AHX, 1 ch, 16364 Hz, 3.17 s"
4111,/voice/NA00_0506_002_032.ahx,87639040,87669599,30559,audio,"CRI AHX, 1 ch, 16364 Hz, 6.53 s"
4112,/voice/NA00_0506_002_056.ahx,87669760,87707408,37648,audio,"CRI AHX, 1 ch, 16364 Hz, 7.19 s"
4113,/voice/NA00_0506_002_060.ahx,87707648,87720919,13271,audio,"CRI AHX, 1 ch, 16364 Hz, 2.27 s"
4114,/voice/NA00_0506_002_063.ahx,87720960,87732169,11209,audio,"CRI AHX, 1 ch, 16364 Hz, 2.23 s"
4115,/voice/NA00_0506_003_001.ahx,87732224,87749110,16886,audio,"CRI AHX, 1 ch, 16364 Hz, 4.52 s"
4116,/voice/NA00_0506_003_013.ahx,87749120,87780304,31184,audio,"CRI AHX, 1 ch, 16364 Hz, 5.97 s"
4117,/voice/NA00_0506_003_015.ahx,87780352,87795289,14937,audio,"CRI AHX, 1 ch, 16364 Hz, 3.14 s"
4118,/voice/NA00_0506_003_017.ahx,87795712,87825418,29706,audio,"CRI AHX, 1 ch, 16364 Hz, 5.86 s"
4119,/voice/NA00_0506_003_017_1.ahx,87825920,87858154,32234,audio,"CRI AHX, 1 ch, 16364 Hz, 7.04 s"
4120,/voice/NA00_0506_003_022.ahx,87858176,87870861,12685,audio,"CRI AHX, 1 ch, 16364 Hz, 2.43 s"
4121,/voice/NA00_0506_003_024.ahx,87870976,87888584,17608,audio,"CRI AHX, 1 ch, 16364 Hz, 3.41 s"
4122,/voice/NA00_0506_003_024_1.ahx,87888896,87923337,34441,audio,"CRI AHX, 1 ch, 16364 Hz, 7.48 s"
4123,/voice/NA00_0506_003_030.ahx,87923712,87938744,15032,audio,"CRI AHX, 1 ch, 16364 Hz, 3.19 s"
4124,/voice/NA00_0506_003_034.ahx,87939072,87965669,26597,audio,"CRI AHX, 1 ch, 16364 Hz, 5.44 s"
4125,/voice/NA00_0506_003_054.ahx,87965696,87986391,20695,audio,"CRI AHX, 1 ch, 16364 Hz, 4.83 s"
4126,/voice/NA00_0506_003_054_1.ahx,87986688,88035337,48649,audio,"CRI AHX, 1 ch, 16364 Hz, 10.14 s"
4127,/voice/NA00_0506_003_054_2.ahx,88035840,88073824,37984,audio,"CRI AHX, 1 ch, 16364 Hz, 7.65 s"
4128,/voice/NA00_0506_003_059.ahx,88074240,88078021,3781,audio,"CRI AHX, 1 ch, 16364 Hz, 1.27 s"
4129,/voice/NA00_0506_004_004.ahx,88078336,88111395,33059,audio,"CRI AHX, 1 ch, 16364 Hz, 8.02 s"
4130,/voice/NA00_0506_004_007.ahx,88111616,88117657,6041,audio,"CRI AHX, 1 ch, 16364 Hz, 1.12 s"
4131,/voice/NA00_0506_004_007_1.ahx,88117760,88133083,15323,audio,"CRI AHX, 1 ch, 16364 Hz, 3.71 s"
4132,/voice/NA00_0506_004_010.ahx,88133120,88163251,30131,audio,"CRI AHX, 1 ch, 16364 Hz, 5.38 s"
4133,/voice/NA00_0506_004_010_1.ahx,88163328,88178923,15595,audio,"CRI AHX, 1 ch, 16364 Hz, 2.71 s"
4134,/voice/NA00_0506_004_012.ahx,88179200,88211131,31931,audio,"CRI AHX, 1 ch, 16364 Hz, 6.42 s"
4135,/voice/NA00_0506_004_012_1.ahx,88211456,88223622,12166,audio,"CRI AHX, 1 ch, 16364 Hz, 2.61 s"
4136,/voice/NA00_0506_004_014.ahx,88223744,88245810,22066,audio,"CRI AHX, 1 ch, 16364 Hz, 4.30 s"
4137,/voice/NA00_0506_004_014_1.ahx,88246272,88266855,20583,audio,"CRI AHX, 1 ch, 16364 Hz, 4.08 s"
4138,/voice/NA00_0506_004_014_2.ahx,88267264,88293275,26011,audio,"CRI AHX, 1 ch, 16364 Hz, 5.31 s"
4139,/voice/NA00_0506_004_014_3.ahx,88293376,88325474,32098,audio,"CRI AHX, 1 ch, 16364 Hz, 6.94 s"
4140,/voice/NA00_0506_004_016.ahx,88325632,88366865,41233,audio,"CRI AHX, 1 ch, 16364 Hz, 8.79 s"
4141,/voice/NA00_0506_004_016_1.ahx,88367104,88388435,21331,audio,"CRI AHX, 1 ch, 16364 Hz, 4.17 s"
4142,/voice/NA00_0506_004_018.ahx,88388608,88422076,33468,audio,"CRI AHX, 1 ch, 16364 Hz, 7.26 s"
4143,/voice/NA00_0506_004_021.ahx,88422400,88461070,38670,audio,"CRI AHX, 1 ch, 16364 Hz, 7.76 s"
4144,/voice/NA00_0506_004_023.ahx,88461312,88471618,10306,audio,"CRI AHX, 1 ch, 16364 Hz, 2.18 s"
4145,/voice/NA00_0506_004_027.ahx,88472064,88502065,30001,audio,"CRI AHX, 1 ch, 16364 Hz, 6.76 s"
4146,/voice/NA00_0506_004_029.ahx,88502272,88524823,22551,audio,"CRI AHX, 1 ch, 16364 Hz, 5.08 s"
4147,/voice/NA00_0506_004_031.ahx,88525312,88528898,3586,audio,"CRI AHX, 1 ch, 16364 Hz, 0.79 s"
4148,/voice/NA00_0506_004_031_1.ahx,88529408,88534785,5377,audio,"CRI AHX, 1 ch, 16364 Hz, 1.40 s"
4149,/voice/NA00_0506_004_036.ahx,88535040,88549023,13983,audio,"CRI AHX, 1 ch, 16364 Hz, 3.86 s"
4150,/voice/NA00_0506_004_055.ahx,88549376,88558974,9598,audio,"CRI AHX, 1 ch, 16364 Hz, 1.61 s"
4151,/voice/NA00_0506_004_055_1.ahx,88559104,88596957,37853,audio,"CRI AHX, 1 ch, 16364 Hz, 6.97 s"
4152,/voice/NA00_0506_004_058.ahx,88596992,88600789,3797,audio,"CRI AHX, 1 ch, 16364 Hz, 0.65 s"
4153,/voice/NA00_0506_004_058_1.ahx,88601088,88622098,21010,audio,"CRI AHX, 1 ch, 16364 Hz, 4.22 s"
4154,/voice/NA00_0506_004_062.ahx,88622592,88640378,17786,audio,"CRI AHX, 1 ch, 16364 Hz, 3.66 s"
4155,/voice/NA00_0506_007_033.ahx,88640512,88656220,15708,audio,"CRI AHX, 1 ch, 16364 Hz, 3.13 s"
4156,/voice/NA00_0506_027_037.ahx,88656384,88678113,21729,audio,"CRI AHX, 1 ch, 16364 Hz, 4.36 s"
4157,/voice/NA00_0506_027_039.ahx,88678400,88704269,25869,audio,"CRI AHX, 1 ch, 16364 Hz, 6.00 s"
4158,/voice/NA00_0506_027_041.ahx,88704512,88734082,29570,audio,"CRI AHX, 1 ch, 16364 Hz, 6.43 s"
4159,/voice/NA00_0506_027_043.ahx,88734208,88771550,37342,audio,"CRI AHX, 1 ch, 16364 Hz, 7.49 s"
4160,/voice/NA00_0506_027_045.ahx,88771584,88774764,3180,audio,"CRI AHX, 1 ch, 16364 Hz, 0.52 s"
4161,/voice/NA00_0506_027_045_1.ahx,88775168,88807197,32029,audio,"CRI AHX, 1 ch, 16364 Hz, 6.17 s"
4162,/voice/NA00_0506_027_045_2.ahx,88807424,88846833,39409,audio,"CRI AHX, 1 ch, 16364 Hz, 8.63 s"
4163,/voice/NA00_0506_027_047.ahx,88846848,88875726,28878,audio,"CRI AHX, 1 ch, 16364 Hz, 5.97 s"
4164,/voice/NA00_0506_027_047_1.ahx,88876032,88902304,26272,audio,"CRI AHX, 1 ch, 16364 Hz, 4.95 s"
4165,/voice/NA00_0506_027_049.ahx,88902656,88919028,16372,audio,"CRI AHX, 1 ch, 16364 Hz, 5.84 s"
4166,/voice/NA00_0506_027_051.ahx,88919040,88940544,21504,audio,"CRI AHX, 1 ch, 16364 Hz, 4.76 s"
4167,/voice/NA00_0506_030_038.ahx,88940544,88954105,13561,audio,"CRI AHX, 1 ch, 16364 Hz, 2.34 s"
4168,/voice/NA00_0506_030_038_1.ahx,88954368,88997322,42954,audio,"CRI AHX, 1 ch, 16364 Hz, 8.70 s"
4169,/voice/NA00_0506_030_040.ahx,88997376,89012599,15223,audio,"CRI AHX, 1 ch, 16364 Hz, 3.11 s"
4170,/voice/NA00_0506_030_042.ahx,89012736,89038105,25369,audio,"CRI AHX, 1 ch, 16364 Hz, 5.23 s"
4171,/voice/NA00_0506_030_044.ahx,89038336,89073253,34917,audio,"CRI AHX, 1 ch, 16364 Hz, 7.37 s"
4172,/voice/NA00_0506_030_044_1.ahx,89073664,89118430,44766,audio,"CRI AHX, 1 ch, 16364 Hz, 9.66 s"
4173,/voice/NA00_0506_030_044_2.ahx,89118720,89150992,32272,audio,"CRI AHX, 1 ch, 16364 Hz, 6.41 s"
4174,/voice/NA00_0506_030_046.ahx,89151488,89186293,34805,audio,"CRI AHX, 1 ch, 16364 Hz, 7.41 s"
4175,/voice/NA00_0506_030_048.ahx,89186304,89195487,9183,audio,"CRI AHX, 1 ch, 16364 Hz, 1.52 s"
4176,/voice/NA00_0506_030_050.ahx,89195520,89213961,18441,audio,"CRI AHX, 1 ch, 16364 Hz, 3.60 s"
4177,/voice/NA00_0506_030_052.ahx,89214464,89238285,23821,audio,"CRI AHX, 1 ch, 16364 Hz, 4.91 s"
4178,/voice/NA00_0508_001_003.ahx,89238528,89243676,5148,audio,"CRI AHX, 1 ch, 16364 Hz, 0.86 s"
4179,/voice/NA00_0508_001_003_1.ahx,89244160,89246312,2152,audio,"CRI AHX, 1 ch, 16364 Hz, 0.36 s"
4180,/voice/NA00_0508_001_005.ahx,89246720,89258557,11837,audio,"CRI AHX, 1 ch, 16364 Hz, 2.26 s"
4181,/voice/NA00_0508_001_016.ahx,89259008,89277110,18102,audio,"CRI AHX, 1 ch, 16364 Hz, 3.33 s"
4182,/voice/NA00_0508_001_031.ahx,89277440,89297901,20461,audio,"CRI AHX, 1 ch, 16364 Hz, 4.15 s"
4183,/voice/NA00_0508_001_037.ahx,89297920,89304762,6842,audio,"CRI AHX, 1 ch, 16364 Hz, 1.54 s"
4184,/voice/NA00_0508_001_039.ahx,89305088,89315853,10765,audio,"CRI AHX, 1 ch, 16364 Hz, 1.81 s"
4185,/voice/NA00_0508_002_001.ahx,89316352,89322632,6280,audio,"CRI AHX, 1 ch, 16364 Hz, 1.08 s"
4186,/voice/NA00_0508_002_002.ahx,89323008,89325171,2163,audio,"CRI AHX, 1 ch, 16364 Hz, 0.34 s"
4187,/voice/NA00_0508_002_008.ahx,89325568,89342836,17268,audio,"CRI AHX, 1 ch, 16364 Hz, 3.48 s"
4188,/voice/NA00_0508_002_030.ahx,89342976,89356655,13679,audio,"CRI AHX, 1 ch, 16364 Hz, 2.30 s"
4189,/voice/NA00_0508_002_032.ahx,89356800,89367598,10798,audio,"CRI AHX, 1 ch, 16364 Hz, 2.57 s"
4190,/voice/NA00_0508_002_036.ahx,89368064,89376767,8703,audio,"CRI AHX, 1 ch, 16364 Hz, 1.77 s"
4191,/voice/NA00_0508_002_038.ahx,89376768,89387226,10458,audio,"CRI AHX, 1 ch, 16364 Hz, 2.17 s"
4192,/voice/NA00_0508_003_004.ahx,89387520,89389878,2358,audio,"CRI AHX, 1 ch, 16364 Hz, 0.38 s"
4193,/voice/NA00_0508_003_004_1.ahx,89390080,89394853,4773,audio,"CRI AHX, 1 ch, 16364 Hz, 1.36 s"
4194,/voice/NA00_0508_003_004_2.ahx,89395200,89400900,5700,audio,"CRI AHX, 1 ch, 16364 Hz, 0.94 s"
4195,/voice/NA00_0508_003_014.ahx,89401344,89412612,11268,audio,"CRI AHX, 1 ch, 16364 Hz, 2.28 s"
4196,/voice/NA00_0508_003_018.ahx,89413120,89438029,24909,audio,"CRI AHX, 1 ch, 16364 Hz, 5.63 s"
4197,/voice/NA00_0508_003_029.ahx,89438208,89452379,14171,audio,"CRI AHX, 1 ch, 16364 Hz, 2.87 s"
4198,/voice/NA00_0508_003_034.ahx,89452544,89466358,13814,audio,"CRI AHX, 1 ch, 16364 Hz, 2.91 s"
4199,/voice/NA00_0508_003_040.ahx,89466368,89482404,16036,audio,"CRI AHX, 1 ch, 16364 Hz, 2.71 s"
4200,/voice/NA00_0508_004_009.ahx,89482752,89489036,6284,audio,"CRI AHX, 1 ch, 16364 Hz, 1.07 s"
4201,/voice/NA00_0508_004_011.ahx,89489408,89507868,18460,audio,"CRI AHX, 1 ch, 16364 Hz, 3.73 s"
4202,/voice/NA00_0508_004_013.ahx,89508352,89529030,20678,audio,"CRI AHX, 1 ch, 16364 Hz, 4.33 s"
4203,/voice/NA00_0508_004_020.ahx,89529344,89535684,6340,audio,"CRI AHX, 1 ch, 16364 Hz, 1.05 s"
4204,/voice/NA00_0508_004_022.ahx,89536000,89542853,6853,audio,"CRI AHX, 1 ch, 16364 Hz, 1.82 s"
4205,/voice/NA00_0508_004_024.ahx,89543168,89555335,12167,audio,"CRI AHX, 1 ch, 16364 Hz, 2.69 s"
4206,/voice/NA00_0508_004_026.ahx,89555456,89593198,37742,audio,"CRI AHX, 1 ch, 16364 Hz, 8.59 s"
4207,/voice/NA00_0508_004_028.ahx,89593344,89606175,12831,audio,"CRI AHX, 1 ch, 16364 Hz, 2.66 s"
4208,/voice/NA00_0508_004_028_1.ahx,89606656,89614484,7828,audio,"CRI AHX, 1 ch, 16364 Hz, 1.78 s"
4209,/voice/NA00_0508_004_035.ahx,89614848,89628376,13528,audio,"CRI AHX, 1 ch, 16364 Hz, 2.69 s"
4210,/voice/NA00_0508_005_006.ahx,89628672,89653754,25082,audio,"CRI AHX, 1 ch, 16364 Hz, 5.12 s"
4211,/voice/NA00_0508_005_007.ahx,89653760,89669427,15667,audio,"CRI AHX, 1 ch, 16364 Hz, 3.50 s"
4212,/voice/NA00_0508_005_010.ahx,89669632,89695333,25701,audio,"CRI AHX, 1 ch, 16364 Hz, 5.32 s"
4213,/voice/NA00_0508_005_012.ahx,89695744,89718697,22953,audio,"CRI AHX, 1 ch, 16364 Hz, 4.33 s"
4214,/voice/NA00_0508_005_015.ahx,89718784,89744358,25574,audio,"CRI AHX, 1 ch, 16364 Hz, 5.08 s"
4215,/voice/NA00_0508_005_015_1.ahx,89744384,89767856,23472,audio,"CRI AHX, 1 ch, 16364 Hz, 4.25 s"
4216,/voice/NA00_0508_005_017.ahx,89767936,89774629,6693,audio,"CRI AHX, 1 ch, 16364 Hz, 1.10 s"
4217,/voice/NA00_0508_005_017_1.ahx,89775104,89803401,28297,audio,"CRI AHX, 1 ch, 16364 Hz, 5.94 s"
4218,/voice/NA00_0508_005_017_2.ahx,89803776,89815668,11892,audio,"CRI AHX, 1 ch, 16364 Hz, 2.37 s"
4219,/voice/NA00_0508_005_019.ahx,89816064,89846618,30554,audio,"CRI AHX, 1 ch, 16364 Hz, 7.24 s"
4220,/voice/NA00_0508_005_021.ahx,89846784,89859703,12919,audio,"CRI AHX, 1 ch, 16364 Hz, 2.74 s"
4221,/voice/NA00_0508_005_023.ahx,89860096,89862240,2144,audio,"CRI AHX, 1 ch, 16364 Hz, 0.35 s"
4222,/voice/NA00_0508_005_025.ahx,89862656,89892661,30005,audio,"CRI AHX, 1 ch, 16364 Hz, 6.62 s"
4223,/voice/NA00_0508_005_027.ahx,89892864,89904991,12127,audio,"CRI AHX, 1 ch, 16364 Hz, 2.92 s"
4224,/voice/NA00_0508_005_033.ahx,89905152,89920621,15469,audio,"CRI AHX, 1 ch, 16364 Hz, 4.08 s"
4225,/voice/NA00_0508_007_041.ahx,89921024,89939170,18146,audio,"CRI AHX, 1 ch, 16364 Hz, 3.68 s"
4226,/voice/NA00_0509_001_002.ahx,89939456,89942452,2996,audio,"CRI AHX, 1 ch, 16364 Hz, 0.48 s"
4227,/voice/NA00_0509_001_003.ahx,89942528,89944465,1937,audio,"CRI AHX, 1 ch, 16364 Hz, 0.30 s"
4228,/voice/NA00_0509_002_006.ahx,89944576,89969367,24791,audio,"CRI AHX, 1 ch, 16364 Hz, 5.32 s"
4229,/voice/NA00_0509_002_010.ahx,89969664,89986112,16448,audio,"CRI AHX, 1 ch, 16364 Hz, 3.42 s"
4230,/voice/NA00_0509_003_004.ahx,89986560,89995836,9276,audio,"CRI AHX, 1 ch, 16364 Hz, 1.68 s"
4231,/voice/NA00_0509_003_012.ahx,89996288,89998648,2360,audio,"CRI AHX, 1 ch, 16364 Hz, 0.37 s"
4232,/voice/NA00_0509_004_007.ahx,89998848,90007858,9010,audio,"CRI AHX, 1 ch, 16364 Hz, 1.51 s"
4233,/voice/NA00_0509_005_001.ahx,90008064,90015985,7921,audio,"CRI AHX, 1 ch, 16364 Hz, 1.32 s"
4234,/voice/NA00_0509_005_001_1.ahx,90016256,90019172,2916,audio,"CRI AHX, 1 ch, 16364 Hz, 0.46 s"
4235,/voice/NA00_0509_005_009.ahx,90019328,90028348,9020,audio,"CRI AHX, 1 ch, 16364 Hz, 2.45 s"
4236,/voice/NA00_0509_013_005.ahx,90028544,90085500,56956,audio,"CRI AHX, 1 ch, 16364 Hz, 9.82 s"
4237,/voice/NA00_0509_013_008.ahx,90085888,90109157,23269,audio,"CRI AHX, 1 ch, 16364 Hz, 4.61 s"
4238,/voice/NA00_0509_013_008_1.ahx,90109440,90154068,44628,audio,"CRI AHX, 1 ch, 16364 Hz, 7.63 s"
4239,/voice/NA00_0509_013_011.ahx,90154496,90174447,19951,audio,"CRI AHX, 1 ch, 16364 Hz, 3.56 s"
4240,/voice/NA00_0604_001_001.ahx,90174464,90202568,28104,audio,"CRI AHX, 1 ch, 16364 Hz, 5.35 s"
4241,/voice/NA00_0604_001_003.ahx,90202624,90210566,7942,audio,"CRI AHX, 1 ch, 16364 Hz, 1.32 s"
4242,/voice/NA00_0604_001_005.ahx,90210816,90212759,1943,audio,"CRI AHX, 1 ch, 16364 Hz, 0.31 s"
4243,/voice/NA00_0604_001_007.ahx,90212864,90226876,14012,audio,"CRI AHX, 1 ch, 16364 Hz, 3.12 s"
4244,/voice/NA00_0604_001_009.ahx,90227200,90245998,18798,audio,"CRI AHX, 1 ch, 16364 Hz, 3.98 s"
4245,/voice/NA00_0604_001_012.ahx,90246144,90249718,3574,audio,"CRI AHX, 1 ch, 16364 Hz, 0.60 s"
4246,/voice/NA00_0604_001_017.ahx,90249728,90284386,34658,audio,"CRI AHX, 1 ch, 16364 Hz, 6.78 s"
4247,/voice/NA00_0604_001_022.ahx,90284544,90288092,3548,audio,"CRI AHX, 1 ch, 16364 Hz, 0.59 s"
4248,/voice/NA00_0604_001_031.ahx,90288128,90296179,8051,audio,"CRI AHX, 1 ch, 16364 Hz, 1.43 s"
4249,/voice/NA00_0604_002_013.ahx,90296320,90305484,9164,audio,"CRI AHX, 1 ch, 16364 Hz, 1.76 s"
4250,/voice/NA00_0604_002_014.ahx,90305536,90331900,26364,audio,"CRI AHX, 1 ch, 16364 Hz, 4.95 s"
4251,/voice/NA00_0604_002_016.ahx,90332160,90340232,8072,audio,"CRI AHX, 1 ch, 16364 Hz, 1.31 s"
4252,/voice/NA00_0604_002_016_1.ahx,90340352,90368614,28262,audio,"CRI AHX, 1 ch, 16364 Hz, 5.96 s"
4253,/voice/NA00_0604_002_019.ahx,90369024,90396474,27450,audio,"CRI AHX, 1 ch, 16364 Hz, 5.48 s"
4254,/voice/NA00_0604_002_021.ahx,90396672,90422218,25546,audio,"CRI AHX, 1 ch, 16364 Hz, 4.39 s"
4255,/voice/NA00_0604_002_023.ahx,90422272,90438725,16453,audio,"CRI AHX, 1 ch, 16364 Hz, 3.22 s"
4256,/voice/NA00_0604_002_026.ahx,90439168,90469701,30533,audio,"CRI AHX, 1 ch, 16364 Hz, 5.23 s"
4257,/voice/NA00_0604_002_029.ahx,90469888,90474443,4555,audio,"CRI AHX, 1 ch, 16364 Hz, 1.17 s"
4258,/voice/NA00_0604_004_011.ahx,90474496,90494847,20351,audio,"CRI AHX, 1 ch, 16364 Hz, 3.98 s"
4259,/voice/NA00_0604_004_015.ahx,90494976,90508743,13767,audio,"CRI AHX, 1 ch, 16364 Hz, 2.68 s"
4260,/voice/NA00_0604_004_020.ahx,90508800,90519334,10534,audio,"CRI AHX, 1 ch, 16364 Hz, 2.13 s"
4261,/voice/NA00_0604_004_025.ahx,90519552,90534332,14780,audio,"CRI AHX, 1 ch, 16364 Hz, 2.54 s"
4262,/voice/NA00_0604_004_027.ahx,90534400,90546928,12528,audio,"CRI AHX, 1 ch, 16364 Hz, 2.40 s"
4263,/voice/NA00_0604_007_002.ahx,90547200,90563893,16693,audio,"CRI AHX, 1 ch, 16364 Hz, 2.89 s"
4264,/voice/NA00_0604_007_018.ahx,90564096,90581684,17588,audio,"CRI AHX, 1 ch, 16364 Hz, 3.24 s"
4265,/voice/NA00_0604_007_024.ahx,90582016,90602394,20378,audio,"CRI AHX, 1 ch, 16364 Hz, 4.04 s"
4266,/voice/NA00_0604_066_004.ahx,90602496,90615580,13084,audio,"CRI AHX, 1 ch, 16364 Hz, 2.71 s"
4267,/voice/NA00_0604_066_006.ahx,90615808,90636572,20764,audio,"CRI AHX, 1 ch, 16364 Hz, 4.26 s"
4268,/voice/NA00_0604_066_008.ahx,90636800,90666473,29673,audio,"CRI AHX, 1 ch, 16364 Hz, 6.19 s"
4269,/voice/NA00_0604_066_010.ahx,90666496,90686954,20458,audio,"CRI AHX, 1 ch, 16364 Hz, 3.85 s"
4270,/voice/NA00_0604_066_028.ahx,90686976,90717562,30586,audio,"CRI AHX, 1 ch, 16364 Hz, 6.21 s"
4271,/voice/NA00_0604_066_030.ahx,90717696,90746202,28506,audio,"CRI AHX, 1 ch, 16364 Hz, 6.48 s"
4272,/voice/NA00_0604_066_032.ahx,90746368,90759921,13553,audio,"CRI AHX, 1 ch, 16364 Hz, 3.09 s"
4273,/voice/NA00_0605_001_002.ahx,90760192,90764591,4399,audio,"CRI AHX, 1 ch, 16364 Hz, 0.75 s"
4274,/voice/NA00_0605_002_007.ahx,90764800,90775883,11083,audio,"CRI AHX, 1 ch, 16364 Hz, 2.41 s"
4275,/voice/NA00_0605_002_011.ahx,90776064,90821577,45513,audio,"CRI AHX, 1 ch, 16364 Hz, 8.69 s"
4276,/voice/NA00_0605_002_014.ahx,90821632,90848489,26857,audio,"CRI AHX, 1 ch, 16364 Hz, 6.32 s"
4277,/voice/NA00_0605_003_015.ahx,90848768,90868778,20010,audio,"CRI AHX, 1 ch, 16364 Hz, 3.46 s"
4278,/voice/NA00_0605_003_017.ahx,90869248,90878888,9640,audio,"CRI AHX, 1 ch, 16364 Hz, 1.81 s"
4279,/voice/NA00_0605_003_034.ahx,90878976,90893948,14972,audio,"CRI AHX, 1 ch, 16364 Hz, 3.19 s"
4280,/voice/NA00_0605_004_003.ahx,90894336,90905440,11104,audio,"CRI AHX, 1 ch, 16364 Hz, 2.02 s"
4281,/voice/NA00_0605_004_005.ahx,90905600,90934716,29116,audio,"CRI AHX, 1 ch, 16364 Hz, 6.03 s"
4282,/voice/NA00_0605_004_005_1.ahx,90934784,90945529,10745,audio,"CRI AHX, 1 ch, 16364 Hz, 1.80 s"
4283,/voice/NA00_0605_004_009.ahx,90945536,90960813,15277,audio,"CRI AHX, 1 ch, 16364 Hz, 3.20 s"
4284,/voice/NA00_0605_004_013.ahx,90960896,90973653,12757,audio,"CRI AHX, 1 ch, 16364 Hz, 2.51 s"
4285,/voice/NA00_0605_004_023.ahx,90973696,90985945,12249,audio,"CRI AHX, 1 ch, 16364 Hz, 2.37 s"
4286,/voice/NA00_0605_004_025.ahx,90985984,90997917,11933,audio,"CRI AHX, 1 ch, 16364 Hz, 2.88 s"
4287,/voice/NA00_0605_004_028.ahx,90998272,91015666,17394,audio,"CRI AHX, 1 ch, 16364 Hz, 3.74 s"
4288,/voice/NA00_0605_004_030.ahx,91015680,91045010,29330,audio,"CRI AHX, 1 ch, 16364 Hz, 5.63 s"
4289,/voice/NA00_0605_004_032.ahx,91045376,91059273,13897,audio,"CRI AHX, 1 ch, 16364 Hz, 2.90 s"
4290,/voice/NA00_0605_005_019.ahx,91059712,91082373,22661,audio,"CRI AHX, 1 ch, 16364 Hz, 4.80 s"
4291,/voice/NA00_0605_005_021.ahx,91082752,91088564,5812,audio,"CRI AHX, 1 ch, 16364 Hz, 0.98 s"
4292,/voice/NA00_0605_005_027.ahx,91088896,91111155,22259,audio,"CRI AHX, 1 ch, 16364 Hz, 4.46 s"
4293,/voice/NA00_0605_005_029.ahx,91111424,91123076,11652,audio,"CRI AHX, 1 ch, 16364 Hz, 1.96 s"
4294,/voice/NA00_0605_005_031.ahx,91123200,91129114,5914,audio,"CRI AHX, 1 ch, 16364 Hz, 0.98 s"
4295,/voice/NA00_0605_006_020.ahx,91129344,91157098,27754,audio,"CRI AHX, 1 ch, 16364 Hz, 6.15 s"
4296,/voice/NA00_0605_006_022.ahx,91157504,91170270,12766,audio,"CRI AHX, 1 ch, 16364 Hz, 2.17 s"
4297,/voice/NA00_0605_006_022_1.ahx,91170304,91195087,24783,audio,"CRI AHX, 1 ch, 16364 Hz, 4.76 s"
4298,/voice/NA00_0605_006_024.ahx,91195392,91228846,33454,audio,"CRI AHX, 1 ch, 16364 Hz, 7.12 s"
4299,/voice/NA00_0605_006_024_1.ahx,91229184,91264504,35320,audio,"CRI AHX, 1 ch, 16364 Hz, 6.83 s"
4300,/voice/NA00_0605_006_026.ahx,91264512,91284982,20470,audio,"CRI AHX, 1 ch, 16364 Hz, 4.30 s"
4301,/voice/NA00_0605_006_026_1.ahx,91284992,91303143,18151,audio,"CRI AHX, 1 ch, 16364 Hz, 3.47 s"
4302,/voice/NA00_0605_006_026_2.ahx,91303424,91333036,29612,audio,"CRI AHX, 1 ch, 16364 Hz, 6.17 s"
4303,/voice/NA00_0605_006_033.ahx,91333120,91354618,21498,audio,"CRI AHX, 1 ch, 16364 Hz, 4.51 s"
4304,/voice/NA00_0605_006_035.ahx,91354624,91382685,28061,audio,"CRI AHX, 1 ch, 16364 Hz, 6.16 s"
4305,/voice/NA00_0605_066_001.ahx,91382784,91408925,26141,audio,"CRI AHX, 1 ch, 16364 Hz, 5.86 s"
4306,/voice/NA00_0605_066_004.ahx,91409408,91424193,14785,audio,"CRI AHX, 1 ch, 16364 Hz, 2.87 s"
4307,/voice/NA00_0605_066_006.ahx,91424256,91454169,29913,audio,"CRI AHX, 1 ch, 16364 Hz, 6.33 s"
4308,/voice/NA00_0605_066_006_1.ahx,91454464,91488355,33891,audio,"CRI AHX, 1 ch, 16364 Hz, 6.86 s"
4309,/voice/NA00_0605_066_006_2.ahx,91488768,91518597,29829,audio,"CRI AHX, 1 ch, 16364 Hz, 5.88 s"
4310,/voice/NA00_0605_066_008.ahx,91518976,91551540,32564,audio,"CRI AHX, 1 ch, 16364 Hz, 5.74 s"
4311,/voice/NA00_0605_066_010.ahx,91551744,91573200,21456,audio,"CRI AHX, 1 ch, 16364 Hz, 4.71 s"
4312,/voice/NA00_0605_066_010_1.ahx,91573248,91598443,25195,audio,"CRI AHX, 1 ch, 16364 Hz, 4.91 s"
4313,/voice/NA00_0605_066_012.ahx,91598848,91628391,29543,audio,"CRI AHX, 1 ch, 16364 Hz, 5.76 s"
4314,/voice/NA00_0605_066_012_1.ahx,91628544,91653778,25234,audio,"CRI AHX, 1 ch, 16364 Hz, 4.54 s"
4315,/voice/NA00_0605_066_012_2.ahx,91654144,91675954,21810,audio,"CRI AHX, 1 ch, 16364 Hz, 4.24 s"
4316,/voice/NA00_0605_066_016.ahx,91676160,91709276,33116,audio,"CRI AHX, 1 ch, 16364 Hz, 6.29 s"
4317,/voice/NA00_0605_066_018.ahx,91709440,91729770,20330,audio,"CRI AHX, 1 ch, 16364 Hz, 4.73 s"
4318,/voice/NA00_0605_066_018_1.ahx,91729920,91752915,22995,audio,"CRI AHX, 1 ch, 16364 Hz, 5.13 s"
4319,/voice/NA00_0703_001_004.ahx,91752960,91759590,6630,audio,"CRI AHX, 1 ch, 16364 Hz, 1.41 s"
4320,/voice/NA00_0703_001_033.ahx,91759616,91764462,4846,audio,"CRI AHX, 1 ch, 16364 Hz, 0.82 s"
4321,/voice/NA00_0703_001_033_1.ahx,91764736,91774922,10186,audio,"CRI AHX, 1 ch, 16364 Hz, 2.41 s"
4322,/voice/NA00_0703_001_045.ahx,91774976,91782107,7131,audio,"CRI AHX, 1 ch, 16364 Hz, 1.21 s"
4323,/voice/NA00_0703_001_047.ahx,91782144,91786387,4243,audio,"CRI AHX, 1 ch, 16364 Hz, 0.70 s"
4324,/voice/NA00_0703_001_052.ahx,91786752,91793870,7118,audio,"CRI AHX, 1 ch, 16364 Hz, 1.23 s"
4325,/voice/NA00_0703_001_058.ahx,91793920,91820962,27042,audio,"CRI AHX, 1 ch, 16364 Hz, 5.71 s"
4326,/voice/NA00_0703_001_064.ahx,91821056,91836312,15256,audio,"CRI AHX, 1 ch, 16364 Hz, 3.40 s"
4327,/voice/NA00_0703_001_078.ahx,91836416,91843809,7393,audio,"CRI AHX, 1 ch, 16364 Hz, 1.32 s"
4328,/voice/NA00_0703_002_005.ahx,91844096,91851483,7387,audio,"CRI AHX, 1 ch, 16364 Hz, 1.26 s"
4329,/voice/NA00_0703_002_007.ahx,91851776,91867672,15896,audio,"CRI AHX, 1 ch, 16364 Hz, 2.79 s"
4330,/voice/NA00_0703_002_036.ahx,91868160,91882117,13957,audio,"CRI AHX, 1 ch, 16364 Hz, 3.21 s"
4331,/voice/NA00_0703_002_039.ahx,91882496,91891358,8862,audio,"CRI AHX, 1 ch, 16364 Hz, 1.47 s"
4332,/voice/NA00_0703_002_054.ahx,91891712,91908041,16329,audio,"CRI AHX, 1 ch, 16364 Hz, 3.46 s"
4333,/voice/NA00_0703_002_056.ahx,91908096,91938772,30676,audio,"CRI AHX, 1 ch, 16364 Hz, 5.47 s"
4334,/voice/NA00_0703_002_071.ahx,91938816,91955277,16461,audio,"CRI AHX, 1 ch, 16364 Hz, 2.78 s"
4335,/voice/NA00_0703_003_006.ahx,91955712,91963659,7947,audio,"CRI AHX, 1 ch, 16364 Hz, 1.34 s"
4336,/voice/NA00_0703_003_034.ahx,91963904,91984704,20800,audio,"CRI AHX, 1 ch, 16364 Hz, 4.17 s"
4337,/voice/NA00_0703_003_042.ahx,91984896,91998534,13638,audio,"CRI AHX, 1 ch, 16364 Hz, 2.96 s"
4338,/voice/NA00_0703_003_044_1.ahx,91998720,92004195,5475,audio,"CRI AHX, 1 ch, 16364 Hz, 0.90 s"
4339,/voice/NA00_0703_003_049.ahx,92004352,92020885,16533,audio,"CRI AHX, 1 ch, 16364 Hz, 3.32 s"
4340,/voice/NA00_0703_004_003.ahx,92021248,92026514,5266,audio,"CRI AHX, 1 ch, 16364 Hz, 0.97 s"
4341,/voice/NA00_0703_004_035.ahx,92026880,92031473,4593,audio,"CRI AHX, 1 ch, 16364 Hz, 0.79 s"
4342,/voice/NA00_0703_004_038.ahx,92031488,92060088,28600,audio,"CRI AHX, 1 ch, 16364 Hz, 7.22 s"
4343,/voice/NA00_0703_004_040.ahx,92060160,92092670,32510,audio,"CRI AHX, 1 ch, 16364 Hz, 7.43 s"
4344,/voice/NA00_0703_004_060.ahx,92092928,92096322,3394,audio,"CRI AHX, 1 ch, 16364 Hz, 0.56 s"
4345,/voice/NA00_0703_004_062.ahx,92096512,92100105,3593,audio,"CRI AHX, 1 ch, 16364 Hz, 0.61 s"
4346,/voice/NA00_0703_004_066.ahx,92100608,92118271,17663,audio,"CRI AHX, 1 ch, 16364 Hz, 4.21 s"
4347,/voice/NA00_0703_004_069.ahx,92118528,92127639,9111,audio,"CRI AHX, 1 ch, 16364 Hz, 1.94 s"
4348,/voice/NA00_0703_005_002.ahx,92127744,92142603,14859,audio,"CRI AHX, 1 ch, 16364 Hz, 3.47 s"
4349,/voice/NA00_0703_005_037.ahx,92143104,92161324,18220,audio,"CRI AHX, 1 ch, 16364 Hz, 3.71 s"
4350,/voice/NA00_0703_005_037_1.ahx,92161536,92176818,15282,audio,"CRI AHX, 1 ch, 16364 Hz, 2.59 s"
4351,/voice/NA00_0703_005_068.ahx,92176896,92181515,4619,audio,"CRI AHX, 1 ch, 16364 Hz, 0.77 s"
4352,/voice/NA00_0703_005_070.ahx,92182016,92202612,20596,audio,"CRI AHX, 1 ch, 16364 Hz, 4.29 s"
4353,/voice/NA00_0703_005_072.ahx,92203008,92222959,19951,audio,"CRI AHX, 1 ch, 16364 Hz, 3.35 s"
4354,/voice/NA00_0703_006_001.ahx,92222976,92229221,6245,audio,"CRI AHX, 1 ch, 16364 Hz, 1.06 s"
4355,/voice/NA00_0703_006_041.ahx,92229632,92252151,22519,audio,"CRI AHX, 1 ch, 16364 Hz, 4.46 s"
4356,/voice/NA00_0703_006_043.ahx,92252160,92267826,15666,audio,"CRI AHX, 1 ch, 16364 Hz, 2.89 s"
4357,/voice/NA00_0703_006_046.ahx,92268032,92279754,11722,audio,"CRI AHX, 1 ch, 16364 Hz, 2.65 s"
4358,/voice/NA00_0703_006_048.ahx,92279808,92281960,2152,audio,"CRI AHX, 1 ch, 16364 Hz, 0.36 s"
4359,/voice/NA00_0703_006_050.ahx,92282368,92287199,4831,audio,"CRI AHX, 1 ch, 16364 Hz, 0.80 s"
4360,/voice/NA00_0703_006_051.ahx,92287488,92303213,15725,audio,"CRI AHX, 1 ch, 16364 Hz, 3.67 s"
4361,/voice/NA00_0703_006_053.ahx,92303360,92333844,30484,audio,"CRI AHX, 1 ch, 16364 Hz, 6.03 s"
4362,/voice/NA00_0703_006_053_1.ahx,92334080,92355386,21306,audio,"CRI AHX, 1 ch, 16364 Hz, 4.75 s"
4363,/voice/NA00_0703_006_055.ahx,92355584,92394792,39208,audio,"CRI AHX, 1 ch, 16364 Hz, 7.49 s"
4364,/voice/NA00_0703_006_055_1.ahx,92395008,92403452,8444,audio,"CRI AHX, 1 ch, 16364 Hz, 1.84 s"
4365,/voice/NA00_0703_006_057.ahx,92403712,92430397,26685,audio,"CRI AHX, 1 ch, 16364 Hz, 4.96 s"
4366,/voice/NA00_0703_006_057_1.ahx,92430848,92458712,27864,audio,"CRI AHX, 1 ch, 16364 Hz, 5.83 s"
4367,/voice/NA00_0703_006_059.ahx,92459008,92494665,35657,audio,"CRI AHX, 1 ch, 16364 Hz, 8.65 s"
4368,/voice/NA00_0703_006_059_1.ahx,92494848,92515992,21144,audio,"CRI AHX, 1 ch, 16364 Hz, 4.55 s"
4369,/voice/NA00_0703_006_061.ahx,92516352,92551253,34901,audio,"CRI AHX, 1 ch, 16364 Hz, 7.87 s"
4370,/voice/NA00_0703_006_061_1.ahx,92551680,92574636,22956,audio,"CRI AHX, 1 ch, 16364 Hz, 5.17 s"
4371,/voice/NA00_0703_006_063.ahx,92574720,92591974,17254,audio,"CRI AHX, 1 ch, 16364 Hz, 2.94 s"
4372,/voice/NA00_0703_006_063_1.ahx,92592128,92622725,30597,audio,"CRI AHX, 1 ch, 16364 Hz, 5.84 s"
4373,/voice/NA00_0703_006_063_2.ahx,92622848,92652381,29533,audio,"CRI AHX, 1 ch, 16364 Hz, 6.50 s"
4374,/voice/NA00_0703_006_065.ahx,92652544,92672001,19457,audio,"CRI AHX, 1 ch, 16364 Hz, 3.30 s"
4375,/voice/NA00_0703_006_065_1.ahx,92672512,92691405,18893,audio,"CRI AHX, 1 ch, 16364 Hz, 3.63 s"
4376,/voice/NA00_0703_006_067.ahx,92691456,92715513,24057,audio,"CRI AHX, 1 ch, 16364 Hz, 5.66 s"
4377,/voice/NA00_0703_006_067_1.ahx,92715520,92731150,15630,audio,"CRI AHX, 1 ch, 16364 Hz, 3.52 s"
4378,/voice/NA00_0703_006_074.ahx,92731392,92750055,18663,audio,"CRI AHX, 1 ch, 16364 Hz, 3.62 s"
4379,/voice/NA00_0703_006_075.ahx,92750336,92770050,19714,audio,"CRI AHX, 1 ch, 16364 Hz, 4.05 s"
4380,/voice/NA00_0703_006_077.ahx,92770304,92784824,14520,audio,"CRI AHX, 1 ch, 16364 Hz, 2.51 s"
4381,/voice/NA00_0703_006_079.ahx,92785152,92809335,24183,audio,"CRI AHX, 1 ch, 16364 Hz, 4.89 s"
4382,/voice/NA00_0703_007_073.ahx,92809728,92845557,35829,audio,"CRI AHX, 1 ch, 16364 Hz, 6.50 s"
4383,/voice/NA00_0703_007_076.ahx,92845568,92868687,23119,audio,"CRI AHX, 1 ch, 16364 Hz, 4.80 s"
4384,/voice/NA00_0703_027_010.ahx,92869120,92902828,33708,audio,"CRI AHX, 1 ch, 16364 Hz, 7.18 s"
4385,/voice/NA00_0703_027_010_1.ahx,92902912,92938242,35330,audio,"CRI AHX, 1 ch, 16364 Hz, 7.29 s"
4386,/voice/NA00_0703_027_013.ahx,92938752,92973531,34779,audio,"CRI AHX, 1 ch, 16364 Hz, 7.84 s"
4387,/voice/NA00_0703_027_015.ahx,92973568,92979811,6243,audio,"CRI AHX, 1 ch, 16364 Hz, 1.57 s"
4388,/voice/NA00_0703_027_015_1.ahx,92980224,93007218,26994,audio,"CRI AHX, 1 ch, 16364 Hz, 5.75 s"
4389,/voice/NA00_0703_027_018.ahx,93007360,93011893,4533,audio,"CRI AHX, 1 ch, 16364 Hz, 1.31 s"
4390,/voice/NA00_0703_027_020.ahx,93011968,93032395,20427,audio,"CRI AHX, 1 ch, 16364 Hz, 5.40 s"
4391,/voice/NA00_0703_027_020_1.ahx,93032448,93041437,8989,audio,"CRI AHX, 1 ch, 16364 Hz, 2.52 s"
4392,/voice/NA00_0703_027_023.ahx,93041664,93069410,27746,audio,"CRI AHX, 1 ch, 16364 Hz, 5.80 s"
4393,/voice/NA00_0703_027_025.ahx,93069824,93099757,29933,audio,"CRI AHX, 1 ch, 16364 Hz, 6.27 s"
4394,/voice/NA00_0703_027_027.ahx,93100032,93102414,2382,audio,"CRI AHX, 1 ch, 16364 Hz, 0.38 s"
4395,/voice/NA00_0703_027_029.ahx,93102592,93111023,8431,audio,"CRI AHX, 1 ch, 16364 Hz, 1.42 s"
4396,/voice/NA00_0703_027_031.ahx,93111296,93133859,22563,audio,"CRI AHX, 1 ch, 16364 Hz, 5.27 s"
4397,/voice/NA00_0703_027_031_1.ahx,93134336,93152660,18324,audio,"CRI AHX, 1 ch, 16364 Hz, 4.15 s"
4398,/voice/NA00_0703_027_032.ahx,93152768,93160062,7294,audio,"CRI AHX, 1 ch, 16364 Hz, 1.22 s"
4399,/voice/NA00_0703_028_012.ahx,93160448,93176283,15835,audio,"CRI AHX, 1 ch, 16364 Hz, 3.60 s"
4400,/voice/NA00_0703_029_011.ahx,93176320,93205171,28851,audio,"CRI AHX, 1 ch, 16364 Hz, 5.85 s"
4401,/voice/NA00_0703_030_022.ahx,93205504,93210748,5244,audio,"CRI AHX, 1 ch, 16364 Hz, 0.87 s"
4402,/voice/NA00_0703_030_024.ahx,93211136,93227269,16133,audio,"CRI AHX, 1 ch, 16364 Hz, 5.12 s"
4403,/voice/NA00_0703_030_024_1.ahx,93227520,93258001,30481,audio,"CRI AHX, 1 ch, 16364 Hz, 6.23 s"
4404,/voice/NA00_0703_030_026.ahx,93258240,93287248,29008,audio,"CRI AHX, 1 ch, 16364 Hz, 6.54 s"
4405,/voice/NA00_0703_030_026_1.ahx,93287424,93316961,29537,audio,"CRI AHX, 1 ch, 16364 Hz, 6.76 s"
4406,/voice/NA00_0703_030_028.ahx,93317120,93320922,3802,audio,"CRI AHX, 1 ch, 16364 Hz, 0.65 s"
4407,/voice/NA00_0703_030_028_1.ahx,93321216,93360884,39668,audio,"CRI AHX, 1 ch, 16364 Hz, 8.99 s"
4408,/voice/NA00_0703_030_030.ahx,93361152,93386060,24908,audio,"CRI AHX, 1 ch, 16364 Hz, 5.40 s"
4409,/voice/NA00_0703_032_014.ahx,93386240,93418302,32062,audio,"CRI AHX, 1 ch, 16364 Hz, 6.48 s"
4410,/voice/NA00_0703_032_014_1.ahx,93418496,93456918,38422,audio,"CRI AHX, 1 ch, 16364 Hz, 7.29 s"
4411,/voice/NA00_0703_032_016.ahx,93457408,93494354,36946,audio,"CRI AHX, 1 ch, 16364 Hz, 8.62 s"
4412,/voice/NA00_0703_034_017.ahx,93494784,93511214,16430,audio,"CRI AHX, 1 ch, 16364 Hz, 3.48 s"
4413,/voice/NA00_0703_034_019.ahx,93511680,93532920,21240,audio,"CRI AHX, 1 ch, 16364 Hz, 5.03 s"
4414,/voice/NA00_0703_034_021.ahx,93533184,93537578,4394,audio,"CRI AHX, 1 ch, 16364 Hz, 0.75 s"
4415,/voice/NA00_0703_108_008.ahx,93537792,93575059,37267,audio,"CRI AHX, 1 ch, 16364 Hz, 8.23 s"
4416,/voice/NA00_0703_108_009.ahx,93575168,93599521,24353,audio,"CRI AHX, 1 ch, 16364 Hz, 4.98 s"
4417,/voice/NA00_0703_221_044.ahx,93599744,93603121,3377,audio,"CRI AHX, 1 ch, 16364 Hz, 0.56 s"
4418,/voice/NA00_0704_001_015.ahx,93603328,93618079,14751,audio,"CRI AHX, 1 ch, 16364 Hz, 3.35 s"
4419,/voice/NA00_0704_001_017.ahx,93618176,93636660,18484,audio,"CRI AHX, 1 ch, 16364 Hz, 3.27 s"
4420,/voice/NA00_0704_001_030.ahx,93637120,93665484,28364,audio,"CRI AHX, 1 ch, 16364 Hz, 5.54 s"
4421,/voice/NA00_0704_001_030_1.ahx,93665792,93694550,28758,audio,"CRI AHX, 1 ch, 16364 Hz, 5.93 s"
4422,/voice/NA00_0704_001_032.ahx,93694976,93708258,13282,audio,"CRI AHX, 1 ch, 16364 Hz, 2.92 s"
4423,/voice/NA00_0704_002_003.ahx,93708288,93716122,7834,audio,"CRI AHX, 1 ch, 16364 Hz, 1.30 s"
4424,/voice/NA00_0704_002_016.ahx,93716480,93722372,5892,audio,"CRI AHX, 1 ch, 16364 Hz, 1.00 s"
4425,/voice/NA00_0704_003_001.ahx,93722624,93726005,3381,audio,"CRI AHX, 1 ch, 16364 Hz, 0.53 s"
4426,/voice/NA00_0704_003_026.ahx,93726208,93760602,34394,audio,"CRI AHX, 1 ch, 16364 Hz, 7.64 s"
4427,/voice/NA00_0704_004_004.ahx,93761024,93805148,44124,audio,"CRI AHX, 1 ch, 16364 Hz, 8.66 s"
4428,/voice/NA00_0704_004_005.ahx,93805568,93810234,4666,audio,"CRI AHX, 1 ch, 16364 Hz, 0.78 s"
4429,/voice/NA00_0704_004_006.ahx,93810688,93846035,35347,audio,"CRI AHX, 1 ch, 16364 Hz, 6.93 s"
4430,/voice/NA00_0704_004_014.ahx,93846528,93872346,25818,audio,"CRI AHX, 1 ch, 16364 Hz, 5.72 s"
4431,/voice/NA00_0704_004_019.ahx,93872640,93889353,16713,audio,"CRI AHX, 1 ch, 16364 Hz, 3.46 s"
4432,/voice/NA00_0704_004_024.ahx,93889536,93911262,21726,audio,"CRI AHX, 1 ch, 16364 Hz, 4.11 s"
4433,/voice/NA00_0704_005_002.ahx,93911552,93922742,11190,audio,"CRI AHX, 1 ch, 16364 Hz, 2.76 s"
4434,/voice/NA00_0704_005_018.ahx,93922816,93954241,31425,audio,"CRI AHX, 1 ch, 16364 Hz, 7.14 s"
4435,/voice/NA00_0704_005_023.ahx,93954560,93986190,31630,audio,"CRI AHX, 1 ch, 16364 Hz, 7.58 s"
4436,/voice/NA00_0704_005_028.ahx,93986304,94020544,34240,audio,"CRI AHX, 1 ch, 16364 Hz, 6.30 s"
4437,/voice/NA00_0704_006_008.ahx,94020608,94030304,9696,audio,"CRI AHX, 1 ch, 16364 Hz, 2.92 s"
4438,/voice/NA00_0704_006_010.ahx,94030336,94034128,3792,audio,"CRI AHX, 1 ch, 16364 Hz, 0.66 s"
4439,/voice/NA00_0704_006_010_1.ahx,94034432,94053445,19013,audio,"CRI AHX, 1 ch, 16364 Hz, 4.80 s"
4440,/voice/NA00_0704_006_012.ahx,94053888,94080123,26235,audio,"CRI AHX, 1 ch, 16364 Hz, 5.41 s"
4441,/voice/NA00_0704_006_021.ahx,94080512,94104110,23598,audio,"CRI AHX, 1 ch, 16364 Hz, 4.72 s"
4442,/voice/NA00_0704_006_033.ahx,94104576,94113260,8684,audio,"CRI AHX, 1 ch, 16364 Hz, 1.54 s"
4443,/voice/NA00_0704_006_035.ahx,94113280,94118904,5624,audio,"CRI AHX, 1 ch, 16364 Hz, 1.17 s"
4444,/voice/NA00_0704_010_007.ahx,94118912,94146431,27519,audio,"CRI AHX, 1 ch, 16364 Hz, 7.36 s"
4445,/voice/NA00_0704_010_009.ahx,94146560,94156081,9521,audio,"CRI AHX, 1 ch, 16364 Hz, 2.19 s"
4446,/voice/NA00_0704_010_011.ahx,94156288,94171787,15499,audio,"CRI AHX, 1 ch, 16364 Hz, 3.73 s"
4447,/voice/NA00_0704_010_013.ahx,94172160,94195774,23614,audio,"CRI AHX, 1 ch, 16364 Hz, 4.25 s"
4448,/voice/NA00_0704_010_013_1.ahx,94196224,94201307,5083,audio,"CRI AHX, 1 ch, 16364 Hz, 0.84 s"
4449,/voice/NA00_0704_010_020.ahx,94201344,94224788,23444,audio,"CRI AHX, 1 ch, 16364 Hz, 4.40 s"
4450,/voice/NA00_0704_010_022.ahx,94224896,94238872,13976,audio,"CRI AHX, 1 ch, 16364 Hz, 2.76 s"
4451,/voice/NA00_0704_010_025.ahx,94239232,94253263,14031,audio,"CRI AHX, 1 ch, 16364 Hz, 2.96 s"
4452,/voice/NA00_0704_010_025_1.ahx,94253568,94270729,17161,audio,"CRI AHX, 1 ch, 16364 Hz, 3.22 s"
4453,/voice/NA00_0704_010_027.ahx,94270976,94280845,9869,audio,"CRI AHX, 1 ch, 16364 Hz, 2.29 s"
4454,/voice/NA00_0704_010_027_1.ahx,94281216,94317091,35875,audio,"CRI AHX, 1 ch, 16364 Hz, 7.06 s"
4455,/voice/NA00_0704_010_029.ahx,94317568,94321784,4216,audio,"CRI AHX, 1 ch, 16364 Hz, 0.68 s"
4456,/voice/NA00_0704_010_029_1.ahx,94322176,94337577,15401,audio,"CRI AHX, 1 ch, 16364 Hz, 3.13 s"
4457,/voice/NA00_0704_010_029_2.ahx,94338048,94363749,25701,audio,"CRI AHX, 1 ch, 16364 Hz, 5.51 s"
4458,/voice/NA00_0704_010_031.ahx,94364160,94375776,11616,audio,"CRI AHX, 1 ch, 16364 Hz, 2.85 s"
4459,/voice/NA00_0704_010_031_1.ahx,94375936,94400007,24071,audio,"CRI AHX, 1 ch, 16364 Hz, 5.26 s"
4460,/voice/NA00_0704_010_034.ahx,94400512,94406991,6479,audio,"CRI AHX, 1 ch, 16364 Hz, 1.08 s"
4461,/voice/NA00_0704_010_036.ahx,94407168,94427305,20137,audio,"CRI AHX, 1 ch, 16364 Hz, 4.61 s"
4462,/voice/NA00_0804_001_003.ahx,94427648,94432964,5316,audio,"CRI AHX, 1 ch, 16364 Hz, 0.94 s"
4463,/voice/NA00_0804_001_005.ahx,94433280,94435786,2506,audio,"CRI AHX, 1 ch, 16364 Hz, 0.42 s"
4464,/voice/NA00_0804_002_001.ahx,94435840,94446221,10381,audio,"CRI AHX, 1 ch, 16364 Hz, 2.21 s"
4465,/voice/NA00_0804_007_002.ahx,94446592,94472298,25706,audio,"CRI AHX, 1 ch, 16364 Hz, 4.86 s"
4466,/voice/NA00_0804_007_004.ahx,94472704,94499437,26733,audio,"CRI AHX, 1 ch, 16364 Hz, 5.38 s"
4467,/voice/NA00_0903_002_001.ahx,94499840,94511430,11590,audio,"CRI AHX, 1 ch, 16364 Hz, 2.33 s"
4468,/voice/NA00_0903_002_010.ahx,94511616,94538342,26726,audio,"CRI AHX, 1 ch, 16364 Hz, 4.73 s"
4469,/voice/NA00_0903_003_002.ahx,94538752,94561098,22346,audio,"CRI AHX, 1 ch, 16364 Hz, 4.53 s"
4470,/voice/NA00_0903_003_009.ahx,94561280,94572268,10988,audio,"CRI AHX, 1 ch, 16364 Hz, 1.94 s"
4471,/voice/NA00_0903_004_005.ahx,94572544,94583347,10803,audio,"CRI AHX, 1 ch, 16364 Hz, 1.80 s"
4472,/voice/NA00_0903_004_005_1.ahx,94583808,94626195,42387,audio,"CRI AHX, 1 ch, 16364 Hz, 8.63 s"
4473,/voice/NA00_0903_004_007.ahx,94626304,94630945,4641,audio,"CRI AHX, 1 ch, 16364 Hz, 0.76 s"
4474,/voice/NA00_0903_004_011.ahx,94631424,94637263,5839,audio,"CRI AHX, 1 ch, 16364 Hz, 0.98 s"
4475,/voice/NA00_0903_004_011_1.ahx,94637568,94670482,32914,audio,"CRI AHX, 1 ch, 16364 Hz, 7.25 s"
4476,/voice/NA00_0903_004_011_2.ahx,94670848,94689152,18304,audio,"CRI AHX, 1 ch, 16364 Hz, 4.10 s"
4477,/voice/NA00_0903_006_003.ahx,94689280,94697595,8315,audio,"CRI AHX, 1 ch, 16364 Hz, 1.37 s"
4478,/voice/NA00_0903_006_006.ahx,94697984,94707137,9153,audio,"CRI AHX, 1 ch, 16364 Hz, 1.53 s"
4479,/voice/NA00_0903_006_008.ahx,94707200,94716788,9588,audio,"CRI AHX, 1 ch, 16364 Hz, 1.98 s"
4480,/voice/NA00_0903_007_004.ahx,94716928,94730982,14054,audio,"CRI AHX, 1 ch, 16364 Hz, 2.75 s"
4481,/voice/NA00_0903_228_011_3.ahx,94731264,94735079,3815,audio,"CRI AHX, 1 ch, 16364 Hz, 0.81 s"
4482,/voice/NA00_1003_001_002.ahx,94735360,94749871,14511,audio,"CRI AHX, 1 ch, 16364 Hz, 3.57 s"
4483,/voice/NA00_1003_001_004.ahx,94750208,94769035,18827,audio,"CRI AHX, 1 ch, 16364 Hz, 4.35 s"
4484,/voice/NA00_1003_001_007.ahx,94769152,94781123,11971,audio,"CRI AHX, 1 ch, 16364 Hz, 2.07 s"
4485,/voice/NA00_1003_001_009.ahx,94781440,94803480,22040,audio,"CRI AHX, 1 ch, 16364 Hz, 5.03 s"
4486,/voice/NA00_1003_001_011.ahx,94803968,94808560,4592,audio,"CRI AHX, 1 ch, 16364 Hz, 0.75 s"
4487,/voice/NA00_1003_001_011_1.ahx,94808576,94814516,5940,audio,"CRI AHX, 1 ch, 16364 Hz, 1.06 s"
4488,/voice/NA00_1003_001_018.ahx,94814720,94819320,4600,audio,"CRI AHX, 1 ch, 16364 Hz, 0.79 s"
4489,/voice/NA00_1003_001_020.ahx,94819328,94833707,14379,audio,"CRI AHX, 1 ch, 16364 Hz, 4.05 s"
4490,/voice/NA00_1003_001_022.ahx,94834176,94842768,8592,audio,"CRI AHX, 1 ch, 16364 Hz, 1.87 s"
4491,/voice/NA00_1003_001_024.ahx,94842880,94851312,8432,audio,"CRI AHX, 1 ch, 16364 Hz, 1.72 s"
4492,/voice/NA00_1003_001_026.ahx,94851584,94869081,17497,audio,"CRI AHX, 1 ch, 16364 Hz, 3.21 s"
4493,/voice/NA00_1003_001_028.ahx,94869504,94881201,11697,audio,"CRI AHX, 1 ch, 16364 Hz, 2.76 s"
4494,/voice/NA00_1003_001_030.ahx,94881280,94896698,15418,audio,"CRI AHX, 1 ch, 16364 Hz, 2.60 s"
4495,/voice/NA00_1003_001_032.ahx,94897152,94921978,24826,audio,"CRI AHX, 1 ch, 16364 Hz, 5.10 s"
4496,/voice/NA00_1003_001_034.ahx,94922240,94938480,16240,audio,"CRI AHX, 1 ch, 16364 Hz, 3.37 s"
4497,/voice/NA00_1003_001_034_1.ahx,94938624,94960003,21379,audio,"CRI AHX, 1 ch, 16364 Hz, 5.26 s"
4498,/voice/NA00_1003_001_036.ahx,94960128,94973863,13735,audio,"CRI AHX, 1 ch, 16364 Hz, 2.91 s"
4499,/voice/NA00_1003_001_038.ahx,94973952,94996456,22504,audio,"CRI AHX, 1 ch, 16364 Hz, 6.04 s"
4500,/voice/NA00_1003_001_040.ahx,94996480,95002736,6256,audio,"CRI AHX, 1 ch, 16364 Hz, 1.74 s"
4501,/voice/NA00_1003_001_042.ahx,95003136,95019653,16517,audio,"CRI AHX, 1 ch, 16364 Hz, 3.54 s"
4502,/voice/NA00_1003_001_045.ahx,95020032,95025315,5283,audio,"CRI AHX, 1 ch, 16364 Hz, 0.98 s"
4503,/voice/NA00_1003_001_047.ahx,95025664,95052119,26455,audio,"CRI AHX, 1 ch, 16364 Hz, 4.96 s"
4504,/voice/NA00_1003_001_049.ahx,95052288,95097062,44774,audio,"CRI AHX, 1 ch, 16364 Hz, 9.41 s"
4505,/voice/NA00_1003_001_051.ahx,95097344,95109073,11729,audio,"CRI AHX, 1 ch, 16364 Hz, 2.27 s"
4506,/voice/NA00_1003_001_053.ahx,95109120,95120135,11015,audio,"CRI AHX, 1 ch, 16364 Hz, 2.57 s"
4507,/voice/NA00_1003_002_044.ahx,95120384,95134231,13847,audio,"CRI AHX, 1 ch, 16364 Hz, 3.31 s"
4508,/voice/NA00_1003_002_046.ahx,95134720,95177583,42863,audio,"CRI AHX, 1 ch, 16364 Hz, 8.60 s"
4509,/voice/NA00_1003_002_048.ahx,95177728,95192114,14386,audio,"CRI AHX, 1 ch, 16364 Hz, 2.46 s"
4510,/voice/NA00_1003_002_048_1.ahx,95192576,95199464,6888,audio,"CRI AHX, 1 ch, 16364 Hz, 1.65 s"
4511,/voice/NA00_1003_002_050.ahx,95199744,95204150,4406,audio,"CRI AHX, 1 ch, 16364 Hz, 1.00 s"
4512,/voice/NA00_1003_002_052.ahx,95204352,95241452,37100,audio,"CRI AHX, 1 ch, 16364 Hz, 7.92 s"
4513,/voice/NA00_1003_008_001.ahx,95241728,95244953,3225,audio,"CRI AHX, 1 ch, 16364 Hz, 0.52 s"
4514,/voice/NA00_1003_008_003.ahx,95245312,95265268,19956,audio,"CRI AHX, 1 ch, 16364 Hz, 4.30 s"
4515,/voice/NA00_1003_008_005.ahx,95265280,95279036,13756,audio,"CRI AHX, 1 ch, 16364 Hz, 2.95 s"
4516,/voice/NA00_1003_008_005_1.ahx,95279104,95287985,8881,audio,"CRI AHX, 1 ch, 16364 Hz, 1.51 s"
4517,/voice/NA00_1003_008_006.ahx,95288320,95291326,3006,audio,"CRI AHX, 1 ch, 16364 Hz, 0.48 s"
4518,/voice/NA00_1003_008_006_1.ahx,95291392,95311186,19794,audio,"CRI AHX, 1 ch, 16364 Hz, 4.79 s"
4519,/voice/NA00_1003_008_008.ahx,95311360,95334795,23435,audio,"CRI AHX, 1 ch, 16364 Hz, 4.81 s"
4520,/voice/NA00_1003_008_010.ahx,95334912,95350084,15172,audio,"CRI AHX, 1 ch, 16364 Hz, 3.61 s"
4521,/voice/NA00_1003_008_010_1.ahx,95350272,95370606,20334,audio,"CRI AHX, 1 ch, 16364 Hz, 4.36 s"
4522,/voice/NA00_1003_008_010_2.ahx,95370752,95377440,6688,audio,"CRI AHX, 1 ch, 16364 Hz, 1.83 s"
4523,/voice/NA00_1003_008_019.ahx,95377920,95392005,14085,audio,"CRI AHX, 1 ch, 16364 Hz, 3.07 s"
4524,/voice/NA00_1003_008_021.ahx,95392256,95430741,38485,audio,"CRI AHX, 1 ch, 16364 Hz, 8.89 s"
4525,/voice/NA00_1003_008_023.ahx,95431168,95454093,22925,audio,"CRI AHX, 1 ch, 16364 Hz, 4.95 s"
4526,/voice/NA00_1003_008_023_1.ahx,95454208,95475149,20941,audio,"CRI AHX, 1 ch, 16364 Hz, 4.87 s"
4527,/voice/NA00_1003_008_025.ahx,95475200,95506941,31741,audio,"CRI AHX, 1 ch, 16364 Hz, 7.49 s"
4528,/voice/NA00_1003_008_027.ahx,95506944,95531044,24100,audio,"CRI AHX, 1 ch, 16364 Hz, 4.76 s"
4529,/voice/NA00_1003_008_027_1.ahx,95531520,95555494,23974,audio,"CRI AHX, 1 ch, 16364 Hz, 4.64 s"
4530,/voice/NA00_1003_008_029.ahx,95555584,95573987,18403,audio,"CRI AHX, 1 ch, 16364 Hz, 3.44 s"
4531,/voice/NA00_1003_008_029_1.ahx,95574016,95602141,28125,audio,"CRI AHX, 1 ch, 16364 Hz, 5.47 s"
4532,/voice/NA00_1003_008_029_2.ahx,95602176,95630650,28474,audio,"CRI AHX, 1 ch, 16364 Hz, 5.94 s"
4533,/voice/NA00_1003_008_029_3.ahx,95630848,95670661,39813,audio,"CRI AHX, 1 ch, 16364 Hz, 9.09 s"
4534,/voice/NA00_1003_008_031.ahx,95670784,95696826,26042,audio,"CRI AHX, 1 ch, 16364 Hz, 5.46 s"
4535,/voice/NA00_1003_008_033.ahx,95696896,95732604,35708,audio,"CRI AHX, 1 ch, 16364 Hz, 8.10 s"
4536,/voice/NA00_1003_008_033_1.ahx,95732736,95751461,18725,audio,"CRI AHX, 1 ch, 16364 Hz, 4.58 s"
4537,/voice/NA00_1003_008_035.ahx,95751680,95771809,20129,audio,"CRI AHX, 1 ch, 16364 Hz, 5.97 s"
4538,/voice/NA00_1003_008_037.ahx,95772160,95800414,28254,audio,"CRI AHX, 1 ch, 16364 Hz, 8.58 s"
4539,/voice/NA00_1003_008_039.ahx,95800832,95818652,17820,audio,"CRI AHX, 1 ch, 16364 Hz, 3.36 s"
4540,/voice/NA00_1003_008_041.ahx,95818752,95843493,24741,audio,"CRI AHX, 1 ch, 16364 Hz, 7.70 s"
4541,/voice/NA00_1003_008_041_1.ahx,95843840,95857995,14155,audio,"CRI AHX, 1 ch, 16364 Hz, 2.41 s"
4542,/voice/NA00_1003_008_043.ahx,95858176,95873870,15694,audio,"CRI AHX, 1 ch, 16364 Hz, 3.76 s"
4543,/voice/NA00_1003_008_043_1.ahx,95874048,95892776,18728,audio,"CRI AHX, 1 ch, 16364 Hz, 4.70 s"
4544,/voice/NA00_1003_027_013.ahx,95892992,95920254,27262,audio,"CRI AHX, 1 ch, 16364 Hz, 6.25 s"
4545,/voice/NA00_1003_027_015.ahx,95920640,95949383,28743,audio,"CRI AHX, 1 ch, 16364 Hz, 6.85 s"
4546,/voice/NA00_1003_027_015_1.ahx,95949824,95972991,23167,audio,"CRI AHX, 1 ch, 16364 Hz, 4.52 s"
4547,/voice/NA00_1003_034_012.ahx,95973376,95985135,11759,audio,"CRI AHX, 1 ch, 16364 Hz, 2.42 s"
4548,/voice/NA00_1003_034_014.ahx,95985152,96009914,24762,audio,"CRI AHX, 1 ch, 16364 Hz, 5.25 s"
4549,/voice/NA00_1003_034_014_1.ahx,96010240,96031240,21000,audio,"CRI AHX, 1 ch, 16364 Hz, 4.84 s"
4550,/voice/NA00_1003_034_014_2.ahx,96031744,96051576,19832,audio,"CRI AHX, 1 ch, 16364 Hz, 4.06 s"
4551,/voice/NA00_1003_034_016.ahx,96051712,96078231,26519,audio,"CRI AHX, 1 ch, 16364 Hz, 5.86 s"
4552,/voice/NA00_1003_034_016_1.ahx,96078336,96115100,36764,audio,"CRI AHX, 1 ch, 16364 Hz, 9.23 s"
4553,/voice/NA00_1003_034_017.ahx,96115200,96139983,24783,audio,"CRI AHX, 1 ch, 16364 Hz, 8.13 s"
4554,/voice/NA00_1103_001_001.ahx,96140288,96150341,10053,audio,"CRI AHX, 1 ch, 16364 Hz, 2.09 s"
4555,/voice/NA00_1103_001_001_1.ahx,96150528,96157901,7373,audio,"CRI AHX, 1 ch, 16364 Hz, 1.49 s"
4556,/voice/NA00_1103_001_002.ahx,96158208,96161227,3019,audio,"CRI AHX, 1 ch, 16364 Hz, 0.47 s"
4557,/voice/NA00_1103_001_003.ahx,96161280,96165074,3794,audio,"CRI AHX, 1 ch, 16364 Hz, 0.63 s"
4558,/voice/NA00_1103_001_005.ahx,96165376,96174381,9005,audio,"CRI AHX, 1 ch, 16364 Hz, 2.61 s"
4559,/voice/NA00_1103_001_007.ahx,96174592,96184495,9903,audio,"CRI AHX, 1 ch, 16364 Hz, 2.04 s"
4560,/voice/NA00_1103_001_009.ahx,96184832,96204408,19576,audio,"CRI AHX, 1 ch, 16364 Hz, 4.27 s"
4561,/voice/NA00_1103_006_004.ahx,96204800,96222171,17371,audio,"CRI AHX, 1 ch, 16364 Hz, 3.26 s"
4562,/voice/NA00_1103_006_008.ahx,96222208,96241093,18885,audio,"CRI AHX, 1 ch, 16364 Hz, 4.45 s"
4563,/voice/NA00_1103_008_006.ahx,96241152,96296017,54865,audio,"CRI AHX, 1 ch, 16364 Hz, 9.73 s"
4564,/voice/NA00_1104_001_001.ahx,96296448,96300712,4264,audio,"CRI AHX, 1 ch, 16364 Hz, 0.71 s"
4565,/voice/NA00_1104_001_006.ahx,96301056,96331632,30576,audio,"CRI AHX, 1 ch, 16364 Hz, 6.16 s"
4566,/voice/NA00_1104_001_006_1.ahx,96331776,96369564,37788,audio,"CRI AHX, 1 ch, 16364 Hz, 7.46 s"
4567,/voice/NA00_1104_001_008.ahx,96369664,96409223,39559,audio,"CRI AHX, 1 ch, 16364 Hz, 7.77 s"
4568,/voice/NA00_1104_001_008_1.ahx,96409600,96428767,19167,audio,"CRI AHX, 1 ch, 16364 Hz, 5.07 s"
4569,/voice/NA00_1104_001_010.ahx,96429056,96431630,2574,audio,"CRI AHX, 1 ch, 16364 Hz, 0.42 s"
4570,/voice/NA00_1104_001_017.ahx,96432128,96441252,9124,audio,"CRI AHX, 1 ch, 16364 Hz, 1.62 s"
4571,/voice/NA00_1104_001_019.ahx,96441344,96474055,32711,audio,"CRI AHX, 1 ch, 16364 Hz, 7.14 s"
4572,/voice/NA00_1104_001_019_1.ahx,96474112,96500360,26248,audio,"CRI AHX, 1 ch, 16364 Hz, 5.67 s"
4573,/voice/NA00_1104_001_019_2.ahx,96500736,96531565,30829,audio,"CRI AHX, 1 ch, 16364 Hz, 6.92 s"
4574,/voice/NA00_1104_001_019_3.ahx,96531968,96557266,25298,audio,"CRI AHX, 1 ch, 16364 Hz, 4.61 s"
4575,/voice/NA00_1104_001_019_4.ahx,96557568,96589268,31700,audio,"CRI AHX, 1 ch, 16364 Hz, 7.66 s"
4576,/voice/NA00_1104_001_021.ahx,96589312,96599947,10635,audio,"CRI AHX, 1 ch, 16364 Hz, 2.56 s"
4577,/voice/NA00_1104_002_002.ahx,96600064,96625371,25307,audio,"CRI AHX, 1 ch, 16364 Hz, 4.77 s"
4578,/voice/NA00_1104_002_004.ahx,96625664,96645872,20208,audio,"CRI AHX, 1 ch, 16364 Hz, 3.94 s"
4579,/voice/NA00_1104_002_012.ahx,96646144,96653159,7015,audio,"CRI AHX, 1 ch, 16364 Hz, 1.18 s"
4580,/voice/NA00_1104_002_014.ahx,96653312,96660542,7230,audio,"CRI AHX, 1 ch, 16364 Hz, 1.26 s"
4581,/voice/NA00_1104_003_013.ahx,96660992,96669325,8333,audio,"CRI AHX, 1 ch, 16364 Hz, 1.40 s"
4582,/voice/NA00_1104_003_013_1.ahx,96669696,96678974,9278,audio,"CRI AHX, 1 ch, 16364 Hz, 1.72 s"
4583,/voice/NA00_1104_003_015.ahx,96679424,96690686,11262,audio,"CRI AHX, 1 ch, 16364 Hz, 2.72 s"
4584,/voice/NA00_1104_004_003.ahx,96690688,96698133,7445,audio,"CRI AHX, 1 ch, 16364 Hz, 1.33 s"
4585,/voice/NA00_1104_008_005.ahx,96698368,96718107,19739,audio,"CRI AHX, 1 ch, 16364 Hz, 4.38 s"
4586,/voice/NA00_1104_008_005_1.ahx,96718336,96738905,20569,audio,"CRI AHX, 1 ch, 16364 Hz, 4.73 s"
4587,/voice/NA00_1104_008_007.ahx,96739328,96744361,5033,audio,"CRI AHX, 1 ch, 16364 Hz, 0.86 s"
4588,/voice/NA00_1104_008_009.ahx,96744448,96780473,36025,audio,"CRI AHX, 1 ch, 16364 Hz, 7.89 s"
4589,/voice/NA00_1104_008_009_1.ahx,96780800,96802444,21644,audio,"CRI AHX, 1 ch, 16364 Hz, 6.80 s"
4590,/voice/NA00_1104_008_009_2.ahx,96802816,96809978,7162,audio,"CRI AHX, 1 ch, 16364 Hz, 1.20 s"
4591,/voice/NA00_1104_008_016.ahx,96809984,96853573,43589,audio,"CRI AHX, 1 ch, 16364 Hz, 10.73 s"
4592,/voice/NA00_1104_008_016_1.ahx,96854016,96888141,34125,audio,"CRI AHX, 1 ch, 16364 Hz, 9.66 s"
4593,/voice/NA00_1104_008_018.ahx,96888320,96924372,36052,audio,"CRI AHX, 1 ch, 16364 Hz, 8.25 s"
4594,/voice/NA00_1104_008_018_1.ahx,96924672,96941945,17273,audio,"CRI AHX, 1 ch, 16364 Hz, 4.17 s"
4595,/voice/NA00_1104_008_020.ahx,96942080,96946744,4664,audio,"CRI AHX, 1 ch, 16364 Hz, 0.74 s"
4596,/voice/NA00_1104_226_011.ahx,96947200,96951363,4163,audio,"CRI AHX, 1 ch, 16364 Hz, 0.68 s"
4597,/voice/NA00_1105_001_001.ahx,96951808,96959703,7895,audio,"CRI AHX, 1 ch, 16364 Hz, 1.94 s"
4598,/voice/NA00_1105_001_007.ahx,96960000,96960263,263,audio,"CRI AHX, 1 ch, 16364 Hz, 1.00 s"
4599,/voice/NA00_1105_002_002.ahx,96960512,96966823,6311,audio,"CRI AHX, 1 ch, 16364 Hz, 1.06 s"
4600,/voice/NA00_1105_002_005.ahx,96967168,96977438,10270,audio,"CRI AHX, 1 ch, 16364 Hz, 2.17 s"
4601,/voice/NA00_1105_002_008.ahx,96977920,96978183,263,audio,"CRI AHX, 1 ch, 16364 Hz, 1.00 s"
4602,/voice/NA00_1105_008_003.ahx,96978432,96993808,15376,audio,"CRI AHX, 1 ch, 16364 Hz, 3.59 s"
4603,/voice/NA00_1105_008_004.ahx,96994304,97013565,19261,audio,"CRI AHX, 1 ch, 16364 Hz, 4.29 s"
4604,/voice/NA00_1105_008_006.ahx,97013760,97022084,8324,audio,"CRI AHX, 1 ch, 16364 Hz, 2.52 s"
4605,/voice/NA00_1108_001_026.ahx,97022464,97053491,31027,audio,"CRI AHX, 1 ch, 16364 Hz, 7.58 s"
4606,/voice/NA00_1108_001_028.ahx,97053696,97056619,2923,audio,"CRI AHX, 1 ch, 16364 Hz, 0.51 s"
4607,/voice/NA00_1108_001_034.ahx,97056768,97077820,21052,audio,"CRI AHX, 1 ch, 16364 Hz, 5.55 s"
4608,/voice/NA00_1108_001_034_1.ahx,97078272,97115395,37123,audio,"CRI AHX, 1 ch, 16364 Hz, 8.89 s"
4609,/voice/NA00_1108_001_038.ahx,97115648,97145069,29421,audio,"CRI AHX, 1 ch, 16364 Hz, 6.94 s"
4610,/voice/NA00_1108_001_039.ahx,97145344,97151211,5867,audio,"CRI AHX, 1 ch, 16364 Hz, 0.98 s"
4611,/voice/NA00_1108_002_027.ahx,97151488,97181841,30353,audio,"CRI AHX, 1 ch, 16364 Hz, 9.07 s"
4612,/voice/NA00_1108_002_035.ahx,97182208,97190563,8355,audio,"CRI AHX, 1 ch, 16364 Hz, 2.05 s"
4613,/voice/NA00_1108_002_035_1.ahx,97190912,97198931,8019,audio,"CRI AHX, 1 ch, 16364 Hz, 1.86 s"
4614,/voice/NA00_1108_002_037.ahx,97199104,97202711,3607,audio,"CRI AHX, 1 ch, 16364 Hz, 0.62 s"
4615,/voice/NA00_1108_003_020.ahx,97203200,97212029,8829,audio,"CRI AHX, 1 ch, 16364 Hz, 1.93 s"
4616,/voice/NA00_1108_003_023.ahx,97212416,97225498,13082,audio,"CRI AHX, 1 ch, 16364 Hz, 2.22 s"
4617,/voice/NA00_1108_003_025.ahx,97225728,97244486,18758,audio,"CRI AHX, 1 ch, 16364 Hz, 3.90 s"
4618,/voice/NA00_1108_003_032.ahx,97244672,97259485,14813,audio,"CRI AHX, 1 ch, 16364 Hz, 2.55 s"
4619,/voice/NA00_1108_004_022.ahx,97259520,97275668,16148,audio,"CRI AHX, 1 ch, 16364 Hz, 3.09 s"
4620,/voice/NA00_1108_004_030.ahx,97275904,97308387,32483,audio,"CRI AHX, 1 ch, 16364 Hz, 7.07 s"
4621,/voice/NA00_1108_004_033.ahx,97308672,97320974,12302,audio,"CRI AHX, 1 ch, 16364 Hz, 2.07 s"
4622,/voice/NA00_1108_004_036.ahx,97321472,97331259,9787,audio,"CRI AHX, 1 ch, 16364 Hz, 1.67 s"
4623,/voice/NA00_1108_005_021.ahx,97331712,97339975,8263,audio,"CRI AHX, 1 ch, 16364 Hz, 1.43 s"
4624,/voice/NA00_1108_005_024.ahx,97340416,97350490,10074,audio,"CRI AHX, 1 ch, 16364 Hz, 2.06 s"
4625,/voice/NA00_1108_005_029.ahx,97350656,97371184,20528,audio,"CRI AHX, 1 ch, 16364 Hz, 4.88 s"
4626,/voice/NA00_1108_005_031.ahx,97371648,97375228,3580,audio,"CRI AHX, 1 ch, 16364 Hz, 0.60 s"
4627,/voice/NA00_1108_006_019.ahx,97375232,97386016,10784,audio,"CRI AHX, 1 ch, 16364 Hz, 1.83 s"
4628,/voice/NA00_1108_027_015.ahx,97386496,97390479,3983,audio,"CRI AHX, 1 ch, 16364 Hz, 0.66 s"
4629,/voice/NA00_1108_027_017.ahx,97390592,97402750,12158,audio,"CRI AHX, 1 ch, 16364 Hz, 2.70 s"
4630,/voice/NA00_1108_028_014.ahx,97402880,97424321,21441,audio,"CRI AHX, 1 ch, 16364 Hz, 5.09 s"
4631,/voice/NA00_1108_028_016.ahx,97424384,97433392,9008,audio,"CRI AHX, 1 ch, 16364 Hz, 1.57 s"
4632,/voice/NA00_1108_028_018.ahx,97433600,97458027,24427,audio,"CRI AHX, 1 ch, 16364 Hz, 5.33 s"
4633,/voice/NA00_1108_028_018_1.ahx,97458176,97487160,28984,audio,"CRI AHX, 1 ch, 16364 Hz, 6.13 s"
4634,/voice/NA00_1302_001_002.ahx,97487360,97512030,24670,audio,"CRI AHX, 1 ch, 16364 Hz, 4.66 s"
4635,/voice/NA00_1302_001_004.ahx,97512448,97517827,5379,audio,"CRI AHX, 1 ch, 16364 Hz, 0.92 s"
4636,/voice/NA00_1302_001_006.ahx,97518080,97522222,4142,audio,"CRI AHX, 1 ch, 16364 Hz, 0.73 s"
4637,/voice/NA00_1302_001_007.ahx,97522688,97533239,10551,audio,"CRI AHX, 1 ch, 16364 Hz, 2.09 s"
4638,/voice/NA00_1302_001_009.ahx,97533440,97544060,10620,audio,"CRI AHX, 1 ch, 16364 Hz, 1.78 s"
4639,/voice/NA00_1302_001_012.ahx,97544192,97561126,16934,audio,"CRI AHX, 1 ch, 16364 Hz, 2.88 s"
4640,/voice/NA00_1302_001_014.ahx,97561600,97577603,16003,audio,"CRI AHX, 1 ch, 16364 Hz, 3.45 s"
4641,/voice/NA00_1302_002_011.ahx,97577984,97611903,33919,audio,"CRI AHX, 1 ch, 16364 Hz, 6.18 s"
4642,/voice/NA00_1302_002_018.ahx,97612288,97619420,7132,audio,"CRI AHX, 1 ch, 16364 Hz, 1.83 s"
4643,/voice/NA00_1302_003_020.ahx,97619456,97623832,4376,audio,"CRI AHX, 1 ch, 16364 Hz, 0.73 s"
4644,/voice/NA00_1302_003_020_1.ahx,97624064,97641989,17925,audio,"CRI AHX, 1 ch, 16364 Hz, 4.48 s"
4645,/voice/NA00_1302_004_013.ahx,97642496,97690267,47771,audio,"CRI AHX, 1 ch, 16364 Hz, 8.24 s"
4646,/voice/NA00_1302_004_015.ahx,97690624,97722238,31614,audio,"CRI AHX, 1 ch, 16364 Hz, 5.30 s"
4647,/voice/NA00_1302_004_019.ahx,97722368,97746429,24061,audio,"CRI AHX, 1 ch, 16364 Hz, 4.96 s"
4648,/voice/NA00_1302_005_016.ahx,97746432,97778831,32399,audio,"CRI AHX, 1 ch, 16364 Hz, 6.13 s"
4649,/voice/NA00_1302_005_016_1.ahx,97779200,97818160,38960,audio,"CRI AHX, 1 ch, 16364 Hz, 8.23 s"
4650,/voice/NA00_1302_006_001.ahx,97818624,97833717,15093,audio,"CRI AHX, 1 ch, 16364 Hz, 2.61 s"
4651,/voice/NA00_1302_006_003.ahx,97833984,97860591,26607,audio,"CRI AHX, 1 ch, 16364 Hz, 5.24 s"
4652,/voice/NA00_1302_006_005.ahx,97860608,97877163,16555,audio,"CRI AHX, 1 ch, 16364 Hz, 3.20 s"
4653,/voice/NA00_1302_006_008.ahx,97877504,97897659,20155,audio,"CRI AHX, 1 ch, 16364 Hz, 3.93 s"
4654,/voice/NA00_1302_006_010.ahx,97897984,97923662,25678,audio,"CRI AHX, 1 ch, 16364 Hz, 5.20 s"
4655,/voice/NA00_1302_006_017.ahx,97924096,97943721,19625,audio,"CRI AHX, 1 ch, 16364 Hz, 3.90 s"
4656,/voice/NA00_1304_001_030.ahx,97944064,97951797,7733,audio,"CRI AHX, 1 ch, 16364 Hz, 2.21 s"
4657,/voice/NA00_1304_002_004.ahx,97952256,97970529,18273,audio,"CRI AHX, 1 ch, 16364 Hz, 3.56 s"
4658,/voice/NA00_1304_002_004_1.ahx,97970688,97989791,19103,audio,"CRI AHX, 1 ch, 16364 Hz, 3.56 s"
4659,/voice/NA00_1304_002_023.ahx,97990144,98000592,10448,audio,"CRI AHX, 1 ch, 16364 Hz, 1.74 s"
4660,/voice/NA00_1304_002_025.ahx,98000896,98014831,13935,audio,"CRI AHX, 1 ch, 16364 Hz, 2.89 s"
4661,/voice/NA00_1304_003_016.ahx,98015232,98020254,5022,audio,"CRI AHX, 1 ch, 16364 Hz, 0.83 s"
4662,/voice/NA00_1304_003_018.ahx,98020352,98039818,19466,audio,"CRI AHX, 1 ch, 16364 Hz, 3.65 s"
4663,/voice/NA00_1304_003_020.ahx,98040320,98070091,29771,audio,"CRI AHX, 1 ch, 16364 Hz, 6.55 s"
4664,/voice/NA00_1304_003_022.ahx,98070528,98096953,26425,audio,"CRI AHX, 1 ch, 16364 Hz, 5.73 s"
4665,/voice/NA00_1304_003_031.ahx,98097152,98104310,7158,audio,"CRI AHX, 1 ch, 16364 Hz, 1.52 s"
4666,/voice/NA00_1304_003_031_1.ahx,98104320,98139932,35612,audio,"CRI AHX, 1 ch, 16364 Hz, 7.55 s"
4667,/voice/NA00_1304_004_006.ahx,98140160,98155041,14881,audio,"CRI AHX, 1 ch, 16364 Hz, 2.97 s"
4668,/voice/NA00_1304_004_029.ahx,98155520,98179630,24110,audio,"CRI AHX, 1 ch, 16364 Hz, 5.07 s"
4669,/voice/NA00_1304_005_002.ahx,98180096,98204261,24165,audio,"CRI AHX, 1 ch, 16364 Hz, 5.28 s"
4670,/voice/NA00_1304_005_008.ahx,98204672,98234634,29962,audio,"CRI AHX, 1 ch, 16364 Hz, 5.97 s"
4671,/voice/NA00_1304_005_008_1.ahx,98234880,98270007,35127,audio,"CRI AHX, 1 ch, 16364 Hz, 7.36 s"
4672,/voice/NA00_1304_005_027.ahx,98270208,98284276,14068,audio,"CRI AHX, 1 ch, 16364 Hz, 2.37 s"
4673,/voice/NA00_1304_006_010.ahx,98284544,98296537,11993,audio,"CRI AHX, 1 ch, 16364 Hz, 2.71 s"
4674,/voice/NA00_1304_006_028.ahx,98296832,98309666,12834,audio,"CRI AHX, 1 ch, 16364 Hz, 2.17 s"
4675,/voice/NA00_1304_009_001.ahx,98310144,98335502,25358,audio,"CRI AHX, 1 ch, 16364 Hz, 5.11 s"
4676,/voice/NA00_1304_009_003.ahx,98335744,98365320,29576,audio,"CRI AHX, 1 ch, 16364 Hz, 5.08 s"
4677,/voice/NA00_1304_009_003_1.ahx,98365440,98399942,34502,audio,"CRI AHX, 1 ch, 16364 Hz, 6.61 s"
4678,/voice/NA00_1304_009_005.ahx,98400256,98414418,14162,audio,"CRI AHX, 1 ch, 16364 Hz, 3.02 s"
4679,/voice/NA00_1304_009_005_1.ahx,98414592,98439126,24534,audio,"CRI AHX, 1 ch, 16364 Hz, 4.24 s"
4680,/voice/NA00_1304_009_005_2.ahx,98439168,98476104,36936,audio,"CRI AHX, 1 ch, 16364 Hz, 6.81 s"
4681,/voice/NA00_1304_009_007.ahx,98476544,98528689,52145,audio,"CRI AHX, 1 ch, 16364 Hz, 10.25 s"
4682,/voice/NA00_1304_009_007_1.ahx,98528768,98593607,64839,audio,"CRI AHX, 1 ch, 16364 Hz, 12.73 s"
4683,/voice/NA00_1304_009_009.ahx,98593792,98597762,3970,audio,"CRI AHX, 1 ch, 16364 Hz, 0.75 s"
4684,/voice/NA00_1304_009_011.ahx,98597888,98602706,4818,audio,"CRI AHX, 1 ch, 16364 Hz, 0.80 s"
4685,/voice/NA00_1304_009_017.ahx,98603008,98632479,29471,audio,"CRI AHX, 1 ch, 16364 Hz, 7.89 s"
4686,/voice/NA00_1304_009_017_1.ahx,98632704,98681612,48908,audio,"CRI AHX, 1 ch, 16364 Hz, 9.15 s"
4687,/voice/NA00_1304_009_019.ahx,98681856,98714058,32202,audio,"CRI AHX, 1 ch, 16364 Hz, 6.47 s"
4688,/voice/NA00_1304_009_019_1.ahx,98714112,98743181,29069,audio,"CRI AHX, 1 ch, 16364 Hz, 5.00 s"
4689,/voice/NA00_1304_009_021.ahx,98743296,98771767,28471,audio,"CRI AHX, 1 ch, 16364 Hz, 6.14 s"
4690,/voice/NA00_1304_009_021_1.ahx,98771968,98804394,32426,audio,"CRI AHX, 1 ch, 16364 Hz, 6.18 s"
4691,/voice/NA00_1304_009_024.ahx,98804736,98839186,34450,audio,"CRI AHX, 1 ch, 16364 Hz, 5.89 s"
4692,/voice/NA00_1304_009_024_1.ahx,98839552,98865480,25928,audio,"CRI AHX, 1 ch, 16364 Hz, 4.60 s"
4693,/voice/NA00_1304_009_024_2.ahx,98865664,98888460,22796,audio,"CRI AHX, 1 ch, 16364 Hz, 4.09 s"
4694,/voice/NA00_1304_009_024_3.ahx,98888704,98928715,40011,audio,"CRI AHX, 1 ch, 16364 Hz, 6.89 s"
4695,/voice/NA00_1304_009_026.ahx,98929152,98966264,37112,audio,"CRI AHX, 1 ch, 16364 Hz, 8.43 s"
4696,/voice/NA00_1304_009_026_1.ahx,98966528,98997897,31369,audio,"CRI AHX, 1 ch, 16364 Hz, 6.98 s"
4697,/voice/NA00_1304_009_026_2.ahx,98998272,99029117,30845,audio,"CRI AHX, 1 ch, 16364 Hz, 5.71 s"
4698,/voice/NA00_1304_009_032.ahx,99029504,99045507,16003,audio,"CRI AHX, 1 ch, 16364 Hz, 3.77 s"
4699,/voice/NA00_1304_027_013.ahx,99045888,99071189,25301,audio,"CRI AHX, 1 ch, 16364 Hz, 5.11 s"
4700,/voice/NA00_1304_027_013_1.ahx,99071488,99078715,7227,audio,"CRI AHX, 1 ch, 16364 Hz, 1.79 s"
4701,/voice/NA00_1304_029_014.ahx,99079168,99103332,24164,audio,"CRI AHX, 1 ch, 16364 Hz, 4.59 s"
4702,/voice/NA00_1304_035_012.ahx,99103744,99136929,33185,audio,"CRI AHX, 1 ch, 16364 Hz, 6.84 s"
4703,/voice/NA00_1304_035_012_1.ahx,99137024,99163440,26416,audio,"CRI AHX, 1 ch, 16364 Hz, 5.48 s"
4704,/voice/NA00_1304_035_015.ahx,99163648,99181357,17709,audio,"CRI AHX, 1 ch, 16364 Hz, 3.33 s"
4705,/voice/NA00_1305_001_007.ahx,99181568,99203234,21666,audio,"CRI AHX, 1 ch, 16364 Hz, 5.01 s"
4706,/voice/NA00_1305_001_018.ahx,99203584,99208418,4834,audio,"CRI AHX, 1 ch, 16364 Hz, 1.52 s"
4707,/voice/NA00_1305_002_004.ahx,99208704,99240204,31500,audio,"CRI AHX, 1 ch, 16364 Hz, 5.59 s"
4708,/voice/NA00_1305_002_011.ahx,99240448,99266551,26103,audio,"CRI AHX, 1 ch, 16364 Hz, 5.71 s"
4709,/voice/NA00_1305_002_016.ahx,99266560,99270406,3846,audio,"CRI AHX, 1 ch, 16364 Hz, 0.60 s"
4710,/voice/NA00_1305_002_026.ahx,99270656,99287038,16382,audio,"CRI AHX, 1 ch, 16364 Hz, 2.73 s"
4711,/voice/NA00_1305_003_001.ahx,99287040,99304485,17445,audio,"CRI AHX, 1 ch, 16364 Hz, 3.73 s"
4712,/voice/NA00_1305_003_001_1.ahx,99304960,99314471,9511,audio,"CRI AHX, 1 ch, 16364 Hz, 1.94 s"
4713,/voice/NA00_1305_003_012.ahx,99314688,99321998,7310,audio,"CRI AHX, 1 ch, 16364 Hz, 1.69 s"
4714,/voice/NA00_1305_003_014.ahx,99322368,99336439,14071,audio,"CRI AHX, 1 ch, 16364 Hz, 3.09 s"
4715,/voice/NA00_1305_003_021.ahx,99336704,99343346,6642,audio,"CRI AHX, 1 ch, 16364 Hz, 1.12 s"
4716,/voice/NA00_1305_003_027.ahx,99343360,99367590,24230,audio,"CRI AHX, 1 ch, 16364 Hz, 6.21 s"
4717,/voice/NA00_1305_003_029.ahx,99367936,99371122,3186,audio,"CRI AHX, 1 ch, 16364 Hz, 0.51 s"
4718,/voice/NA00_1305_003_029_1.ahx,99371520,99385985,14465,audio,"CRI AHX, 1 ch, 16364 Hz, 5.18 s"
4719,/voice/NA00_1305_004_005.ahx,99386368,99400137,13769,audio,"CRI AHX, 1 ch, 16364 Hz, 2.73 s"
4720,/voice/NA00_1305_004_022.ahx,99400192,99407295,7103,audio,"CRI AHX, 1 ch, 16364 Hz, 1.20 s"
4721,/voice/NA00_1305_004_025.ahx,99407360,99416379,9019,audio,"CRI AHX, 1 ch, 16364 Hz, 2.02 s"
4722,/voice/NA00_1305_005_002.ahx,99416576,99427296,10720,audio,"CRI AHX, 1 ch, 16364 Hz, 3.02 s"
4723,/voice/NA00_1305_005_015.ahx,99427328,99431570,4242,audio,"CRI AHX, 1 ch, 16364 Hz, 0.72 s"
4724,/voice/NA00_1305_005_020.ahx,99431936,99434525,2589,audio,"CRI AHX, 1 ch, 16364 Hz, 0.44 s"
4725,/voice/NA00_1305_005_028.ahx,99435008,99451682,16674,audio,"CRI AHX, 1 ch, 16364 Hz, 3.17 s"
4726,/voice/NA00_1305_005_028_1.ahx,99451904,99476080,24176,audio,"CRI AHX, 1 ch, 16364 Hz, 4.55 s"
4727,/voice/NA00_1305_005_030.ahx,99476480,99485035,8555,audio,"CRI AHX, 1 ch, 16364 Hz, 1.85 s"
4728,/voice/NA00_1305_006_006.ahx,99485184,99511643,26459,audio,"CRI AHX, 1 ch, 16364 Hz, 5.57 s"
4729,/voice/NA00_1305_006_024.ahx,99511808,99526389,14581,audio,"CRI AHX, 1 ch, 16364 Hz, 2.82 s"
4730,/voice/NA00_1305_006_024_1.ahx,99526656,99535517,8861,audio,"CRI AHX, 1 ch, 16364 Hz, 1.58 s"
4731,/voice/NA00_1305_007_009.ahx,99535872,99553631,17759,audio,"CRI AHX, 1 ch, 16364 Hz, 3.52 s"
4732,/voice/NA00_1305_009_003.ahx,99553792,99578556,24764,audio,"CRI AHX, 1 ch, 16364 Hz, 5.43 s"
4733,/voice/NA00_1305_009_003_1.ahx,99578880,99629717,50837,audio,"CRI AHX, 1 ch, 16364 Hz, 8.86 s"
4734,/voice/NA00_1305_009_008.ahx,99630080,99685273,55193,audio,"CRI AHX, 1 ch, 16364 Hz, 11.09 s"
4735,/voice/NA00_1305_009_008_1.ahx,99685376,99721146,35770,audio,"CRI AHX, 1 ch, 16364 Hz, 6.96 s"
4736,/voice/NA00_1305_009_010.ahx,99721216,99754163,32947,audio,"CRI AHX, 1 ch, 16364 Hz, 6.40 s"
4737,/voice/NA00_1305_009_013.ahx,99754496,99784299,29803,audio,"CRI AHX, 1 ch, 16364 Hz, 9.59 s"
4738,/voice/NA00_1305_009_013_1.ahx,99784704,99817475,32771,audio,"CRI AHX, 1 ch, 16364 Hz, 6.91 s"
4739,/voice/NA00_1305_009_017.ahx,99817984,99831525,13541,audio,"CRI AHX, 1 ch, 16364 Hz, 2.98 s"
4740,/voice/NA00_1305_009_017_1.ahx,99831808,99851766,19958,audio,"CRI AHX, 1 ch, 16364 Hz, 4.87 s"
4741,/voice/NA00_1305_009_019.ahx,99851776,99877472,25696,audio,"CRI AHX, 1 ch, 16364 Hz, 4.93 s"
4742,/voice/NA00_1305_009_023.ahx,99877888,99932315,54427,audio,"CRI AHX, 1 ch, 16364 Hz, 10.21 s"
4743,/voice/NA00_1305_009_023_1.ahx,99932672,99962220,29548,audio,"CRI AHX, 1 ch, 16364 Hz, 6.14 s"
4744,/voice/NA00_1305_228_019_1.ahx,99962368,99966152,3784,audio,"CRI AHX, 1 ch, 16364 Hz, 0.64 s"
4745,/voice/NA00_1402_001_015.ahx,99966464,99979856,13392,audio,"CRI AHX, 1 ch, 16364 Hz, 3.28 s"
4746,/voice/NA00_1402_001_017.ahx,99980288,99992557,12269,audio,"CRI AHX, 1 ch, 16364 Hz, 2.08 s"
4747,/voice/NA00_1402_001_019.ahx,99992576,100006823,14247,audio,"CRI AHX, 1 ch, 16364 Hz, 3.80 s"
4748,/voice/NA00_1402_001_021.ahx,100006912,100016379,9467,audio,"CRI AHX, 1 ch, 16364 Hz, 2.58 s"
4749,/voice/NA00_1402_001_023.ahx,100016640,100016903,263,audio,"CRI AHX, 1 ch, 16364 Hz, 1.00 s"
4750,/voice/NA00_1402_001_025.ahx,100017152,100023306,6154,audio,"CRI AHX, 1 ch, 16364 Hz, 1.78 s"
4751,/voice/NA00_1402_001_027.ahx,100023808,100033258,9450,audio,"CRI AHX, 1 ch, 16364 Hz, 1.79 s"
4752,/voice/NA00_1402_001_031.ahx,100033536,100050873,17337,audio,"CRI AHX, 1 ch, 16364 Hz, 3.94 s"
4753,/voice/NA00_1402_001_035.ahx,100050944,100058674,7730,audio,"CRI AHX, 1 ch, 16364 Hz, 1.39 s"
4754,/voice/NA00_1402_001_035_1.ahx,100059136,100065944,6808,audio,"CRI AHX, 1 ch, 16364 Hz, 1.14 s"
4755,/voice/NA00_1402_001_037.ahx,100066304,100090626,24322,audio,"CRI AHX, 1 ch, 16364 Hz, 5.01 s"
4756,/voice/NA00_1402_001_039.ahx,100090880,100134210,43330,audio,"CRI AHX, 1 ch, 16364 Hz, 10.19 s"
4757,/voice/NA00_1402_001_047.ahx,100134400,100140039,5639,audio,"CRI AHX, 1 ch, 16364 Hz, 1.30 s"
4758,/voice/NA00_1402_001_051.ahx,100140544,100140807,263,audio,"CRI AHX, 1 ch, 16364 Hz, 1.00 s"
4759,/voice/NA00_1402_001_053.ahx,100141056,100144425,3369,audio,"CRI AHX, 1 ch, 16364 Hz, 0.53 s"
4760,/voice/NA00_1402_001_055.ahx,100144640,100160033,15393,audio,"CRI AHX, 1 ch, 16364 Hz, 4.25 s"
4761,/voice/NA00_1402_001_057.ahx,100160512,100167933,7421,audio,"CRI AHX, 1 ch, 16364 Hz, 2.05 s"
4762,/voice/NA00_1402_001_062.ahx,100168192,100176538,8346,audio,"CRI AHX, 1 ch, 16364 Hz, 1.55 s"
4763,/voice/NA00_1402_001_064.ahx,100176896,100180625,3729,audio,"CRI AHX, 1 ch, 16364 Hz, 0.64 s"
4764,/voice/NA00_1402_001_064_1.ahx,100180992,100218055,37063,audio,"CRI AHX, 1 ch, 16364 Hz, 7.84 s"
4765,/voice/NA00_1402_001_066.ahx,100218368,100247393,29025,audio,"CRI AHX, 1 ch, 16364 Hz, 5.82 s"
4766,/voice/NA00_1402_001_066_1.ahx,100247552,100280807,33255,audio,"CRI AHX, 1 ch, 16364 Hz, 6.73 s"
4767,/voice/NA00_1402_001_072.ahx,100280832,100285772,4940,audio,"CRI AHX, 1 ch, 16364 Hz, 0.87 s"
4768,/voice/NA00_1402_001_072_1.ahx,100285952,100320071,34119,audio,"CRI AHX, 1 ch, 16364 Hz, 7.65 s"
4769,/voice/NA00_1402_001_072_2.ahx,100320256,100335535,15279,audio,"CRI AHX, 1 ch, 16364 Hz, 4.28 s"
4770,/voice/NA00_1402_002_045.ahx,100335616,100339899,4283,audio,"CRI AHX, 1 ch, 16364 Hz, 0.69 s"
4771,/voice/NA00_1402_002_048.ahx,100340224,100371200,30976,audio,"CRI AHX, 1 ch, 16364 Hz, 7.32 s"
4772,/voice/NA00_1402_002_050.ahx,100371456,100423009,51553,audio,"CRI AHX, 1 ch, 16364 Hz, 9.65 s"
4773,/voice/NA00_1402_002_065.ahx,100423168,100428663,5495,audio,"CRI AHX, 1 ch, 16364 Hz, 0.92 s"
4774,/voice/NA00_1402_002_067.ahx,100428800,100445781,16981,audio,"CRI AHX, 1 ch, 16364 Hz, 4.10 s"
4775,/voice/NA00_1402_002_069.ahx,100446208,100464635,18427,audio,"CRI AHX, 1 ch, 16364 Hz, 4.14 s"
4776,/voice/NA00_1402_003_022.ahx,100464640,100473149,8509,audio,"CRI AHX, 1 ch, 16364 Hz, 2.21 s"
4777,/voice/NA00_1402_003_024.ahx,100473344,100478881,5537,audio,"CRI AHX, 1 ch, 16364 Hz, 2.03 s"
4778,/voice/NA00_1402_003_026.ahx,100478976,100498136,19160,audio,"CRI AHX, 1 ch, 16364 Hz, 4.00 s"
4779,/voice/NA00_1402_003_030.ahx,100498432,100516272,17840,audio,"CRI AHX, 1 ch, 16364 Hz, 3.39 s"
4780,/voice/NA00_1402_003_033.ahx,100516352,100539100,22748,audio,"CRI AHX, 1 ch, 16364 Hz, 4.02 s"
4781,/voice/NA00_1402_003_036.ahx,100539392,100548952,9560,audio,"CRI AHX, 1 ch, 16364 Hz, 1.84 s"
4782,/voice/NA00_1402_003_038.ahx,100549120,100592215,43095,audio,"CRI AHX, 1 ch, 16364 Hz, 8.43 s"
4783,/voice/NA00_1402_003_040.ahx,100592640,100615155,22515,audio,"CRI AHX, 1 ch, 16364 Hz, 3.94 s"
4784,/voice/NA00_1402_003_042.ahx,100615168,100623067,7899,audio,"CRI AHX, 1 ch, 16364 Hz, 1.67 s"
4785,/voice/NA00_1402_003_070.ahx,100623360,100633820,10460,audio,"CRI AHX, 1 ch, 16364 Hz, 1.73 s"
4786,/voice/NA00_1402_004_028.ahx,100634112,100665124,31012,audio,"CRI AHX, 1 ch, 16364 Hz, 6.81 s"
4787,/voice/NA00_1402_004_029.ahx,100665344,100686482,21138,audio,"CRI AHX, 1 ch, 16364 Hz, 5.24 s"
4788,/voice/NA00_1402_004_032.ahx,100686848,100709724,22876,audio,"CRI AHX, 1 ch, 16364 Hz, 6.57 s"
4789,/voice/NA00_1402_004_034.ahx,100709888,100721417,11529,audio,"CRI AHX, 1 ch, 16364 Hz, 1.95 s"
4790,/voice/NA00_1402_004_041.ahx,100721664,100725863,4199,audio,"CRI AHX, 1 ch, 16364 Hz, 0.71 s"
4791,/voice/NA00_1402_004_043.ahx,100726272,100730045,3773,audio,"CRI AHX, 1 ch, 16364 Hz, 0.60 s"
4792,/voice/NA00_1402_004_049.ahx,100730368,100746281,15913,audio,"CRI AHX, 1 ch, 16364 Hz, 3.09 s"
4793,/voice/NA00_1402_004_060.ahx,100746752,100767993,21241,audio,"CRI AHX, 1 ch, 16364 Hz, 4.27 s"
4794,/voice/NA00_1402_004_063.ahx,100768256,100797336,29080,audio,"CRI AHX, 1 ch, 16364 Hz, 6.32 s"
4795,/voice/NA00_1402_004_068.ahx,100797440,100810973,13533,audio,"CRI AHX, 1 ch, 16364 Hz, 3.03 s"
4796,/voice/NA00_1402_005_059.ahx,100811264,100819750,8486,audio,"CRI AHX, 1 ch, 16364 Hz, 1.67 s"
4797,/voice/NA00_1402_005_059_1.ahx,100819968,100833803,13835,audio,"CRI AHX, 1 ch, 16364 Hz, 2.31 s"
4798,/voice/NA00_1402_005_061.ahx,100834304,100848491,14187,audio,"CRI AHX, 1 ch, 16364 Hz, 2.36 s"
4799,/voice/NA00_1402_005_061_1.ahx,100848640,100870268,21628,audio,"CRI AHX, 1 ch, 16364 Hz, 3.68 s"
4800,/voice/NA00_1402_005_071.ahx,100870656,100896625,25969,audio,"CRI AHX, 1 ch, 16364 Hz, 5.58 s"
4801,/voice/NA00_1402_006_046.ahx,100896768,100908980,12212,audio,"CRI AHX, 1 ch, 16364 Hz, 2.07 s"
4802,/voice/NA00_1402_006_052.ahx,100909056,100918493,9437,audio,"CRI AHX, 1 ch, 16364 Hz, 1.98 s"
4803,/voice/NA00_1402_006_054.ahx,100918784,100930991,12207,audio,"CRI AHX, 1 ch, 16364 Hz, 2.75 s"
4804,/voice/NA00_1402_006_054_1.ahx,100931072,100961481,30409,audio,"CRI AHX, 1 ch, 16364 Hz, 6.78 s"
4805,/voice/NA00_1402_006_056.ahx,100961792,100992865,31073,audio,"CRI AHX, 1 ch, 16364 Hz, 7.83 s"
4806,/voice/NA00_1402_006_058.ahx,100993024,101011729,18705,audio,"CRI AHX, 1 ch, 16364 Hz, 3.86 s"
4807,/voice/NA00_1402_007_044.ahx,101011968,101021836,9868,audio,"CRI AHX, 1 ch, 16364 Hz, 1.68 s"
4808,/voice/NA00_1402_027_002.ahx,101022208,101037043,14835,audio,"CRI AHX, 1 ch, 16364 Hz, 2.93 s"
4809,/voice/NA00_1402_027_004.ahx,101037056,101066747,29691,audio,"CRI AHX, 1 ch, 16364 Hz, 7.38 s"
4810,/voice/NA00_1402_027_006.ahx,101066752,101086833,20081,audio,"CRI AHX, 1 ch, 16364 Hz, 4.64 s"
4811,/voice/NA00_1402_027_008.ahx,101087232,101091526,4294,audio,"CRI AHX, 1 ch, 16364 Hz, 0.84 s"
4812,/voice/NA00_1402_027_010.ahx,101091840,101099058,7218,audio,"CRI AHX, 1 ch, 16364 Hz, 1.28 s"
4813,/voice/NA00_1402_027_012.ahx,101099520,101103845,4325,audio,"CRI AHX, 1 ch, 16364 Hz, 0.74 s"
4814,/voice/NA00_1402_027_012_1.ahx,101104128,101118946,14818,audio,"CRI AHX, 1 ch, 16364 Hz, 2.91 s"
4815,/voice/NA00_1402_027_014.ahx,101118976,101141067,22091,audio,"CRI AHX, 1 ch, 16364 Hz, 4.51 s"
4816,/voice/NA00_1402_027_016.ahx,101141504,101175789,34285,audio,"CRI AHX, 1 ch, 16364 Hz, 7.47 s"
4817,/voice/NA00_1402_027_018.ahx,101175808,101214327,38519,audio,"CRI AHX, 1 ch, 16364 Hz, 7.74 s"
4818,/voice/NA00_1402_027_020.ahx,101214720,101235700,20980,audio,"CRI AHX, 1 ch, 16364 Hz, 4.68 s"
4819,/voice/NA00_1402_036_003.ahx,101235712,101259142,23430,audio,"CRI AHX, 1 ch, 16364 Hz, 4.55 s"
4820,/voice/NA00_1402_036_005.ahx,101259264,101289718,30454,audio,"CRI AHX, 1 ch, 16364 Hz, 7.02 s"
4821,/voice/NA00_1402_036_007.ahx,101289984,101328341,38357,audio,"CRI AHX, 1 ch, 16364 Hz, 6.53 s"
4822,/voice/NA00_1402_036_009.ahx,101328384,101360758,32374,audio,"CRI AHX, 1 ch, 16364 Hz, 5.76 s"
4823,/voice/NA00_1402_036_011.ahx,101361152,101402508,41356,audio,"CRI AHX, 1 ch, 16364 Hz, 7.03 s"
4824,/voice/NA00_1402_036_011_1.ahx,101402624,101450411,47787,audio,"CRI AHX, 1 ch, 16364 Hz, 8.29 s"
4825,/voice/NA00_1402_036_011_2.ahx,101450752,101465317,14565,audio,"CRI AHX, 1 ch, 16364 Hz, 2.79 s"
4826,/voice/NA00_1402_036_013.ahx,101465600,101489401,23801,audio,"CRI AHX, 1 ch, 16364 Hz, 5.04 s"
4827,/voice/NA00_1603_001_008.ahx,101489664,101494704,5040,audio,"CRI AHX, 1 ch, 16364 Hz, 0.83 s"
4828,/voice/NA00_1603_001_015.ahx,101494784,101513529,18745,audio,"CRI AHX, 1 ch, 16364 Hz, 3.96 s"
4829,/voice/NA00_1603_001_022.ahx,101513728,101539660,25932,audio,"CRI AHX, 1 ch, 16364 Hz, 5.44 s"
4830,/voice/NA00_1603_001_022_1.ahx,101539840,101566685,26845,audio,"CRI AHX, 1 ch, 16364 Hz, 4.92 s"
4831,/voice/NA00_1603_002_009.ahx,101566976,101587550,20574,audio,"CRI AHX, 1 ch, 16364 Hz, 5.09 s"
4832,/voice/NA00_1603_003_016.ahx,101587968,101602502,14534,audio,"CRI AHX, 1 ch, 16364 Hz, 3.18 s"
4833,/voice/NA00_1603_003_024.ahx,101602816,101639255,36439,audio,"CRI AHX, 1 ch, 16364 Hz, 7.65 s"
4834,/voice/NA00_1603_004_012.ahx,101639680,101664328,24648,audio,"CRI AHX, 1 ch, 16364 Hz, 6.26 s"
4835,/voice/NA00_1603_005_020.ahx,101664768,101693769,29001,audio,"CRI AHX, 1 ch, 16364 Hz, 6.78 s"
4836,/voice/NA00_1603_005_025.ahx,101693952,101726557,32605,audio,"CRI AHX, 1 ch, 16364 Hz, 6.18 s"
4837,/voice/NA00_1603_006_011.ahx,101726720,101755986,29266,audio,"CRI AHX, 1 ch, 16364 Hz, 6.93 s"
4838,/voice/NA00_1603_006_018.ahx,101756416,101770261,13845,audio,"CRI AHX, 1 ch, 16364 Hz, 2.99 s"
4839,/voice/NA00_1603_006_027.ahx,101770752,101798250,27498,audio,"CRI AHX, 1 ch, 16364 Hz, 5.91 s"
4840,/voice/NA00_1603_006_029.ahx,101798400,101827509,29109,audio,"CRI AHX, 1 ch, 16364 Hz, 6.95 s"
4841,/voice/NA00_1603_006_029_1.ahx,101827584,101851850,24266,audio,"CRI AHX, 1 ch, 16364 Hz, 5.16 s"
4842,/voice/NA00_1603_006_031.ahx,101852160,101880137,27977,audio,"CRI AHX, 1 ch, 16364 Hz, 5.99 s"
4843,/voice/NA00_1603_006_031_1.ahx,101880320,101898332,18012,audio,"CRI AHX, 1 ch, 16364 Hz, 4.04 s"
4844,/voice/NA00_1603_006_034.ahx,101898752,101921111,22359,audio,"CRI AHX, 1 ch, 16364 Hz, 4.33 s"
4845,/voice/NA00_1603_010_010.ahx,101921280,101932141,10861,audio,"CRI AHX, 1 ch, 16364 Hz, 2.16 s"
4846,/voice/NA00_1603_010_013.ahx,101932544,101936142,3598,audio,"CRI AHX, 1 ch, 16364 Hz, 0.60 s"
4847,/voice/NA00_1603_010_014.ahx,101936640,101958353,21713,audio,"CRI AHX, 1 ch, 16364 Hz, 4.17 s"
4848,/voice/NA00_1603_010_014_1.ahx,101958656,101969548,10892,audio,"CRI AHX, 1 ch, 16364 Hz, 2.35 s"
4849,/voice/NA00_1603_010_017.ahx,101969920,102007171,37251,audio,"CRI AHX, 1 ch, 16364 Hz, 8.11 s"
4850,/voice/NA00_1603_010_017_1.ahx,102007296,102030446,23150,audio,"CRI AHX, 1 ch, 16364 Hz, 5.76 s"
4851,/voice/NA00_1603_010_019.ahx,102030848,102045239,14391,audio,"CRI AHX, 1 ch, 16364 Hz, 2.48 s"
4852,/voice/NA00_1603_010_019_1.ahx,102045696,102075625,29929,audio,"CRI AHX, 1 ch, 16364 Hz, 6.09 s"
4853,/voice/NA00_1603_010_021.ahx,102075904,102087636,11732,audio,"CRI AHX, 1 ch, 16364 Hz, 2.47 s"
4854,/voice/NA00_1603_010_023.ahx,102087680,102108723,21043,audio,"CRI AHX, 1 ch, 16364 Hz, 4.67 s"
4855,/voice/NA00_1603_010_026.ahx,102109184,102123834,14650,audio,"CRI AHX, 1 ch, 16364 Hz, 3.18 s"
4856,/voice/NA00_1603_010_028.ahx,102124032,102128395,4363,audio,"CRI AHX, 1 ch, 16364 Hz, 1.29 s"
4857,/voice/NA00_1603_010_030.ahx,102128640,102141634,12994,audio,"CRI AHX, 1 ch, 16364 Hz, 2.74 s"
4858,/voice/NA00_1603_010_032.ahx,102141952,102150196,8244,audio,"CRI AHX, 1 ch, 16364 Hz, 2.61 s"
4859,/voice/NA00_1603_010_032_1.ahx,102150656,102153818,3162,audio,"CRI AHX, 1 ch, 16364 Hz, 0.52 s"
4860,/voice/NA00_1603_010_033.ahx,102154240,102178171,23931,audio,"CRI AHX, 1 ch, 16364 Hz, 5.70 s"
4861,/voice/NA00_1603_027_001.ahx,102178304,102213106,34802,audio,"CRI AHX, 1 ch, 16364 Hz, 8.85 s"
4862,/voice/NA00_1603_027_003.ahx,102213120,102246385,33265,audio,"CRI AHX, 1 ch, 16364 Hz, 8.50 s"
4863,/voice/NA00_1603_027_005.ahx,102246400,102271657,25257,audio,"CRI AHX, 1 ch, 16364 Hz, 5.52 s"
4864,/voice/NA00_1603_027_007.ahx,102272000,102321397,49397,audio,"CRI AHX, 1 ch, 16364 Hz, 13.36 s"
4865,/voice/NA00_1603_030_002.ahx,102321664,102331690,10026,audio,"CRI AHX, 1 ch, 16364 Hz, 1.67 s"
4866,/voice/NA00_1603_030_004.ahx,102331904,102364190,32286,audio,"CRI AHX, 1 ch, 16364 Hz, 6.76 s"
4867,/voice/NA00_1603_030_006.ahx,102364672,102370603,5931,audio,"CRI AHX, 1 ch, 16364 Hz, 0.97 s"
4868,/voice/NA00_1603_030_006_1.ahx,102370816,102419751,48935,audio,"CRI AHX, 1 ch, 16364 Hz, 10.45 s"
4869,/voice/NA00_1604_004_003.ahx,102419968,102440367,20399,audio,"CRI AHX, 1 ch, 16364 Hz, 4.84 s"
4870,/voice/NA00_1604_005_004.ahx,102440448,102452805,12357,audio,"CRI AHX, 1 ch, 16364 Hz, 2.47 s"
4871,/voice/NA00_1604_006_002.ahx,102453248,102463170,9922,audio,"CRI AHX, 1 ch, 16364 Hz, 1.70 s"
4872,/voice/NA00_1604_006_002_1.ahx,102463488,102475715,12227,audio,"CRI AHX, 1 ch, 16364 Hz, 2.36 s"
4873,/voice/NA00_1604_006_002_2.ahx,102475776,102481897,6121,audio,"CRI AHX, 1 ch, 16364 Hz, 1.04 s"
4874,/voice/NA00_1604_006_006.ahx,102481920,102492749,10829,audio,"CRI AHX, 1 ch, 16364 Hz, 2.63 s"
4875,/voice/NA00_1604_010_001.ahx,102493184,102518699,25515,audio,"CRI AHX, 1 ch, 16364 Hz, 6.56 s"
4876,/voice/NA00_1604_010_001_1.ahx,102518784,102541929,23145,audio,"CRI AHX, 1 ch, 16364 Hz, 4.89 s"
4877,/voice/NA00_1604_010_005.ahx,102542336,102554102,11766,audio,"CRI AHX, 1 ch, 16364 Hz, 2.76 s"
4878,/voice/NA00_1802_001_001.ahx,102554112,102567113,13001,audio,"CRI AHX, 1 ch, 16364 Hz, 2.78 s"
4879,/voice/NA00_1802_001_013.ahx,102567424,102570823,3399,audio,"CRI AHX, 1 ch, 16364 Hz, 0.56 s"
4880,/voice/NA00_1802_001_015.ahx,102571008,102579385,8377,audio,"CRI AHX, 1 ch, 16364 Hz, 1.38 s"
4881,/voice/NA00_1802_001_017.ahx,102579712,102584188,4476,audio,"CRI AHX, 1 ch, 16364 Hz, 0.74 s"
4882,/voice/NA00_1802_001_029.ahx,102584320,102617762,33442,audio,"CRI AHX, 1 ch, 16364 Hz, 7.88 s"
4883,/voice/NA00_1802_002_002.ahx,102618112,102635659,17547,audio,"CRI AHX, 1 ch, 16364 Hz, 2.99 s"
4884,/voice/NA00_1802_002_010.ahx,102636032,102643883,7851,audio,"CRI AHX, 1 ch, 16364 Hz, 1.75 s"
4885,/voice/NA00_1802_002_022.ahx,102644224,102656648,12424,audio,"CRI AHX, 1 ch, 16364 Hz, 2.20 s"
4886,/voice/NA00_1802_002_031.ahx,102657024,102676534,19510,audio,"CRI AHX, 1 ch, 16364 Hz, 3.77 s"
4887,/voice/NA00_1802_003_007.ahx,102676992,102688453,11461,audio,"CRI AHX, 1 ch, 16364 Hz, 2.41 s"
4888,/voice/NA00_1802_003_012.ahx,102688768,102701277,12509,audio,"CRI AHX, 1 ch, 16364 Hz, 2.76 s"
4889,/voice/NA00_1802_003_033.ahx,102701568,102725621,24053,audio,"CRI AHX, 1 ch, 16364 Hz, 4.06 s"
4890,/voice/NA00_1802_004_004.ahx,102725632,102735382,9750,audio,"CRI AHX, 1 ch, 16364 Hz, 1.95 s"
4891,/voice/NA00_1802_004_009.ahx,102735872,102758697,22825,audio,"CRI AHX, 1 ch, 16364 Hz, 4.50 s"
4892,/voice/NA00_1802_004_018.ahx,102758912,102783049,24137,audio,"CRI AHX, 1 ch, 16364 Hz, 6.59 s"
4893,/voice/NA00_1802_004_019.ahx,102783488,102816990,33502,audio,"CRI AHX, 1 ch, 16364 Hz, 8.69 s"
4894,/voice/NA00_1802_004_025.ahx,102817280,102849888,32608,audio,"CRI AHX, 1 ch, 16364 Hz, 6.04 s"
4895,/voice/NA00_1802_004_027.ahx,102850048,102878974,28926,audio,"CRI AHX, 1 ch, 16364 Hz, 8.95 s"
4896,/voice/NA00_1802_005_003.ahx,102879232,102886287,7055,audio,"CRI AHX, 1 ch, 16364 Hz, 1.71 s"
4897,/voice/NA00_1802_005_008.ahx,102886400,102893197,6797,audio,"CRI AHX, 1 ch, 16364 Hz, 1.32 s"
4898,/voice/NA00_1802_005_014.ahx,102893568,102918696,25128,audio,"CRI AHX, 1 ch, 16364 Hz, 6.14 s"
4899,/voice/NA00_1802_005_016.ahx,102919168,102941020,21852,audio,"CRI AHX, 1 ch, 16364 Hz, 4.47 s"
4900,/voice/NA00_1802_005_020.ahx,102941184,102941447,263,audio,"CRI AHX, 1 ch, 16364 Hz, 1.00 s"
4901,/voice/NA00_1802_006_011.ahx,102941696,102966866,25170,audio,"CRI AHX, 1 ch, 16364 Hz, 4.58 s"
4902,/voice/NA00_1802_006_032.ahx,102967296,103007336,40040,audio,"CRI AHX, 1 ch, 16364 Hz, 8.10 s"
4903,/voice/NA00_1802_007_005.ahx,103007744,103026073,18329,audio,"CRI AHX, 1 ch, 16364 Hz, 3.81 s"
4904,/voice/NA00_1802_014_021.ahx,103026176,103052458,26282,audio,"CRI AHX, 1 ch, 16364 Hz, 5.20 s"
4905,/voice/NA00_1802_014_023.ahx,103052800,103061749,8949,audio,"CRI AHX, 1 ch, 16364 Hz, 1.92 s"
4906,/voice/NA00_1802_014_024.ahx,103062016,103125091,63075,audio,"CRI AHX, 1 ch, 16364 Hz, 11.90 s"
4907,/voice/NA00_1802_014_024_1.ahx,103125504,103169643,44139,audio,"CRI AHX, 1 ch, 16364 Hz, 9.16 s"
4908,/voice/NA00_1802_014_026.ahx,103170048,103209390,39342,audio,"CRI AHX, 1 ch, 16364 Hz, 8.58 s"
4909,/voice/NA00_1802_014_028.ahx,103209472,103237374,27902,audio,"CRI AHX, 1 ch, 16364 Hz, 6.14 s"
4910,/voice/NA00_1802_014_028_1.ahx,103237632,103266638,29006,audio,"CRI AHX, 1 ch, 16364 Hz, 5.56 s"
4911,/voice/NA00_1802_014_030.ahx,103266816,103282882,16066,audio,"CRI AHX, 1 ch, 16364 Hz, 3.25 s"
4912,/voice/NA00_1802_014_030_1.ahx,103283200,103294000,10800,audio,"CRI AHX, 1 ch, 16364 Hz, 2.27 s"
4913,/voice/NA00_1802_075_006.ahx,103294464,103303549,9085,audio,"CRI AHX, 1 ch, 16364 Hz, 1.93 s"
4914,/voice/NA00_1903_001_001.ahx,103303680,103331328,27648,audio,"CRI AHX, 1 ch, 16364 Hz, 6.64 s"
4915,/voice/NA00_1903_001_003.ahx,103331328,103353664,22336,audio,"CRI AHX, 1 ch, 16364 Hz, 5.55 s"
4916,/voice/NA00_1903_002_002.ahx,103353856,103387879,34023,audio,"CRI AHX, 1 ch, 16364 Hz, 6.71 s"
4917,/voice/NA00_1903_002_002_1.ahx,103388160,103412343,24183,audio,"CRI AHX, 1 ch, 16364 Hz, 4.41 s"
4918,/voice/NA00_1903_005_005.ahx,103412736,103436511,23775,audio,"CRI AHX, 1 ch, 16364 Hz, 4.84 s"
4919,/voice/NA00_1903_005_007.ahx,103436800,103467367,30567,audio,"CRI AHX, 1 ch, 16364 Hz, 6.44 s"
4920,/voice/NA00_1903_005_009.ahx,103467520,103501366,33846,audio,"CRI AHX, 1 ch, 16364 Hz, 6.30 s"
4921,/voice/NA00_1903_005_009_1.ahx,103501824,103508108,6284,audio,"CRI AHX, 1 ch, 16364 Hz, 1.04 s"
4922,/voice/NA00_1903_005_011.ahx,103508480,103511499,3019,audio,"CRI AHX, 1 ch, 16364 Hz, 0.48 s"
4923,/voice/NA00_1903_005_013.ahx,103511552,103519465,7913,audio,"CRI AHX, 1 ch, 16364 Hz, 1.31 s"
4924,/voice/NA00_1903_013_004.ahx,103519744,103571743,51999,audio,"CRI AHX, 1 ch, 16364 Hz, 8.89 s"
4925,/voice/NA00_1903_013_006.ahx,103571968,103624809,52841,audio,"CRI AHX, 1 ch, 16364 Hz, 9.72 s"
4926,/voice/NA00_1903_013_008.ahx,103625216,103658075,32859,audio,"CRI AHX, 1 ch, 16364 Hz, 6.60 s"
4927,/voice/NA00_1903_013_010.ahx,103658496,103711719,53223,audio,"CRI AHX, 1 ch, 16364 Hz, 9.23 s"
4928,/voice/NA00_1903_013_010_1.ahx,103711744,103750735,38991,audio,"CRI AHX, 1 ch, 16364 Hz, 6.77 s"
4929,/voice/NA00_1903_013_012.ahx,103751168,103754502,3334,audio,"CRI AHX, 1 ch, 16364 Hz, 0.53 s"
4930,/voice/NA00_1903_013_012_1.ahx,103754752,103795695,40943,audio,"CRI AHX, 1 ch, 16364 Hz, 7.57 s"
4931,/voice/NA00_1903_013_012_2.ahx,103795712,103811341,15629,audio,"CRI AHX, 1 ch, 16364 Hz, 2.66 s"
4932,/voice/NA00_1903_013_012_3.ahx,103811584,103869721,58137,audio,"CRI AHX, 1 ch, 16364 Hz, 10.00 s"
4933,/voice/NA00_1903_013_014.ahx,103869952,103903618,33666,audio,"CRI AHX, 1 ch, 16364 Hz, 5.86 s"
4934,/voice/NA00_1904_001_005.ahx,103903744,103935527,31783,audio,"CRI AHX, 1 ch, 16364 Hz, 7.46 s"
4935,/voice/NA00_1904_001_012.ahx,103936000,103946662,10662,audio,"CRI AHX, 1 ch, 16364 Hz, 1.83 s"
4936,/voice/NA00_1904_001_014.ahx,103946752,103978318,31566,audio,"CRI AHX, 1 ch, 16364 Hz, 6.81 s"
4937,/voice/NA00_1904_001_018.ahx,103978496,103998833,20337,audio,"CRI AHX, 1 ch, 16364 Hz, 5.21 s"
4938,/voice/NA00_1904_001_020.ahx,103998976,104012437,13461,audio,"CRI AHX, 1 ch, 16364 Hz, 2.95 s"
4939,/voice/NA00_1904_001_027.ahx,104012800,104030548,17748,audio,"CRI AHX, 1 ch, 16364 Hz, 4.14 s"
4940,/voice/NA00_1904_001_029.ahx,104030720,104046527,15807,audio,"CRI AHX, 1 ch, 16364 Hz, 3.05 s"
4941,/voice/NA00_1904_001_029_1.ahx,104046592,104049567,2975,audio,"CRI AHX, 1 ch, 16364 Hz, 0.49 s"
4942,/voice/NA00_1904_001_046.ahx,104049664,104063131,13467,audio,"CRI AHX, 1 ch, 16364 Hz, 3.58 s"
4943,/voice/NA00_1904_002_001.ahx,104063488,104096282,32794,audio,"CRI AHX, 1 ch, 16364 Hz, 6.36 s"
4944,/voice/NA00_1904_002_007.ahx,104096768,104103009,6241,audio,"CRI AHX, 1 ch, 16364 Hz, 1.07 s"
4945,/voice/NA00_1904_002_013.ahx,104103424,104124933,21509,audio,"CRI AHX, 1 ch, 16364 Hz, 4.61 s"
4946,/voice/NA00_1904_002_021.ahx,104125440,104161590,36150,audio,"CRI AHX, 1 ch, 16364 Hz, 7.30 s"
4947,/voice/NA00_1904_002_021_1.ahx,104161792,104189370,27578,audio,"CRI AHX, 1 ch, 16364 Hz, 5.50 s"
4948,/voice/NA00_1904_002_025.ahx,104189440,104196936,7496,audio,"CRI AHX, 1 ch, 16364 Hz, 1.28 s"
4949,/voice/NA00_1904_002_026.ahx,104197120,104212706,15586,audio,"CRI AHX, 1 ch, 16364 Hz, 2.74 s"
4950,/voice/NA00_1904_002_033.ahx,104212992,104226339,13347,audio,"CRI AHX, 1 ch, 16364 Hz, 2.68 s"
4951,/voice/NA00_1904_003_002.ahx,104226816,104246974,20158,audio,"CRI AHX, 1 ch, 16364 Hz, 4.16 s"
4952,/voice/NA00_1904_003_002_1.ahx,104247296,104269067,21771,audio,"CRI AHX, 1 ch, 16364 Hz, 4.38 s"
4953,/voice/NA00_1904_003_008.ahx,104269312,104277281,7969,audio,"CRI AHX, 1 ch, 16364 Hz, 1.32 s"
4954,/voice/NA00_1904_003_015.ahx,104277504,104293486,15982,audio,"CRI AHX, 1 ch, 16364 Hz, 3.10 s"
4955,/voice/NA00_1904_003_017.ahx,104293888,104336425,42537,audio,"CRI AHX, 1 ch, 16364 Hz, 8.76 s"
4956,/voice/NA00_1904_003_019.ahx,104336896,104349531,12635,audio,"CRI AHX, 1 ch, 16364 Hz, 2.36 s"
4957,/voice/NA00_1904_003_019_1.ahx,104349696,104386129,36433,audio,"CRI AHX, 1 ch, 16364 Hz, 8.19 s"
4958,/voice/NA00_1904_003_022.ahx,104386560,104402745,16185,audio,"CRI AHX, 1 ch, 16364 Hz, 3.61 s"
4959,/voice/NA00_1904_003_031.ahx,104402944,104430029,27085,audio,"CRI AHX, 1 ch, 16364 Hz, 5.59 s"
4960,/voice/NA00_1904_003_038.ahx,104430080,104453403,23323,audio,"CRI AHX, 1 ch, 16364 Hz, 4.96 s"
4961,/voice/NA00_1904_004_003.ahx,104453632,104476080,22448,audio,"CRI AHX, 1 ch, 16364 Hz, 5.29 s"
4962,/voice/NA00_1904_004_003_1.ahx,104476160,104490924,14764,audio,"CRI AHX, 1 ch, 16364 Hz, 3.72 s"
4963,/voice/NA00_1904_004_016.ahx,104491008,104521685,30677,audio,"CRI AHX, 1 ch, 16364 Hz, 6.55 s"
4964,/voice/NA00_1904_004_024.ahx,104521728,104528871,7143,audio,"CRI AHX, 1 ch, 16364 Hz, 1.21 s"
4965,/voice/NA00_1904_004_030.ahx,104528896,104557980,29084,audio,"CRI AHX, 1 ch, 16364 Hz, 6.07 s"
4966,/voice/NA00_1904_004_030_1.ahx,104558080,104604090,46010,audio,"CRI AHX, 1 ch, 16364 Hz, 10.73 s"
4967,/voice/NA00_1904_004_030_2.ahx,104604160,104638977,34817,audio,"CRI AHX, 1 ch, 16364 Hz, 6.18 s"
4968,/voice/NA00_1904_004_034.ahx,104639488,104676970,37482,audio,"CRI AHX, 1 ch, 16364 Hz, 7.22 s"
4969,/voice/NA00_1904_005_004.ahx,104677376,104689891,12515,audio,"CRI AHX, 1 ch, 16364 Hz, 2.18 s"
4970,/voice/NA00_1904_005_006.ahx,104690176,104721373,31197,audio,"CRI AHX, 1 ch, 16364 Hz, 7.01 s"
4971,/voice/NA00_1904_005_009.ahx,104721408,104735510,14102,audio,"CRI AHX, 1 ch, 16364 Hz, 2.91 s"
4972,/voice/NA00_1904_005_039.ahx,104735744,104736007,263,audio,"CRI AHX, 1 ch, 16364 Hz, 1.00 s"
4973,/voice/NA00_1904_006_010.ahx,104736256,104745811,9555,audio,"CRI AHX, 1 ch, 16364 Hz, 2.04 s"
4974,/voice/NA00_1904_006_023.ahx,104745984,104760149,14165,audio,"CRI AHX, 1 ch, 16364 Hz, 2.39 s"
4975,/voice/NA00_1904_006_028.ahx,104760320,104787348,27028,audio,"CRI AHX, 1 ch, 16364 Hz, 5.31 s"
4976,/voice/NA00_1904_006_032.ahx,104787456,104816213,28757,audio,"CRI AHX, 1 ch, 16364 Hz, 5.61 s"
4977,/voice/NA00_1904_006_035.ahx,104816640,104854946,38306,audio,"CRI AHX, 1 ch, 16364 Hz, 8.01 s"
4978,/voice/NA00_1904_006_037.ahx,104855040,104863334,8294,audio,"CRI AHX, 1 ch, 16364 Hz, 1.40 s"
4979,/voice/NA00_1904_006_037_1.ahx,104863744,104897610,33866,audio,"CRI AHX, 1 ch, 16364 Hz, 9.07 s"
4980,/voice/NA00_1904_007_011.ahx,104898048,104920359,22311,audio,"CRI AHX, 1 ch, 16364 Hz, 4.23 s"
4981,/voice/NA00_1904_007_036.ahx,104920576,104936112,15536,audio,"CRI AHX, 1 ch, 16364 Hz, 4.07 s"
4982,/voice/NA00_1904_007_036_1.ahx,104936448,104957184,20736,audio,"CRI AHX, 1 ch, 16364 Hz, 3.73 s"
4983,/voice/NA00_1904_081_041.ahx,104957440,104958780,1340,audio,"CRI AHX, 1 ch, 16364 Hz, 0.19 s"
4984,/voice/NA00_1904_081_043.ahx,104958976,104961709,2733,audio,"CRI AHX, 1 ch, 16364 Hz, 0.46 s"
4985,/voice/NA00_1904_177_040.ahx,104962048,105013105,51057,audio,"CRI AHX, 1 ch, 16364 Hz, 9.53 s"
4986,/voice/NA00_1904_177_042.ahx,105013248,105038541,25293,audio,"CRI AHX, 1 ch, 16364 Hz, 4.81 s"
4987,/voice/NA00_1904_177_044.ahx,105038848,105053900,15052,audio,"CRI AHX, 1 ch, 16364 Hz, 3.10 s"
4988,/voice/NA00_1904_177_045.ahx,105054208,105065665,11457,audio,"CRI AHX, 1 ch, 16364 Hz, 1.96 s"
4989,/voice/NA00_2001_001_001.ahx,105065984,105090036,24052,audio,"CRI AHX, 1 ch, 16364 Hz, 6.14 s"
4990,/voice/NA00_2001_001_003.ahx,105090048,105092424,2376,audio,"CRI AHX, 1 ch, 16364 Hz, 0.38 s"
4991,/voice/NA00_2001_001_003_1.ahx,105092608,105105753,13145,audio,"CRI AHX, 1 ch, 16364 Hz, 2.71 s"
4992,/voice/NA00_2001_001_018.ahx,105105920,105123350,17430,audio,"CRI AHX, 1 ch, 16364 Hz, 3.28 s"
4993,/voice/NA00_2001_001_031.ahx,105123840,105128294,4454,audio,"CRI AHX, 1 ch, 16364 Hz, 0.73 s"
4994,/voice/NA00_2001_001_039.ahx,105128448,105145594,17146,audio,"CRI AHX, 1 ch, 16364 Hz, 3.43 s"
4995,/voice/NA00_2001_001_041.ahx,105145856,105158462,12606,audio,"CRI AHX, 1 ch, 16364 Hz, 2.53 s"
4996,/voice/NA00_2001_001_043.ahx,105158656,105163875,5219,audio,"CRI AHX, 1 ch, 16364 Hz, 1.15 s"
4997,/voice/NA00_2001_002_005.ahx,105164288,105175629,11341,audio,"CRI AHX, 1 ch, 16364 Hz, 2.30 s"
4998,/voice/NA00_2001_002_005_1.ahx,105176064,105213181,37117,audio,"CRI AHX, 1 ch, 16364 Hz, 8.36 s"
4999,/voice/NA00_2001_002_005_2.ahx,105213440,105227446,14006,audio,"CRI AHX, 1 ch, 16364 Hz, 3.20 s"
5000,/voice/NA00_2001_002_014.ahx,105227776,105244235,16459,audio,"CRI AHX, 1 ch, 16364 Hz, 2.77 s"
5001,/voice/NA00_2001_002_020.ahx,105244672,105247622,2950,audio,"CRI AHX, 1 ch, 16364 Hz, 0.49 s"
5002,/voice/NA00_2001_002_027.ahx,105247744,105277399,29655,audio,"CRI AHX, 1 ch, 16364 Hz, 7.15 s"
5003,/voice/NA00_2001_002_029.ahx,105277440,105280412,2972,audio,"CRI AHX, 1 ch, 16364 Hz, 0.52 s"
5004,/voice/NA00_2001_002_029_1.ahx,105280512,105287394,6882,audio,"CRI AHX, 1 ch, 16364 Hz, 1.15 s"
5005,/voice/NA00_2001_002_034.ahx,105287680,105310699,23019,audio,"CRI AHX, 1 ch, 16364 Hz, 5.41 s"
5006,/voice/NA00_2001_003_004.ahx,105310720,105313558,2838,audio,"CRI AHX, 1 ch, 16364 Hz, 0.74 s"
5007,/voice/NA00_2001_003_004_1.ahx,105313792,105337799,24007,audio,"CRI AHX, 1 ch, 16364 Hz, 5.30 s"
5008,/voice/NA00_2001_003_010.ahx,105337856,105351011,13155,audio,"CRI AHX, 1 ch, 16364 Hz, 2.25 s"
5009,/voice/NA00_2001_003_033.ahx,105351168,105370853,19685,audio,"CRI AHX, 1 ch, 16364 Hz, 4.40 s"
5010,/voice/NA00_2001_004_008.ahx,105371136,105388305,17169,audio,"CRI AHX, 1 ch, 16364 Hz, 3.48 s"
5011,/voice/NA00_2001_004_012.ahx,105388544,105419740,31196,audio,"CRI AHX, 1 ch, 16364 Hz, 6.65 s"
5012,/voice/NA00_2001_004_024.ahx,105419776,105441020,21244,audio,"CRI AHX, 1 ch, 16364 Hz, 4.44 s"
5013,/voice/NA00_2001_004_036.ahx,105441280,105476100,34820,audio,"CRI AHX, 1 ch, 16364 Hz, 6.95 s"
5014,/voice/NA00_2001_004_036_1.ahx,105476608,105493330,16722,audio,"CRI AHX, 1 ch, 16364 Hz, 2.81 s"
5015,/voice/NA00_2001_005_002.ahx,105493504,105508025,14521,audio,"CRI AHX, 1 ch, 16364 Hz, 3.38 s"
5016,/voice/NA00_2001_005_009.ahx,105508352,105525731,17379,audio,"CRI AHX, 1 ch, 16364 Hz, 4.55 s"
5017,/voice/NA00_2001_005_011.ahx,105525760,105556597,30837,audio,"CRI AHX, 1 ch, 16364 Hz, 5.84 s"
5018,/voice/NA00_2001_005_013.ahx,105556992,105596805,39813,audio,"CRI AHX, 1 ch, 16364 Hz, 8.61 s"
5019,/voice/NA00_2001_005_015.ahx,105596928,105611539,14611,audio,"CRI AHX, 1 ch, 16364 Hz, 3.26 s"
5020,/voice/NA00_2001_005_015_1.ahx,105611776,105653654,41878,audio,"CRI AHX, 1 ch, 16364 Hz, 9.01 s"
5021,/voice/NA00_2001_005_015_2.ahx,105653760,105662224,8464,audio,"CRI AHX, 1 ch, 16364 Hz, 1.40 s"
5022,/voice/NA00_2001_005_017.ahx,105662464,105677318,14854,audio,"CRI AHX, 1 ch, 16364 Hz, 3.75 s"
5023,/voice/NA00_2001_005_017_1.ahx,105677824,105707192,29368,audio,"CRI AHX, 1 ch, 16364 Hz, 5.30 s"
5024,/voice/NA00_2001_005_017_2.ahx,105707520,105744250,36730,audio,"CRI AHX, 1 ch, 16364 Hz, 8.24 s"
5025,/voice/NA00_2001_005_019.ahx,105744384,105765572,21188,audio,"CRI AHX, 1 ch, 16364 Hz, 4.05 s"
5026,/voice/NA00_2001_005_021.ahx,105765888,105793067,27179,audio,"CRI AHX, 1 ch, 16364 Hz, 5.39 s"
5027,/voice/NA00_2001_005_023.ahx,105793536,105818331,24795,audio,"CRI AHX, 1 ch, 16364 Hz, 4.70 s"
5028,/voice/NA00_2001_005_023_1.ahx,105818624,105838760,20136,audio,"CRI AHX, 1 ch, 16364 Hz, 3.48 s"
5029,/voice/NA00_2001_005_023_2.ahx,105839104,105869172,30068,audio,"CRI AHX, 1 ch, 16364 Hz, 5.40 s"
5030,/voice/NA00_2001_005_026.ahx,105869312,105880119,10807,audio,"CRI AHX, 1 ch, 16364 Hz, 2.69 s"
5031,/voice/NA00_2001_005_026_1.ahx,105880576,105888196,7620,audio,"CRI AHX, 1 ch, 16364 Hz, 1.39 s"
5032,/voice/NA00_2001_005_026_2.ahx,105888256,105923694,35438,audio,"CRI AHX, 1 ch, 16364 Hz, 6.66 s"
5033,/voice/NA00_2001_005_028.ahx,105924096,105933326,9230,audio,"CRI AHX, 1 ch, 16364 Hz, 1.81 s"
5034,/voice/NA00_2001_005_028_1.ahx,105933824,105952793,18969,audio,"CRI AHX, 1 ch, 16364 Hz, 3.72 s"
5035,/voice/NA00_2001_005_030.ahx,105953280,105985423,32143,audio,"CRI AHX, 1 ch, 16364 Hz, 6.52 s"
5036,/voice/NA00_2001_005_030_1.ahx,105985536,106011106,25570,audio,"CRI AHX, 1 ch, 16364 Hz, 5.12 s"
5037,/voice/NA00_2001_005_030_2.ahx,106011136,106053748,42612,audio,"CRI AHX, 1 ch, 16364 Hz, 9.01 s"
5038,/voice/NA00_2001_005_032.ahx,106054144,106089568,35424,audio,"CRI AHX, 1 ch, 16364 Hz, 7.45 s"
5039,/voice/NA00_2001_005_032_1.ahx,106089984,106108983,18999,audio,"CRI AHX, 1 ch, 16364 Hz, 4.19 s"
5040,/voice/NA00_2001_005_035.ahx,106109440,106130517,21077,audio,"CRI AHX, 1 ch, 16364 Hz, 5.07 s"
5041,/voice/NA00_2001_005_038.ahx,106130944,106152324,21380,audio,"CRI AHX, 1 ch, 16364 Hz, 4.52 s"
5042,/voice/NA00_2001_005_040.ahx,106152448,106186712,34264,audio,"CRI AHX, 1 ch, 16364 Hz, 7.35 s"
5043,/voice/NA00_2001_005_042.ahx,106186752,106192665,5913,audio,"CRI AHX, 1 ch, 16364 Hz, 0.96 s"
5044,/voice/NA00_2001_005_042_1.ahx,106192896,106220756,27860,audio,"CRI AHX, 1 ch, 16364 Hz, 5.82 s"
5045,/voice/NA00_2001_006_007.ahx,106221056,106227714,6658,audio,"CRI AHX, 1 ch, 16364 Hz, 1.14 s"
5046,/voice/NA00_2001_006_016.ahx,106228224,106259440,31216,audio,"CRI AHX, 1 ch, 16364 Hz, 5.91 s"
5047,/voice/NA00_2001_006_022.ahx,106259456,106284725,25269,audio,"CRI AHX, 1 ch, 16364 Hz, 5.21 s"
5048,/voice/NA00_2001_006_022_1.ahx,106285056,106302961,17905,audio,"CRI AHX, 1 ch, 16364 Hz, 3.56 s"
5049,/voice/NA00_2001_006_025.ahx,106302976,106318957,15981,audio,"CRI AHX, 1 ch, 16364 Hz, 3.08 s"
5050,/voice/NA00_2001_006_037.ahx,106319360,106340448,21088,audio,"CRI AHX, 1 ch, 16364 Hz, 4.49 s"
5051,/voice/NA00_2001_007_006.ahx,106340864,106351503,10639,audio,"CRI AHX, 1 ch, 16364 Hz, 2.18 s"
5052,/voice/NA00_2007_001_001.ahx,106351616,106357216,5600,audio,"CRI AHX, 1 ch, 16364 Hz, 1.29 s"
5053,/voice/NA00_2007_001_008.ahx,106357248,106373866,16618,audio,"CRI AHX, 1 ch, 16364 Hz, 3.58 s"
5054,/voice/NA00_2007_001_008_1.ahx,106374144,106405277,31133,audio,"CRI AHX, 1 ch, 16364 Hz, 6.56 s"
5055,/voice/NA00_2007_001_020.ahx,106405376,106408100,2724,audio,"CRI AHX, 1 ch, 16364 Hz, 0.45 s"
5056,/voice/NA00_2007_002_015.ahx,106408448,106436511,28063,audio,"CRI AHX, 1 ch, 16364 Hz, 5.68 s"
5057,/voice/NA00_2007_003_018.ahx,106436608,106454983,18375,audio,"CRI AHX, 1 ch, 16364 Hz, 4.79 s"
5058,/voice/NA00_2007_004_014.ahx,106455040,106471820,16780,audio,"CRI AHX, 1 ch, 16364 Hz, 5.37 s"
5059,/voice/NA00_2007_005_003.ahx,106471936,106472842,906,audio,"CRI AHX, 1 ch, 16364 Hz, 0.15 s"
5060,/voice/NA00_2007_005_005.ahx,106472960,106503826,30866,audio,"CRI AHX, 1 ch, 16364 Hz, 6.92 s"
5061,/voice/NA00_2007_005_007.ahx,106504192,106520934,16742,audio,"CRI AHX, 1 ch, 16364 Hz, 2.84 s"
5062,/voice/NA00_2007_005_010.ahx,106521088,106539537,18449,audio,"CRI AHX, 1 ch, 16364 Hz, 3.49 s"
5063,/voice/NA00_2007_005_012.ahx,106540032,106569237,29205,audio,"CRI AHX, 1 ch, 16364 Hz, 7.14 s"
5064,/voice/NA00_2007_005_021.ahx,106569728,106572314,2586,audio,"CRI AHX, 1 ch, 16364 Hz, 0.41 s"
5065,/voice/NA00_2007_006_017.ahx,106572800,106587632,14832,audio,"CRI AHX, 1 ch, 16364 Hz, 2.53 s"
5066,/voice/NA00_2007_007_002.ahx,106587648,106614565,26917,audio,"CRI AHX, 1 ch, 16364 Hz, 5.21 s"
5067,/voice/NA00_2007_013_004.ahx,106614784,106627721,12937,audio,"CRI AHX, 1 ch, 16364 Hz, 2.26 s"
5068,/voice/NA00_2007_013_006.ahx,106628096,106692898,64802,audio,"CRI AHX, 1 ch, 16364 Hz, 11.77 s"
5069,/voice/NA00_2007_013_006_1.ahx,106693120,106726907,33787,audio,"CRI AHX, 1 ch, 16364 Hz, 6.23 s"
5070,/voice/NA00_2007_013_009.ahx,106726912,106754768,27856,audio,"CRI AHX, 1 ch, 16364 Hz, 5.30 s"
5071,/voice/NA00_2007_013_009_1.ahx,106755072,106797771,42699,audio,"CRI AHX, 1 ch, 16364 Hz, 8.05 s"
5072,/voice/NA00_2007_013_011.ahx,106798080,106846009,47929,audio,"CRI AHX, 1 ch, 16364 Hz, 8.89 s"
5073,/voice/NA00_2007_013_013.ahx,106846208,106880635,34427,audio,"CRI AHX, 1 ch, 16364 Hz, 6.36 s"
5074,/voice/NA00_2007_013_013_1.ahx,106881024,106922733,41709,audio,"CRI AHX, 1 ch, 16364 Hz, 7.15 s"
5075,/voice/NA00_2007_013_016.ahx,106923008,106945460,22452,audio,"CRI AHX, 1 ch, 16364 Hz, 4.14 s"
5076,/voice/NA00_2007_013_019.ahx,106945536,106971047,25511,audio,"CRI AHX, 1 ch, 16364 Hz, 4.35 s"
5077,/voice/NA00_2007_013_019_1.ahx,106971136,107020936,49800,audio,"CRI AHX, 1 ch, 16364 Hz, 9.64 s"
5078,/voice/NA00_2008_001_010.ahx,107021312,107029719,8407,audio,"CRI AHX, 1 ch, 16364 Hz, 1.39 s"
5079,/voice/NA00_2008_002_004.ahx,107030016,107049442,19426,audio,"CRI AHX, 1 ch, 16364 Hz, 3.97 s"
5080,/voice/NA00_2008_003_007.ahx,107049472,107055696,6224,audio,"CRI AHX, 1 ch, 16364 Hz, 1.73 s"
5081,/voice/NA00_2008_003_009.ahx,107056128,107067302,11174,audio,"CRI AHX, 1 ch, 16364 Hz, 2.42 s"
5082,/voice/NA00_2008_004_005.ahx,107067392,107094628,27236,audio,"CRI AHX, 1 ch, 16364 Hz, 6.64 s"
5083,/voice/NA00_2008_004_005_1.ahx,107095040,107103119,8079,audio,"CRI AHX, 1 ch, 16364 Hz, 1.89 s"
5084,/voice/NA00_2008_005_001.ahx,107103232,107110340,7108,audio,"CRI AHX, 1 ch, 16364 Hz, 1.23 s"
5085,/voice/NA00_2008_005_003.ahx,107110400,107143842,33442,audio,"CRI AHX, 1 ch, 16364 Hz, 7.39 s"
5086,/voice/NA00_2008_005_016.ahx,107144192,107147172,2980,audio,"CRI AHX, 1 ch, 16364 Hz, 0.47 s"
5087,/voice/NA00_2008_005_018.ahx,107147264,107179102,31838,audio,"CRI AHX, 1 ch, 16364 Hz, 6.89 s"
5088,/voice/NA00_2008_013_002.ahx,107179520,107223130,43610,audio,"CRI AHX, 1 ch, 16364 Hz, 7.71 s"
5089,/voice/NA00_2008_013_006.ahx,107223552,107251972,28420,audio,"CRI AHX, 1 ch, 16364 Hz, 5.31 s"
5090,/voice/NA00_2008_013_008.ahx,107252224,107255162,2938,audio,"CRI AHX, 1 ch, 16364 Hz, 0.50 s"
5091,/voice/NA00_2008_013_011.ahx,107255296,107296486,41190,audio,"CRI AHX, 1 ch, 16364 Hz, 7.48 s"
5092,/voice/NA00_2008_013_013.ahx,107296768,107325885,29117,audio,"CRI AHX, 1 ch, 16364 Hz, 5.01 s"
5093,/voice/NA00_2008_013_015.ahx,107325952,107347094,21142,audio,"CRI AHX, 1 ch, 16364 Hz, 3.64 s"
5094,/voice/NA00_2008_081_012.ahx,107347456,107378559,31103,audio,"CRI AHX, 1 ch, 16364 Hz, 5.39 s"
5095,/voice/NA00_2008_081_012_1.ahx,107378688,107434688,56000,audio,"CRI AHX, 1 ch, 16364 Hz, 10.28 s"
5096,/voice/NA00_2008_081_014.ahx,107435008,107456870,21862,audio,"CRI AHX, 1 ch, 16364 Hz, 3.80 s"
5097,/voice/NA00_2008_081_014_1.ahx,107457024,107484755,27731,audio,"CRI AHX, 1 ch, 16364 Hz, 4.81 s"
5098,/voice/NA00_2008_081_017.ahx,107485184,107505821,20637,audio,"CRI AHX, 1 ch, 16364 Hz, 3.57 s"
5099,/voice/NA00_2008_081_019.ahx,107506176,107514491,8315,audio,"CRI AHX, 1 ch, 16364 Hz, 1.43 s"
5100,/voice/NA00_2203_001_032.ahx,107514880,107526637,11757,audio,"CRI AHX, 1 ch, 16364 Hz, 1.94 s"
5101,/voice/NA00_2203_002_010.ahx,107526656,107537418,10762,audio,"CRI AHX, 1 ch, 16364 Hz, 2.52 s"
5102,/voice/NA00_2203_002_034.ahx,107537920,107563092,25172,audio,"CRI AHX, 1 ch, 16364 Hz, 4.87 s"
5103,/voice/NA00_2203_002_036.ahx,107563520,107576239,12719,audio,"CRI AHX, 1 ch, 16364 Hz, 2.75 s"
5104,/voice/NA00_2203_003_003.ahx,107576320,107585605,9285,audio,"CRI AHX, 1 ch, 16364 Hz, 1.96 s"
5105,/voice/NA00_2203_003_029.ahx,107586048,107594806,8758,audio,"CRI AHX, 1 ch, 16364 Hz, 1.97 s"
5106,/voice/NA00_2203_004_002.ahx,107595264,107603487,8223,audio,"CRI AHX, 1 ch, 16364 Hz, 2.16 s"
5107,/voice/NA00_2203_004_004.ahx,107603968,107613394,9426,audio,"CRI AHX, 1 ch, 16364 Hz, 1.83 s"
5108,/voice/NA00_2203_004_013.ahx,107613696,107649645,35949,audio,"CRI AHX, 1 ch, 16364 Hz, 9.14 s"
5109,/voice/NA00_2203_004_015.ahx,107650048,107677326,27278,audio,"CRI AHX, 1 ch, 16364 Hz, 7.52 s"
5110,/voice/NA00_2203_004_028.ahx,107677696,107680284,2588,audio,"CRI AHX, 1 ch, 16364 Hz, 0.44 s"
5111,/voice/NA00_2203_004_028_1.ahx,107680768,107685364,4596,audio,"CRI AHX, 1 ch, 16364 Hz, 0.80 s"
5112,/voice/NA00_2203_004_030.ahx,107685376,107690990,5614,audio,"CRI AHX, 1 ch, 16364 Hz, 1.50 s"
5113,/voice/NA00_2203_005_011.ahx,107691008,107715660,24652,audio,"CRI AHX, 1 ch, 16364 Hz, 5.18 s"
5114,/voice/NA00_2203_005_011_1.ahx,107716096,107757466,41370,audio,"CRI AHX, 1 ch, 16364 Hz, 8.50 s"
5115,/voice/NA00_2203_005_031.ahx,107757568,107776890,19322,audio,"CRI AHX, 1 ch, 16364 Hz, 4.76 s"
5116,/voice/NA00_2203_005_033.ahx,107777024,107805560,28536,audio,"CRI AHX, 1 ch, 16364 Hz, 6.37 s"
5117,/voice/NA00_2203_006_012.ahx,107805696,107828618,22922,audio,"CRI AHX, 1 ch, 16364 Hz, 5.25 s"
5118,/voice/NA00_2203_006_035.ahx,107828736,107844289,15553,audio,"CRI AHX, 1 ch, 16364 Hz, 4.30 s"
5119,/voice/NA00_2203_006_035_1.ahx,107844608,107879040,34432,audio,"CRI AHX, 1 ch, 16364 Hz, 10.16 s"
5120,/voice/NA00_2203_006_037.ahx,107879424,107892744,13320,audio,"CRI AHX, 1 ch, 16364 Hz, 2.21 s"
5121,/voice/NA00_2203_030_021.ahx,107893248,107904919,11671,audio,"CRI AHX, 1 ch, 16364 Hz, 2.49 s"
5122,/voice/NA00_2203_030_023.ahx,107905024,107938541,33517,audio,"CRI AHX, 1 ch, 16364 Hz, 7.09 s"
5123,/voice/NA00_2203_030_023_1.ahx,107938816,107972517,33701,audio,"CRI AHX, 1 ch, 16364 Hz, 6.91 s"
5124,/voice/NA00_2203_030_025.ahx,107972608,107996893,24285,audio,"CRI AHX, 1 ch, 16364 Hz, 5.60 s"
5125,/voice/NA00_2203_030_025_1.ahx,107997184,108014213,17029,audio,"CRI AHX, 1 ch, 16364 Hz, 4.13 s"
5126,/voice/NA00_2203_037_022.ahx,108014592,108040864,26272,audio,"CRI AHX, 1 ch, 16364 Hz, 6.40 s"
5127,/voice/NA00_2203_037_024.ahx,108041216,108071970,30754,audio,"CRI AHX, 1 ch, 16364 Hz, 7.13 s"
5128,/voice/NA00_2203_037_026.ahx,108072448,108080008,7560,audio,"CRI AHX, 1 ch, 16364 Hz, 2.19 s"
5129,/voice/NA00_2203_037_027.ahx,108080128,108110472,30344,audio,"CRI AHX, 1 ch, 16364 Hz, 8.33 s"
5130,/voice/NA00_2203_048_016.ahx,108110848,108134789,23941,audio,"CRI AHX, 1 ch, 16364 Hz, 4.62 s"
5131,/voice/NA00_2203_048_016_1.ahx,108134912,108150884,15972,audio,"CRI AHX, 1 ch, 16364 Hz, 2.70 s"
5132,/voice/NA00_2203_048_018.ahx,108151296,108193334,42038,audio,"CRI AHX, 1 ch, 16364 Hz, 7.92 s"
5133,/voice/NA00_2203_048_020.ahx,108193792,108202122,8330,audio,"CRI AHX, 1 ch, 16364 Hz, 1.42 s"
5134,/voice/NA00_2203_049_017.ahx,108202496,108246417,43921,audio,"CRI AHX, 1 ch, 16364 Hz, 8.98 s"
5135,/voice/NA00_2203_050_019.ahx,108246528,108265569,19041,audio,"CRI AHX, 1 ch, 16364 Hz, 4.84 s"
5136,/voice/NA00_2203_227_001.ahx,108265984,108286059,20075,audio,"CRI AHX, 1 ch, 16364 Hz, 3.47 s"
5137,/voice/NA00_2203_227_005.ahx,108286464,108321116,34652,audio,"CRI AHX, 1 ch, 16364 Hz, 6.03 s"
5138,/voice/NA00_2203_227_006.ahx,108321280,108341904,20624,audio,"CRI AHX, 1 ch, 16364 Hz, 3.68 s"
5139,/voice/NA00_2203_227_007.ahx,108342272,108382670,40398,audio,"CRI AHX, 1 ch, 16364 Hz, 7.28 s"
5140,/voice/NA00_2203_227_008.ahx,108382720,108456876,74156,audio,"CRI AHX, 1 ch, 16364 Hz, 13.03 s"
5141,/voice/NA00_2203_227_009.ahx,108456960,108514839,57879,audio,"CRI AHX, 1 ch, 16364 Hz, 10.46 s"
5142,/voice/NA00_2203_227_014.ahx,108515328,108537155,21827,audio,"CRI AHX, 1 ch, 16364 Hz, 3.86 s"
5143,/voice/NA00_2302_027_008.ahx,108537344,108560282,22938,audio,"CRI AHX, 1 ch, 16364 Hz, 5.37 s"
5144,/voice/NA00_2302_027_008_1.ahx,108560384,108577323,16939,audio,"CRI AHX, 1 ch, 16364 Hz, 4.70 s"
5145,/voice/NA00_2302_027_010.ahx,108577792,108584389,6597,audio,"CRI AHX, 1 ch, 16364 Hz, 1.10 s"
5146,/voice/NA00_2302_027_010_1.ahx,108584448,108614933,30485,audio,"CRI AHX, 1 ch, 16364 Hz, 6.18 s"
5147,/voice/NA00_2302_028_005.ahx,108615168,108622745,7577,audio,"CRI AHX, 1 ch, 16364 Hz, 1.28 s"
5148,/voice/NA00_2302_028_006.ahx,108622848,108655796,32948,audio,"CRI AHX, 1 ch, 16364 Hz, 7.51 s"
5149,/voice/NA00_2302_028_006_1.ahx,108656128,108696093,39965,audio,"CRI AHX, 1 ch, 16364 Hz, 8.58 s"
5150,/voice/NA00_2302_028_006_2.ahx,108696576,108719742,23166,audio,"CRI AHX, 1 ch, 16364 Hz, 4.78 s"
5151,/voice/NA00_2302_028_007.ahx,108720128,108740027,19899,audio,"CRI AHX, 1 ch, 16364 Hz, 4.94 s"
5152,/voice/NA00_2302_028_009.ahx,108740096,108752744,12648,audio,"CRI AHX, 1 ch, 16364 Hz, 2.47 s"
5153,/voice/NA00_2302_028_009_1.ahx,108752896,108772852,19956,audio,"CRI AHX, 1 ch, 16364 Hz, 3.96 s"
5154,/voice/NA00_2302_028_011.ahx,108772864,108802823,29959,audio,"CRI AHX, 1 ch, 16364 Hz, 5.90 s"
5155,/voice/NA00_2302_028_011_1.ahx,108803072,108827776,24704,audio,"CRI AHX, 1 ch, 16364 Hz, 5.29 s"
5156,/voice/NA00_2302_028_012.ahx,108828160,108832848,4688,audio,"CRI AHX, 1 ch, 16364 Hz, 0.76 s"
5157,/voice/NA00_2303_001_014.ahx,108833280,108858953,25673,audio,"CRI AHX, 1 ch, 16364 Hz, 5.87 s"
5158,/voice/NA00_2303_002_002.ahx,108859392,108866388,6996,audio,"CRI AHX, 1 ch, 16364 Hz, 1.22 s"
5159,/voice/NA00_2303_002_004.ahx,108866560,108878612,12052,audio,"CRI AHX, 1 ch, 16364 Hz, 2.01 s"
5160,/voice/NA00_2303_002_006.ahx,108878848,108893111,14263,audio,"CRI AHX, 1 ch, 16364 Hz, 3.09 s"
5161,/voice/NA00_2303_002_006_1.ahx,108893184,108915627,22443,audio,"CRI AHX, 1 ch, 16364 Hz, 3.87 s"
5162,/voice/NA00_2303_003_010.ahx,108915712,108939752,24040,audio,"CRI AHX, 1 ch, 16364 Hz, 5.48 s"
5163,/voice/NA00_2303_003_021.ahx,108939776,108952035,12259,audio,"CRI AHX, 1 ch, 16364 Hz, 2.58 s"
5164,/voice/NA00_2303_004_007.ahx,108952064,108963442,11378,audio,"CRI AHX, 1 ch, 16364 Hz, 2.26 s"
5165,/voice/NA00_2303_005_012.ahx,108963840,108997126,33286,audio,"CRI AHX, 1 ch, 16364 Hz, 7.14 s"
5166,/voice/NA00_2303_005_019.ahx,108997632,109016511,18879,audio,"CRI AHX, 1 ch, 16364 Hz, 4.16 s"
5167,/voice/NA00_2303_006_008.ahx,109016576,109026585,10009,audio,"CRI AHX, 1 ch, 16364 Hz, 1.69 s"
5168,/voice/NA00_2303_006_016.ahx,109026816,109042597,15781,audio,"CRI AHX, 1 ch, 16364 Hz, 2.65 s"
5169,/voice/NA00_2303_006_018.ahx,109042688,109047792,5104,audio,"CRI AHX, 1 ch, 16364 Hz, 0.88 s"
5170,/voice/NA00_2303_006_018_1.ahx,109047808,109063052,15244,audio,"CRI AHX, 1 ch, 16364 Hz, 3.45 s"
5171,/voice/NA00_2303_006_020.ahx,109063168,109074037,10869,audio,"CRI AHX, 1 ch, 16364 Hz, 2.07 s"
5172,/voice/NA00_2303_009_001.ahx,109074432,109109408,34976,audio,"CRI AHX, 1 ch, 16364 Hz, 6.34 s"
5173,/voice/NA00_2303_009_003.ahx,109109760,109150612,40852,audio,"CRI AHX, 1 ch, 16364 Hz, 9.43 s"
5174,/voice/NA00_2303_009_005.ahx,109150720,109154871,4151,audio,"CRI AHX, 1 ch, 16364 Hz, 0.71 s"
5175,/voice/NA00_2303_009_009.ahx,109155328,109192923,37595,audio,"CRI AHX, 1 ch, 16364 Hz, 6.56 s"
5176,/voice/NA00_2303_009_011.ahx,109193216,109238707,45491,audio,"CRI AHX, 1 ch, 16364 Hz, 10.32 s"
5177,/voice/NA00_2303_009_013.ahx,109238784,109279796,41012,audio,"CRI AHX, 1 ch, 16364 Hz, 7.52 s"
5178,/voice/NA00_2303_009_015.ahx,109280256,109324205,43949,audio,"CRI AHX, 1 ch, 16364 Hz, 8.12 s"
5179,/voice/NA00_2303_009_017.ahx,109324288,109369400,45112,audio,"CRI AHX, 1 ch, 16364 Hz, 8.22 s"
5180,/voice/NA00_2303_009_017_1.ahx,109369856,109414379,44523,audio,"CRI AHX, 1 ch, 16364 Hz, 8.78 s"
5181,/voice/NA00_2303_009_017_2.ahx,109414400,109440494,26094,audio,"CRI AHX, 1 ch, 16364 Hz, 5.04 s"
5182,/voice/NA00_2304_002_007.ahx,109440512,109470139,29627,audio,"CRI AHX, 1 ch, 16364 Hz, 5.84 s"
5183,/voice/NA00_2304_003_005.ahx,109470208,109487456,17248,audio,"CRI AHX, 1 ch, 16364 Hz, 3.44 s"
5184,/voice/NA00_2304_004_006.ahx,109487616,109501625,14009,audio,"CRI AHX, 1 ch, 16364 Hz, 2.85 s"
5185,/voice/NA00_2304_005_002.ahx,109501952,109515216,13264,audio,"CRI AHX, 1 ch, 16364 Hz, 2.25 s"
5186,/voice/NA00_2304_005_008.ahx,109515264,109532472,17208,audio,"CRI AHX, 1 ch, 16364 Hz, 3.65 s"
5187,/voice/NA00_2304_005_008_1.ahx,109532672,109555322,22650,audio,"CRI AHX, 1 ch, 16364 Hz, 5.00 s"
5188,/voice/NA00_2304_009_001.ahx,109555712,109558667,2955,audio,"CRI AHX, 1 ch, 16364 Hz, 0.50 s"
5189,/voice/NA00_2304_009_001_1.ahx,109558784,109578465,19681,audio,"CRI AHX, 1 ch, 16364 Hz, 3.64 s"
5190,/voice/NA00_2304_009_003.ahx,109578752,109586727,7975,audio,"CRI AHX, 1 ch, 16364 Hz, 1.93 s"
5191,/voice/NA00_2304_009_004.ahx,109586944,109620416,33472,audio,"CRI AHX, 1 ch, 16364 Hz, 7.87 s"
5192,/voice/NA00_2404_030_007.ahx,109620736,109647133,26397,audio,"CRI AHX, 1 ch, 16364 Hz, 6.14 s"
5193,/voice/NA00_2404_030_009.ahx,109647360,109672573,25213,audio,"CRI AHX, 1 ch, 16364 Hz, 5.31 s"
5194,/voice/NA00_2404_030_011.ahx,109672960,109692834,19874,audio,"CRI AHX, 1 ch, 16364 Hz, 4.03 s"
5195,/voice/NA00_2404_030_011_1.ahx,109692928,109710816,17888,audio,"CRI AHX, 1 ch, 16364 Hz, 3.01 s"
5196,/voice/NA00_2404_030_013.ahx,109710848,109717761,6913,audio,"CRI AHX, 1 ch, 16364 Hz, 1.15 s"
5197,/voice/NA00_2404_037_006.ahx,109718016,109729962,11946,audio,"CRI AHX, 1 ch, 16364 Hz, 2.02 s"
5198,/voice/NA00_2404_037_006_1.ahx,109730304,109765154,34850,audio,"CRI AHX, 1 ch, 16364 Hz, 6.91 s"
5199,/voice/NA00_2404_037_008.ahx,109765632,109784182,18550,audio,"CRI AHX, 1 ch, 16364 Hz, 3.87 s"
5200,/voice/NA00_2404_037_010.ahx,109784576,109808584,24008,audio,"CRI AHX, 1 ch, 16364 Hz, 5.15 s"
5201,/voice/NA00_2404_037_010_1.ahx,109808640,109849088,40448,audio,"CRI AHX, 1 ch, 16364 Hz, 8.16 s"
5202,/voice/NA00_2404_037_010_2.ahx,109849088,109896208,47120,audio,"CRI AHX, 1 ch, 16364 Hz, 10.20 s"
5203,/voice/NA00_2404_037_012.ahx,109896704,109930895,34191,audio,"CRI AHX, 1 ch, 16364 Hz, 7.40 s"
5204,/voice/NA00_2404_037_014.ahx,109931008,109958506,27498,audio,"CRI AHX, 1 ch, 16364 Hz, 5.69 s"
5205,/voice/NA00_2404_037_015.ahx,109958656,109989251,30595,audio,"CRI AHX, 1 ch, 16364 Hz, 8.84 s"
5206,/voice/NA00_2405_001_008.ahx,109989376,109993437,4061,audio,"CRI AHX, 1 ch, 16364 Hz, 0.71 s"
5207,/voice/NA00_2405_001_008_1.ahx,109993472,110030130,36658,audio,"CRI AHX, 1 ch, 16364 Hz, 8.16 s"
5208,/voice/NA00_2405_001_012.ahx,110030336,110034587,4251,audio,"CRI AHX, 1 ch, 16364 Hz, 0.92 s"
5209,/voice/NA00_2405_001_012_1.ahx,110034944,110078272,43328,audio,"CRI AHX, 1 ch, 16364 Hz, 8.80 s"
5210,/voice/NA00_2405_001_014.ahx,110078464,110102602,24138,audio,"CRI AHX, 1 ch, 16364 Hz, 4.84 s"
5211,/voice/NA00_2405_001_017.ahx,110103040,110119337,16297,audio,"CRI AHX, 1 ch, 16364 Hz, 3.74 s"
5212,/voice/NA00_2405_001_030.ahx,110119424,110133148,13724,audio,"CRI AHX, 1 ch, 16364 Hz, 3.13 s"
5213,/voice/NA00_2405_001_043.ahx,110133248,110140318,7070,audio,"CRI AHX, 1 ch, 16364 Hz, 1.65 s"
5214,/voice/NA00_2405_002_010.ahx,110140416,110153263,12847,audio,"CRI AHX, 1 ch, 16364 Hz, 3.16 s"
5215,/voice/NA00_2405_002_018.ahx,110153728,110187572,33844,audio,"CRI AHX, 1 ch, 16364 Hz, 6.76 s"
5216,/voice/NA00_2405_002_023.ahx,110188032,110204559,16527,audio,"CRI AHX, 1 ch, 16364 Hz, 3.03 s"
5217,/voice/NA00_2405_002_025.ahx,110204928,110206274,1346,audio,"CRI AHX, 1 ch, 16364 Hz, 0.19 s"
5218,/voice/NA00_2405_002_026.ahx,110206464,110235062,28598,audio,"CRI AHX, 1 ch, 16364 Hz, 5.18 s"
5219,/voice/NA00_2405_002_028.ahx,110235136,110241178,6042,audio,"CRI AHX, 1 ch, 16364 Hz, 1.28 s"
5220,/voice/NA00_2405_002_034.ahx,110241280,110245141,3861,audio,"CRI AHX, 1 ch, 16364 Hz, 0.64 s"
5221,/voice/NA00_2405_002_047.ahx,110245376,110254826,9450,audio,"CRI AHX, 1 ch, 16364 Hz, 1.84 s"
5222,/voice/NA00_2405_003_011.ahx,110255104,110267530,12426,audio,"CRI AHX, 1 ch, 16364 Hz, 2.59 s"
5223,/voice/NA00_2405_003_019.ahx,110267904,110281149,13245,audio,"CRI AHX, 1 ch, 16364 Hz, 2.91 s"
5224,/voice/NA00_2405_003_024.ahx,110281216,110319588,38372,audio,"CRI AHX, 1 ch, 16364 Hz, 7.89 s"
5225,/voice/NA00_2405_003_027.ahx,110319616,110323117,3501,audio,"CRI AHX, 1 ch, 16364 Hz, 0.59 s"
5226,/voice/NA00_2405_003_027_1.ahx,110323200,110349918,26718,audio,"CRI AHX, 1 ch, 16364 Hz, 5.23 s"
5227,/voice/NA00_2405_003_033.ahx,110350336,110353762,3426,audio,"CRI AHX, 1 ch, 16364 Hz, 0.55 s"
5228,/voice/NA00_2405_003_048.ahx,110353920,110374647,20727,audio,"CRI AHX, 1 ch, 16364 Hz, 3.80 s"
5229,/voice/NA00_2405_004_016.ahx,110374912,110394497,19585,audio,"CRI AHX, 1 ch, 16364 Hz, 3.62 s"
5230,/voice/NA00_2405_004_021.ahx,110394880,110420179,25299,audio,"CRI AHX, 1 ch, 16364 Hz, 5.04 s"
5231,/voice/NA00_2405_004_036.ahx,110420480,110424468,3988,audio,"CRI AHX, 1 ch, 16364 Hz, 0.65 s"
5232,/voice/NA00_2405_004_039.ahx,110424576,110451708,27132,audio,"CRI AHX, 1 ch, 16364 Hz, 5.63 s"
5233,/voice/NA00_2405_004_041.ahx,110451712,110461903,10191,audio,"CRI AHX, 1 ch, 16364 Hz, 2.60 s"
5234,/voice/NA00_2405_005_037.ahx,110461952,110485935,23983,audio,"CRI AHX, 1 ch, 16364 Hz, 5.30 s"
5235,/voice/NA00_2405_005_044.ahx,110486016,110500985,14969,audio,"CRI AHX, 1 ch, 16364 Hz, 3.69 s"
5236,/voice/NA00_2405_006_009.ahx,110501376,110510124,8748,audio,"CRI AHX, 1 ch, 16364 Hz, 2.32 s"
5237,/voice/NA00_2405_006_010_1.ahx,110510592,110546927,36335,audio,"CRI AHX, 1 ch, 16364 Hz, 6.22 s"
5238,/voice/NA00_2405_006_013.ahx,110546944,110550715,3771,audio,"CRI AHX, 1 ch, 16364 Hz, 0.60 s"
5239,/voice/NA00_2405_006_015.ahx,110551040,110584802,33762,audio,"CRI AHX, 1 ch, 16364 Hz, 5.79 s"
5240,/voice/NA00_2405_006_020.ahx,110584832,110601490,16658,audio,"CRI AHX, 1 ch, 16364 Hz, 2.83 s"
5241,/voice/NA00_2405_006_020_1.ahx,110601728,110608025,6297,audio,"CRI AHX, 1 ch, 16364 Hz, 1.06 s"
5242,/voice/NA00_2405_006_032.ahx,110608384,110639967,31583,audio,"CRI AHX, 1 ch, 16364 Hz, 5.35 s"
5243,/voice/NA00_2405_006_045.ahx,110640128,110645596,5468,audio,"CRI AHX, 1 ch, 16364 Hz, 0.93 s"
5244,/voice/NA00_2405_006_046.ahx,110645760,110660353,14593,audio,"CRI AHX, 1 ch, 16364 Hz, 3.22 s"
5245,/voice/NA00_2405_011_022.ahx,110660608,110685558,24950,audio,"CRI AHX, 1 ch, 16364 Hz, 4.99 s"
5246,/voice/NA00_2405_011_029.ahx,110685696,110711485,25789,audio,"CRI AHX, 1 ch, 16364 Hz, 5.31 s"
5247,/voice/NA00_2405_011_029_1.ahx,110711808,110743662,31854,audio,"CRI AHX, 1 ch, 16364 Hz, 6.80 s"
5248,/voice/NA00_2405_011_031.ahx,110744064,110773418,29354,audio,"CRI AHX, 1 ch, 16364 Hz, 6.49 s"
5249,/voice/NA00_2405_011_035.ahx,110773760,110785509,11749,audio,"CRI AHX, 1 ch, 16364 Hz, 1.97 s"
5250,/voice/NA00_2405_011_035_1.ahx,110785536,110806940,21404,audio,"CRI AHX, 1 ch, 16364 Hz, 4.86 s"
5251,/voice/NA00_2405_011_038.ahx,110807040,110829987,22947,audio,"CRI AHX, 1 ch, 16364 Hz, 4.42 s"
5252,/voice/NA00_2405_011_038_1.ahx,110830080,110866676,36596,audio,"CRI AHX, 1 ch, 16364 Hz, 7.78 s"
5253,/voice/NA00_2405_011_040.ahx,110866944,110880383,13439,audio,"CRI AHX, 1 ch, 16364 Hz, 2.76 s"
5254,/voice/NA00_2405_011_042.ahx,110880768,110897287,16519,audio,"CRI AHX, 1 ch, 16364 Hz, 4.34 s"
5255,/voice/NA00_2405_011_042_1.ahx,110897664,110916080,18416,audio,"CRI AHX, 1 ch, 16364 Hz, 4.20 s"
5256,/voice/NA00_2405_039_003.ahx,110916096,110929526,13430,audio,"CRI AHX, 1 ch, 16364 Hz, 3.07 s"
5257,/voice/NA00_2405_039_003_1.ahx,110929920,110968015,38095,audio,"CRI AHX, 1 ch, 16364 Hz, 7.82 s"
5258,/voice/NA00_2405_039_003_2.ahx,110968320,111015108,46788,audio,"CRI AHX, 1 ch, 16364 Hz, 9.70 s"
5259,/voice/NA00_2405_039_003_3.ahx,111015424,111060629,45205,audio,"CRI AHX, 1 ch, 16364 Hz, 10.14 s"
5260,/voice/NA00_2405_039_005.ahx,111060992,111071163,10171,audio,"CRI AHX, 1 ch, 16364 Hz, 1.71 s"
5261,/voice/NA00_2405_060_004.ahx,111071232,111102339,31107,audio,"CRI AHX, 1 ch, 16364 Hz, 5.47 s"
5262,/voice/NA00_2405_060_006.ahx,111102464,111114450,11986,audio,"CRI AHX, 1 ch, 16364 Hz, 2.09 s"
5263,/voice/NA00_2405_060_007.ahx,111114752,111129099,14347,audio,"CRI AHX, 1 ch, 16364 Hz, 2.52 s"
5264,/voice/NA00_2405_228_018_1.ahx,111129600,111139541,9941,audio,"CRI AHX, 1 ch, 16364 Hz, 1.75 s"
5265,/voice/NA00_2603_001_003.ahx,111139840,111151633,11793,audio,"CRI AHX, 1 ch, 16364 Hz, 2.20 s"
5266,/voice/NA00_2603_001_005.ahx,111152128,111162609,10481,audio,"CRI AHX, 1 ch, 16364 Hz, 1.73 s"
5267,/voice/NA00_2603_001_017.ahx,111162880,111196692,33812,audio,"CRI AHX, 1 ch, 16364 Hz, 7.85 s"
5268,/voice/NA00_2603_001_017_1.ahx,111197184,111212715,15531,audio,"CRI AHX, 1 ch, 16364 Hz, 2.61 s"
5269,/voice/NA00_2603_001_019.ahx,111213056,111219044,5988,audio,"CRI AHX, 1 ch, 16364 Hz, 1.57 s"
5270,/voice/NA00_2603_001_027.ahx,111219200,111234020,14820,audio,"CRI AHX, 1 ch, 16364 Hz, 3.47 s"
5271,/voice/NA00_2603_001_034.ahx,111234048,111250367,16319,audio,"CRI AHX, 1 ch, 16364 Hz, 3.24 s"
5272,/voice/NA00_2603_002_007.ahx,111250432,111262227,11795,audio,"CRI AHX, 1 ch, 16364 Hz, 1.96 s"
5273,/voice/NA00_2603_002_029.ahx,111262720,111287864,25144,audio,"CRI AHX, 1 ch, 16364 Hz, 5.77 s"
5274,/voice/NA00_2603_003_030.ahx,111288320,111298532,10212,audio,"CRI AHX, 1 ch, 16364 Hz, 2.02 s"
5275,/voice/NA00_2603_004_002.ahx,111298560,111303766,5206,audio,"CRI AHX, 1 ch, 16364 Hz, 0.98 s"
5276,/voice/NA00_2603_004_009.ahx,111304192,111313506,9314,audio,"CRI AHX, 1 ch, 16364 Hz, 2.03 s"
5277,/voice/NA00_2603_004_009_1.ahx,111313920,111336449,22529,audio,"CRI AHX, 1 ch, 16364 Hz, 5.05 s"
5278,/voice/NA00_2603_004_009_2.ahx,111336960,111373703,36743,audio,"CRI AHX, 1 ch, 16364 Hz, 9.89 s"
5279,/voice/NA00_2603_004_011.ahx,111373824,111382589,8765,audio,"CRI AHX, 1 ch, 16364 Hz, 1.50 s"
5280,/voice/NA00_2603_004_013.ahx,111383040,111389058,6018,audio,"CRI AHX, 1 ch, 16364 Hz, 1.81 s"
5281,/voice/NA00_2603_004_015.ahx,111389184,111404787,15603,audio,"CRI AHX, 1 ch, 16364 Hz, 3.55 s"
5282,/voice/NA00_2603_004_032.ahx,111405056,111421767,16711,audio,"CRI AHX, 1 ch, 16364 Hz, 2.90 s"
5283,/voice/NA00_2603_004_035.ahx,111421952,111450331,28379,audio,"CRI AHX, 1 ch, 16364 Hz, 7.61 s"
5284,/voice/NA00_2603_005_031.ahx,111450624,111468574,17950,audio,"CRI AHX, 1 ch, 16364 Hz, 3.56 s"
5285,/voice/NA00_2603_006_033.ahx,111469056,111487391,18335,audio,"CRI AHX, 1 ch, 16364 Hz, 3.08 s"
5286,/voice/NA00_2603_006_033_1.ahx,111487488,111496401,8913,audio,"CRI AHX, 1 ch, 16364 Hz, 1.90 s"
5287,/voice/NA00_2603_011_001.ahx,111496704,111528654,31950,audio,"CRI AHX, 1 ch, 16364 Hz, 7.22 s"
5288,/voice/NA00_2603_011_004.ahx,111528960,111555938,26978,audio,"CRI AHX, 1 ch, 16364 Hz, 5.55 s"
5289,/voice/NA00_2603_011_006.ahx,111556096,111583801,27705,audio,"CRI AHX, 1 ch, 16364 Hz, 6.24 s"
5290,/voice/NA00_2603_011_006_1.ahx,111584256,111610801,26545,audio,"CRI AHX, 1 ch, 16364 Hz, 5.05 s"
5291,/voice/NA00_2603_011_008.ahx,111610880,111656239,45359,audio,"CRI AHX, 1 ch, 16364 Hz, 9.48 s"
5292,/voice/NA00_2603_011_008_1.ahx,111656448,111677270,20822,audio,"CRI AHX, 1 ch, 16364 Hz, 3.68 s"
5293,/voice/NA00_2603_011_010.ahx,111677440,111721018,43578,audio,"CRI AHX, 1 ch, 16364 Hz, 8.94 s"
5294,/voice/NA00_2603_011_012.ahx,111721472,111756746,35274,audio,"CRI AHX, 1 ch, 16364 Hz, 7.14 s"
5295,/voice/NA00_2603_011_012_1.ahx,111756800,111790474,33674,audio,"CRI AHX, 1 ch, 16364 Hz, 7.72 s"
5296,/voice/NA00_2603_011_012_2.ahx,111790592,111827718,37126,audio,"CRI AHX, 1 ch, 16364 Hz, 7.68 s"
5297,/voice/NA00_2603_011_014.ahx,111827968,111861027,33059,audio,"CRI AHX, 1 ch, 16364 Hz, 6.68 s"
5298,/voice/NA00_2603_011_014_1.ahx,111861248,111884140,22892,audio,"CRI AHX, 1 ch, 16364 Hz, 4.54 s"
5299,/voice/NA00_2603_011_016.ahx,111884288,111898268,13980,audio,"CRI AHX, 1 ch, 16364 Hz, 2.36 s"
5300,/voice/NA00_2603_011_018.ahx,111898624,111906562,7938,audio,"CRI AHX, 1 ch, 16364 Hz, 1.34 s"
5301,/voice/NA00_2603_011_018_1.ahx,111906816,111944507,37691,audio,"CRI AHX, 1 ch, 16364 Hz, 8.16 s"
5302,/voice/NA00_2603_011_028.ahx,111944704,111971304,26600,audio,"CRI AHX, 1 ch, 16364 Hz, 5.37 s"
5303,/voice/NA00_2603_011_028_1.ahx,111971328,111999080,27752,audio,"CRI AHX, 1 ch, 16364 Hz, 5.21 s"
5304,/voice/NA00_2603_027_021.ahx,111999488,112027147,27659,audio,"CRI AHX, 1 ch, 16364 Hz, 6.15 s"
5305,/voice/NA00_2603_027_023.ahx,112027648,112065577,37929,audio,"CRI AHX, 1 ch, 16364 Hz, 9.83 s"
5306,/voice/NA00_2603_027_025.ahx,112066048,112091760,25712,audio,"CRI AHX, 1 ch, 16364 Hz, 6.28 s"
5307,/voice/NA00_2603_027_025_1.ahx,112092160,112128794,36634,audio,"CRI AHX, 1 ch, 16364 Hz, 7.94 s"
5308,/voice/NA00_2603_030_020.ahx,112129024,112157625,28601,audio,"CRI AHX, 1 ch, 16364 Hz, 5.81 s"
5309,/voice/NA00_2603_030_022.ahx,112157696,112180586,22890,audio,"CRI AHX, 1 ch, 16364 Hz, 5.23 s"
5310,/voice/NA00_2603_030_022_1.ahx,112180736,112190911,10175,audio,"CRI AHX, 1 ch, 16364 Hz, 2.63 s"
5311,/voice/NA00_2603_030_024.ahx,112190976,112222203,31227,audio,"CRI AHX, 1 ch, 16364 Hz, 6.99 s"
5312,/voice/NA00_2603_030_026.ahx,112222208,112256150,33942,audio,"CRI AHX, 1 ch, 16364 Hz, 7.00 s"
5313,/voice/NA00_2604_001_002.ahx,112256512,112270618,14106,audio,"CRI AHX, 1 ch, 16364 Hz, 3.10 s"
5314,/voice/NA00_2604_001_004.ahx,112270848,112275664,4816,audio,"CRI AHX, 1 ch, 16364 Hz, 0.82 s"
5315,/voice/NA00_2604_001_018.ahx,112275968,112280642,4674,audio,"CRI AHX, 1 ch, 16364 Hz, 0.77 s"
5316,/voice/NA00_2604_002_013.ahx,112281088,112290213,9125,audio,"CRI AHX, 1 ch, 16364 Hz, 1.57 s"
5317,/voice/NA00_2604_003_015.ahx,112290304,112309741,19437,audio,"CRI AHX, 1 ch, 16364 Hz, 3.79 s"
5318,/voice/NA00_2604_003_015_1.ahx,112309760,112331946,22186,audio,"CRI AHX, 1 ch, 16364 Hz, 4.00 s"
5319,/voice/NA00_2604_003_020.ahx,112332288,112350987,18699,audio,"CRI AHX, 1 ch, 16364 Hz, 3.72 s"
5320,/voice/NA00_2604_004_001.ahx,112351232,112366975,15743,audio,"CRI AHX, 1 ch, 16364 Hz, 3.49 s"
5321,/voice/NA00_2604_004_003.ahx,112367104,112401731,34627,audio,"CRI AHX, 1 ch, 16364 Hz, 7.88 s"
5322,/voice/NA00_2604_004_003_1.ahx,112401920,112442988,41068,audio,"CRI AHX, 1 ch, 16364 Hz, 8.15 s"
5323,/voice/NA00_2604_004_003_2.ahx,112443392,112452838,9446,audio,"CRI AHX, 1 ch, 16364 Hz, 2.22 s"
5324,/voice/NA00_2604_004_005.ahx,112453120,112503988,50868,audio,"CRI AHX, 1 ch, 16364 Hz, 12.98 s"
5325,/voice/NA00_2604_004_005_1.ahx,112504320,112544932,40612,audio,"CRI AHX, 1 ch, 16364 Hz, 7.96 s"
5326,/voice/NA00_2604_004_007.ahx,112545280,112563951,18671,audio,"CRI AHX, 1 ch, 16364 Hz, 5.99 s"
5327,/voice/NA00_2604_004_007_1.ahx,112564224,112604664,40440,audio,"CRI AHX, 1 ch, 16364 Hz, 9.15 s"
5328,/voice/NA00_2604_004_007_2.ahx,112604672,112646121,41449,audio,"CRI AHX, 1 ch, 16364 Hz, 8.61 s"
5329,/voice/NA00_2604_004_007_3.ahx,112646144,112679871,33727,audio,"CRI AHX, 1 ch, 16364 Hz, 8.20 s"
5330,/voice/NA00_2604_004_007_5.ahx,112679936,112723702,43766,audio,"CRI AHX, 1 ch, 16364 Hz, 10.01 s"
5331,/voice/NA00_2604_004_009.ahx,112723968,112767251,43283,audio,"CRI AHX, 1 ch, 16364 Hz, 9.30 s"
5332,/voice/NA00_2604_004_011.ahx,112767488,112771957,4469,audio,"CRI AHX, 1 ch, 16364 Hz, 0.80 s"
5333,/voice/NA00_2604_004_022.ahx,112772096,112777738,5642,audio,"CRI AHX, 1 ch, 16364 Hz, 0.95 s"
5334,/voice/NA00_2604_006_014.ahx,112778240,112808476,30236,audio,"CRI AHX, 1 ch, 16364 Hz, 5.63 s"
5335,/voice/NA00_2604_011_006.ahx,112808960,112818444,9484,audio,"CRI AHX, 1 ch, 16364 Hz, 2.33 s"
5336,/voice/NA00_2604_011_008.ahx,112818688,112831334,12646,audio,"CRI AHX, 1 ch, 16364 Hz, 3.21 s"
5337,/voice/NA00_2604_011_010.ahx,112831488,112837677,6189,audio,"CRI AHX, 1 ch, 16364 Hz, 1.06 s"
5338,/voice/NA00_2604_011_010_1.ahx,112838144,112869292,31148,audio,"CRI AHX, 1 ch, 16364 Hz, 6.91 s"
5339,/voice/NA00_2604_011_010_2.ahx,112869376,112892556,23180,audio,"CRI AHX, 1 ch, 16364 Hz, 4.47 s"
5340,/voice/NA00_2604_011_012.ahx,112892928,112910873,17945,audio,"CRI AHX, 1 ch, 16364 Hz, 3.70 s"
5341,/voice/NA00_2604_011_012_1.ahx,112911360,112933049,21689,audio,"CRI AHX, 1 ch, 16364 Hz, 4.87 s"
5342,/voice/NA00_2604_011_021.ahx,112933376,112955977,22601,audio,"CRI AHX, 1 ch, 16364 Hz, 5.41 s"
5343,/voice/NA00_2604_011_023.ahx,112956416,112972822,16406,audio,"CRI AHX, 1 ch, 16364 Hz, 3.77 s"
5344,/voice/NA00_2604_011_023_1.ahx,112973312,113006806,33494,audio,"CRI AHX, 1 ch, 16364 Hz, 7.32 s"
5345,/voice/NA00_2604_014_016.ahx,113007104,113014245,7141,audio,"CRI AHX, 1 ch, 16364 Hz, 1.21 s"
5346,/voice/NA00_2604_014_017.ahx,113014272,113036040,21768,audio,"CRI AHX, 1 ch, 16364 Hz, 3.80 s"
5347,/voice/NA00_2604_014_019.ahx,113036288,113048990,12702,audio,"CRI AHX, 1 ch, 16364 Hz, 2.47 s"
5348,/voice/NA00_2703_001_001.ahx,113049088,113071917,22829,audio,"CRI AHX, 1 ch, 16364 Hz, 5.33 s"
5349,/voice/NA00_2703_001_005.ahx,113072128,113085435,13307,audio,"CRI AHX, 1 ch, 16364 Hz, 3.05 s"
5350,/voice/NA00_2703_001_007.ahx,113085440,113101099,15659,audio,"CRI AHX, 1 ch, 16364 Hz, 3.44 s"
5351,/voice/NA00_2703_001_011.ahx,113101312,113114625,13313,audio,"CRI AHX, 1 ch, 16364 Hz, 3.01 s"
5352,/voice/NA00_2703_001_015.ahx,113115136,113119396,4260,audio,"CRI AHX, 1 ch, 16364 Hz, 0.75 s"
5353,/voice/NA00_2703_001_034.ahx,113119744,113131201,11457,audio,"CRI AHX, 1 ch, 16364 Hz, 3.06 s"
5354,/voice/NA00_2703_001_036.ahx,113131520,113145251,13731,audio,"CRI AHX, 1 ch, 16364 Hz, 4.27 s"
5355,/voice/NA00_2703_001_036_1.ahx,113145344,113167829,22485,audio,"CRI AHX, 1 ch, 16364 Hz, 6.28 s"
5356,/voice/NA00_2703_001_036_2.ahx,113167872,113186567,18695,audio,"CRI AHX, 1 ch, 16364 Hz, 5.17 s"
5357,/voice/NA00_2703_001_051.ahx,113186816,113200845,14029,audio,"CRI AHX, 1 ch, 16364 Hz, 3.70 s"
5358,/voice/NA00_2703_001_058.ahx,113201152,113201415,263,audio,"CRI AHX, 1 ch, 16364 Hz, 1.00 s"
5359,/voice/NA00_2703_001_059.ahx,113201664,113221495,19831,audio,"CRI AHX, 1 ch, 16364 Hz, 4.59 s"
5360,/voice/NA00_2703_001_059_1.ahx,113221632,113257278,35646,audio,"CRI AHX, 1 ch, 16364 Hz, 8.70 s"
5361,/voice/NA00_2703_001_059_2.ahx,113257472,113303151,45679,audio,"CRI AHX, 1 ch, 16364 Hz, 11.81 s"
5362,/voice/NA00_2703_001_060.ahx,113303552,113331241,27689,audio,"CRI AHX, 1 ch, 16364 Hz, 6.28 s"
5363,/voice/NA00_2703_002_003.ahx,113331712,113343835,12123,audio,"CRI AHX, 1 ch, 16364 Hz, 3.76 s"
5364,/voice/NA00_2703_002_009.ahx,113344000,113353964,9964,audio,"CRI AHX, 1 ch, 16364 Hz, 1.66 s"
5365,/voice/NA00_2703_002_013.ahx,113354240,113361719,7479,audio,"CRI AHX, 1 ch, 16364 Hz, 1.85 s"
5366,/voice/NA00_2703_002_031.ahx,113361920,113378357,16437,audio,"CRI AHX, 1 ch, 16364 Hz, 4.69 s"
5367,/voice/NA00_2703_002_032.ahx,113378816,113408311,29495,audio,"CRI AHX, 1 ch, 16364 Hz, 5.93 s"
5368,/voice/NA00_2703_002_044.ahx,113408512,113414715,6203,audio,"CRI AHX, 1 ch, 16364 Hz, 1.09 s"
5369,/voice/NA00_2703_002_063.ahx,113415168,113419581,4413,audio,"CRI AHX, 1 ch, 16364 Hz, 0.73 s"
5370,/voice/NA00_2703_002_065.ahx,113419776,113425395,5619,audio,"CRI AHX, 1 ch, 16364 Hz, 0.93 s"
5371,/voice/NA00_2703_003_002.ahx,113425408,113436775,11367,audio,"CRI AHX, 1 ch, 16364 Hz, 2.56 s"
5372,/voice/NA00_2703_003_040.ahx,113437184,113459756,22572,audio,"CRI AHX, 1 ch, 16364 Hz, 4.92 s"
5373,/voice/NA00_2703_004_039.ahx,113460224,113464886,4662,audio,"CRI AHX, 1 ch, 16364 Hz, 0.78 s"
5374,/voice/NA00_2703_004_068.ahx,113465344,113474964,9620,audio,"CRI AHX, 1 ch, 16364 Hz, 1.62 s"
5375,/voice/NA00_2703_005_042.ahx,113475072,113488984,13912,audio,"CRI AHX, 1 ch, 16364 Hz, 3.12 s"
5376,/voice/NA00_2703_005_064.ahx,113489408,113494875,5467,audio,"CRI AHX, 1 ch, 16364 Hz, 0.89 s"
5377,/voice/NA00_2703_005_066.ahx,113495040,113497183,2143,audio,"CRI AHX, 1 ch, 16364 Hz, 0.36 s"
5378,/voice/NA00_2703_006_041.ahx,113497600,113514260,16660,audio,"CRI AHX, 1 ch, 16364 Hz, 3.41 s"
5379,/voice/NA00_2703_006_067.ahx,113514496,113551114,36618,audio,"CRI AHX, 1 ch, 16364 Hz, 9.07 s"
5380,/voice/NA00_2703_007_043.ahx,113551360,113554374,3014,audio,"CRI AHX, 1 ch, 16364 Hz, 0.56 s"
5381,/voice/NA00_2703_008_008.ahx,113554432,113570490,16058,audio,"CRI AHX, 1 ch, 16364 Hz, 3.63 s"
5382,/voice/NA00_2703_008_038.ahx,113570816,113594564,23748,audio,"CRI AHX, 1 ch, 16364 Hz, 5.05 s"
5383,/voice/NA00_2703_008_038_1.ahx,113594880,113617192,22312,audio,"CRI AHX, 1 ch, 16364 Hz, 4.95 s"
5384,/voice/NA00_2703_008_054.ahx,113617408,113627953,10545,audio,"CRI AHX, 1 ch, 16364 Hz, 1.73 s"
5385,/voice/NA00_2703_008_056.ahx,113628160,113645374,17214,audio,"CRI AHX, 1 ch, 16364 Hz, 3.98 s"
5386,/voice/NA00_2703_008_056_1.ahx,113645568,113670218,24650,audio,"CRI AHX, 1 ch, 16364 Hz, 5.12 s"
5387,/voice/NA00_2703_008_061.ahx,113670656,113681895,11239,audio,"CRI AHX, 1 ch, 16364 Hz, 2.48 s"
5388,/voice/NA00_2703_010_046.ahx,113681920,113685951,4031,audio,"CRI AHX, 1 ch, 16364 Hz, 0.76 s"
5389,/voice/NA00_2703_010_046_1.ahx,113686016,113714872,28856,audio,"CRI AHX, 1 ch, 16364 Hz, 6.27 s"
5390,/voice/NA00_2703_010_048.ahx,113715200,113719755,4555,audio,"CRI AHX, 1 ch, 16364 Hz, 1.21 s"
5391,/voice/NA00_2703_010_048_1.ahx,113719808,113747256,27448,audio,"CRI AHX, 1 ch, 16364 Hz, 6.81 s"
5392,/voice/NA00_2703_010_050.ahx,113747456,113762357,14901,audio,"CRI AHX, 1 ch, 16364 Hz, 3.02 s"
5393,/voice/NA00_2703_010_053.ahx,113762816,113803006,40190,audio,"CRI AHX, 1 ch, 16364 Hz, 10.26 s"
5394,/voice/NA00_2703_010_053_1.ahx,113803264,113847809,44545,audio,"CRI AHX, 1 ch, 16364 Hz, 11.58 s"
5395,/voice/NA00_2703_014_004.ahx,113848320,113870482,22162,audio,"CRI AHX, 1 ch, 16364 Hz, 4.42 s"
5396,/voice/NA00_2703_014_006.ahx,113870848,113900205,29357,audio,"CRI AHX, 1 ch, 16364 Hz, 5.84 s"
5397,/voice/NA00_2703_014_010.ahx,113900544,113921970,21426,audio,"CRI AHX, 1 ch, 16364 Hz, 5.08 s"
5398,/voice/NA00_2703_014_012.ahx,113922048,113970703,48655,audio,"CRI AHX, 1 ch, 16364 Hz, 10.32 s"
5399,/voice/NA00_2703_014_014.ahx,113971200,113996494,25294,audio,"CRI AHX, 1 ch, 16364 Hz, 6.21 s"
5400,/voice/NA00_2703_014_033.ahx,113996800,114042363,45563,audio,"CRI AHX, 1 ch, 16364 Hz, 8.72 s"
5401,/voice/NA00_2703_014_035.ahx,114042368,114074079,31711,audio,"CRI AHX, 1 ch, 16364 Hz, 7.14 s"
5402,/voice/NA00_2703_014_037.ahx,114074112,114098453,24341,audio,"CRI AHX, 1 ch, 16364 Hz, 5.82 s"
5403,/voice/NA00_2703_014_045.ahx,114098688,114105997,7309,audio,"CRI AHX, 1 ch, 16364 Hz, 1.22 s"
5404,/voice/NA00_2703_014_045_1.ahx,114106368,114145506,39138,audio,"CRI AHX, 1 ch, 16364 Hz, 8.21 s"
5405,/voice/NA00_2703_014_047.ahx,114145792,114168909,23117,audio,"CRI AHX, 1 ch, 16364 Hz, 4.22 s"
5406,/voice/NA00_2703_014_049.ahx,114169344,114217582,48238,audio,"CRI AHX, 1 ch, 16364 Hz, 10.03 s"
5407,/voice/NA00_2703_014_052.ahx,114217984,114242050,24066,audio,"CRI AHX, 1 ch, 16364 Hz, 5.22 s"
5408,/voice/NA00_2703_014_052_1.ahx,114242560,114270688,28128,audio,"CRI AHX, 1 ch, 16364 Hz, 5.81 s"
5409,/voice/NA00_2703_014_055.ahx,114270720,114277287,6567,audio,"CRI AHX, 1 ch, 16364 Hz, 1.14 s"
5410,/voice/NA00_2703_014_057.ahx,114277376,114332351,54975,audio,"CRI AHX, 1 ch, 16364 Hz, 12.86 s"
5411,/voice/NA00_2703_014_062.ahx,114332672,114345576,12904,audio,"CRI AHX, 1 ch, 16364 Hz, 2.99 s"
5412,/voice/NA00_2703_027_016.ahx,114345984,114375417,29433,audio,"CRI AHX, 1 ch, 16364 Hz, 6.34 s"
5413,/voice/NA00_2703_027_017.ahx,114375680,114381943,6263,audio,"CRI AHX, 1 ch, 16364 Hz, 1.77 s"
5414,/voice/NA00_2703_027_019.ahx,114382336,114408652,26316,audio,"CRI AHX, 1 ch, 16364 Hz, 6.11 s"
5415,/voice/NA00_2703_027_026.ahx,114408960,114420870,11910,audio,"CRI AHX, 1 ch, 16364 Hz, 2.67 s"
5416,/voice/NA00_2703_027_028.ahx,114421248,114429349,8101,audio,"CRI AHX, 1 ch, 16364 Hz, 2.08 s"
5417,/voice/NA00_2703_027_030.ahx,114429440,114448597,19157,audio,"CRI AHX, 1 ch, 16364 Hz, 3.89 s"
5418,/voice/NA00_2703_028_018.ahx,114448896,114458774,9878,audio,"CRI AHX, 1 ch, 16364 Hz, 2.52 s"
5419,/voice/NA00_2703_028_020.ahx,114459136,114479734,20598,audio,"CRI AHX, 1 ch, 16364 Hz, 4.53 s"
5420,/voice/NA00_2703_028_020_1.ahx,114480128,114500943,20815,audio,"CRI AHX, 1 ch, 16364 Hz, 3.50 s"
5421,/voice/NA00_2703_028_022.ahx,114501120,114507276,6156,audio,"CRI AHX, 1 ch, 16364 Hz, 1.02 s"
5422,/voice/NA00_2703_028_024.ahx,114507776,114523997,16221,audio,"CRI AHX, 1 ch, 16364 Hz, 4.10 s"
5423,/voice/NA00_2703_028_025.ahx,114524160,114555793,31633,audio,"CRI AHX, 1 ch, 16364 Hz, 6.22 s"
5424,/voice/NA00_2703_028_025_1.ahx,114555904,114583725,27821,audio,"CRI AHX, 1 ch, 16364 Hz, 5.88 s"
5425,/voice/NA00_2703_028_027.ahx,114584064,114604995,20931,audio,"CRI AHX, 1 ch, 16364 Hz, 3.98 s"
5426,/voice/NA00_2703_028_027_1.ahx,114605056,114625736,20680,audio,"CRI AHX, 1 ch, 16364 Hz, 3.95 s"
5427,/voice/NA00_2703_029_029.ahx,114626048,114658911,32863,audio,"CRI AHX, 1 ch, 16364 Hz, 6.66 s"
5428,/voice/NA00_2703_029_029_1.ahx,114659328,114683754,24426,audio,"CRI AHX, 1 ch, 16364 Hz, 4.47 s"
5429,/voice/NA00_2703_048_021.ahx,114683904,114706450,22546,audio,"CRI AHX, 1 ch, 16364 Hz, 4.87 s"
5430,/voice/NA00_2703_049_023.ahx,114706944,114769931,62987,audio,"CRI AHX, 1 ch, 16364 Hz, 12.97 s"
5431,/voice/NA00_2703_050_023_1.ahx,114770432,114806404,35972,audio,"CRI AHX, 1 ch, 16364 Hz, 6.92 s"
5432,/voice/NA00_2704_001_019.ahx,114806784,114822767,15983,audio,"CRI AHX, 1 ch, 16364 Hz, 2.96 s"
5433,/voice/NA00_2704_001_020.ahx,114823168,114836807,13639,audio,"CRI AHX, 1 ch, 16364 Hz, 2.44 s"
5434,/voice/NA00_2704_001_023.ahx,114836992,114866048,29056,audio,"CRI AHX, 1 ch, 16364 Hz, 7.18 s"
5435,/voice/NA00_2704_001_026.ahx,114866176,114872404,6228,audio,"CRI AHX, 1 ch, 16364 Hz, 1.04 s"
5436,/voice/NA00_2704_001_028.ahx,114872832,114882039,9207,audio,"CRI AHX, 1 ch, 16364 Hz, 2.39 s"
5437,/voice/NA00_2704_001_030.ahx,114882048,114885365,3317,audio,"CRI AHX, 1 ch, 16364 Hz, 0.59 s"
5438,/voice/NA00_2704_001_030_1.ahx,114885632,114899395,13763,audio,"CRI AHX, 1 ch, 16364 Hz, 3.04 s"
5439,/voice/NA00_2704_001_030_2.ahx,114899456,114928273,28817,audio,"CRI AHX, 1 ch, 16364 Hz, 8.53 s"
5440,/voice/NA00_2704_001_030_3.ahx,114928640,114938019,9379,audio,"CRI AHX, 1 ch, 16364 Hz, 2.48 s"
5441,/voice/NA00_2704_001_031.ahx,114938368,114942451,4083,audio,"CRI AHX, 1 ch, 16364 Hz, 0.71 s"
5442,/voice/NA00_2704_001_033.ahx,114942464,114954915,12451,audio,"CRI AHX, 1 ch, 16364 Hz, 3.02 s"
5443,/voice/NA00_2704_001_035.ahx,114955264,114975839,20575,audio,"CRI AHX, 1 ch, 16364 Hz, 4.16 s"
5444,/voice/NA00_2704_003_004.ahx,114976256,114986225,9969,audio,"CRI AHX, 1 ch, 16364 Hz, 1.71 s"
5445,/voice/NA00_2704_004_003.ahx,114986496,114993009,6513,audio,"CRI AHX, 1 ch, 16364 Hz, 1.10 s"
5446,/voice/NA00_2704_005_001.ahx,114993152,114999102,5950,audio,"CRI AHX, 1 ch, 16364 Hz, 1.24 s"
5447,/voice/NA00_2704_005_002.ahx,114999296,115005965,6669,audio,"CRI AHX, 1 ch, 16364 Hz, 1.09 s"
5448,/voice/NA00_2704_010_032.ahx,115006464,115018534,12070,audio,"CRI AHX, 1 ch, 16364 Hz, 3.04 s"
5449,/voice/NA00_2704_010_032_1.ahx,115018752,115051766,33014,audio,"CRI AHX, 1 ch, 16364 Hz, 9.50 s"
5450,/voice/NA00_2704_010_034.ahx,115052032,115055746,3714,audio,"CRI AHX, 1 ch, 16364 Hz, 0.65 s"
5451,/voice/NA00_2704_010_036.ahx,115056128,115063829,7701,audio,"CRI AHX, 1 ch, 16364 Hz, 1.32 s"
5452,/voice/NA00_2704_027_021.ahx,115064320,115076313,11993,audio,"CRI AHX, 1 ch, 16364 Hz, 2.12 s"
5453,/voice/NA00_2704_027_025.ahx,115076608,115107757,31149,audio,"CRI AHX, 1 ch, 16364 Hz, 7.95 s"
5454,/voice/NA00_2704_027_027.ahx,115107840,115121661,13821,audio,"CRI AHX, 1 ch, 16364 Hz, 2.93 s"
5455,/voice/NA00_2704_027_029.ahx,115121664,115146252,24588,audio,"CRI AHX, 1 ch, 16364 Hz, 7.10 s"
5456,/voice/NA00_2704_039_022.ahx,115146752,115184715,37963,audio,"CRI AHX, 1 ch, 16364 Hz, 7.91 s"
5457,/voice/NA00_2704_039_024.ahx,115185152,115208014,22862,audio,"CRI AHX, 1 ch, 16364 Hz, 5.98 s"
5458,/voice/NA00_2801_001_001.ahx,115208192,115211135,2943,audio,"CRI AHX, 1 ch, 16364 Hz, 0.46 s"
5459,/voice/NA00_2801_001_003.ahx,115211264,115227402,16138,audio,"CRI AHX, 1 ch, 16364 Hz, 3.86 s"
5460,/voice/NA00_2801_001_003_1.ahx,115227648,115251353,23705,audio,"CRI AHX, 1 ch, 16364 Hz, 5.21 s"
5461,/voice/NA00_2801_001_003_2.ahx,115251712,115297918,46206,audio,"CRI AHX, 1 ch, 16364 Hz, 10.79 s"
5462,/voice/NA00_2801_001_004.ahx,115298304,115322105,23801,audio,"CRI AHX, 1 ch, 16364 Hz, 5.21 s"
5463,/voice/NA00_2801_001_004_1.ahx,115322368,115347191,24823,audio,"CRI AHX, 1 ch, 16364 Hz, 7.49 s"
5464,/voice/NA00_2801_001_004_2.ahx,115347456,115381901,34445,audio,"CRI AHX, 1 ch, 16364 Hz, 7.61 s"
5465,/voice/NA00_2801_001_004_3.ahx,115382272,115404856,22584,audio,"CRI AHX, 1 ch, 16364 Hz, 4.75 s"
5466,/voice/NA00_2801_001_005.ahx,115405312,115422836,17524,audio,"CRI AHX, 1 ch, 16364 Hz, 5.54 s"
5467,/voice/NA00_2801_001_005_1.ahx,115423232,115453650,30418,audio,"CRI AHX, 1 ch, 16364 Hz, 7.41 s"
5468,/voice/NA00_2801_001_005_2.ahx,115453952,115462741,8789,audio,"CRI AHX, 1 ch, 16364 Hz, 2.53 s"
5469,/voice/NA00_2801_001_007.ahx,115463168,115466937,3769,audio,"CRI AHX, 1 ch, 16364 Hz, 0.66 s"
5470,/voice/NA00_2801_001_010.ahx,115467264,115475680,8416,audio,"CRI AHX, 1 ch, 16364 Hz, 2.44 s"
5471,/voice/NA00_2801_001_012.ahx,115475968,115479554,3586,audio,"CRI AHX, 1 ch, 16364 Hz, 0.60 s"
5472,/voice/NA00_2801_002_002.ahx,115480064,115480327,263,audio,"CRI AHX, 1 ch, 16364 Hz, 1.00 s"
5473,/voice/NA00_2801_002_006.ahx,115480576,115490836,10260,audio,"CRI AHX, 1 ch, 16364 Hz, 2.17 s"
5474,/voice/NA00_2801_002_008.ahx,115491328,115514673,23345,audio,"CRI AHX, 1 ch, 16364 Hz, 4.64 s"
5475,/voice/NA00_2801_002_009.ahx,115514880,115529888,15008,audio,"CRI AHX, 1 ch, 16364 Hz, 3.34 s"
5476,/voice/NA00_2801_002_011.ahx,115530240,115555743,25503,audio,"CRI AHX, 1 ch, 16364 Hz, 5.35 s"
5477,/voice/NA00_2801_002_013.ahx,115555840,115568911,13071,audio,"CRI AHX, 1 ch, 16364 Hz, 3.06 s"
5478,/voice/NA00_2804_001_012.ahx,115569152,115579632,10480,audio,"CRI AHX, 1 ch, 16364 Hz, 2.35 s"
5479,/voice/NA00_2804_001_012_1.ahx,115579904,115600837,20933,audio,"CRI AHX, 1 ch, 16364 Hz, 4.25 s"
5480,/voice/NA00_2804_001_018.ahx,115600896,115620432,19536,audio,"CRI AHX, 1 ch, 16364 Hz, 4.25 s"
5481,/voice/NA00_2804_001_018_1.ahx,115620864,115638983,18119,audio,"CRI AHX, 1 ch, 16364 Hz, 3.85 s"
5482,/voice/NA00_2804_001_018_2.ahx,115639296,115657106,17810,audio,"CRI AHX, 1 ch, 16364 Hz, 3.31 s"
5483,/voice/NA00_2804_001_018_3.ahx,115657216,115671170,13954,audio,"CRI AHX, 1 ch, 16364 Hz, 2.52 s"
5484,/voice/NA00_2804_001_018_4.ahx,115671552,115680219,8667,audio,"CRI AHX, 1 ch, 16364 Hz, 1.43 s"
5485,/voice/NA00_2804_001_022.ahx,115680256,115692134,11878,audio,"CRI AHX, 1 ch, 16364 Hz, 2.64 s"
5486,/voice/NA00_2804_001_024.ahx,115692544,115705301,12757,audio,"CRI AHX, 1 ch, 16364 Hz, 3.63 s"
5487,/voice/NA00_2804_002_001.ahx,115705344,115720013,14669,audio,"CRI AHX, 1 ch, 16364 Hz, 2.69 s"
5488,/voice/NA00_2804_002_005.ahx,115720192,115727544,7352,audio,"CRI AHX, 1 ch, 16364 Hz, 1.22 s"
5489,/voice/NA00_2804_002_011.ahx,115727872,115736974,9102,audio,"CRI AHX, 1 ch, 16364 Hz, 2.10 s"
5490,/voice/NA00_2804_002_011_1.ahx,115737088,115751847,14759,audio,"CRI AHX, 1 ch, 16364 Hz, 4.05 s"
5491,/voice/NA00_2804_002_013.ahx,115751936,115784761,32825,audio,"CRI AHX, 1 ch, 16364 Hz, 8.64 s"
5492,/voice/NA00_2804_002_013_1.ahx,115785216,115789389,4173,audio,"CRI AHX, 1 ch, 16364 Hz, 0.70 s"
5493,/voice/NA00_2804_002_017.ahx,115789824,115834274,44450,audio,"CRI AHX, 1 ch, 16364 Hz, 10.34 s"
5494,/voice/NA00_2804_002_023.ahx,115834368,115849716,15348,audio,"CRI AHX, 1 ch, 16364 Hz, 3.88 s"
5495,/voice/NA00_2804_002_023_1.ahx,115849728,115871174,21446,audio,"CRI AHX, 1 ch, 16364 Hz, 3.71 s"
5496,/voice/NA00_2804_002_023_2.ahx,115871232,115889940,18708,audio,"CRI AHX, 1 ch, 16364 Hz, 3.19 s"
5497,/voice/NA00_2804_003_002.ahx,115890176,115903146,12970,audio,"CRI AHX, 1 ch, 16364 Hz, 2.50 s"
5498,/voice/NA00_2804_003_007.ahx,115903488,115924028,20540,audio,"CRI AHX, 1 ch, 16364 Hz, 3.45 s"
5499,/voice/NA00_2804_003_016.ahx,115924480,115934184,9704,audio,"CRI AHX, 1 ch, 16364 Hz, 2.16 s"
5500,/voice/NA00_2804_003_020.ahx,115934208,115954491,20283,audio,"CRI AHX, 1 ch, 16364 Hz, 4.12 s"
5501,/voice/NA00_2804_003_020_1.ahx,115954688,115986188,31500,audio,"CRI AHX, 1 ch, 16364 Hz, 6.02 s"
5502,/voice/NA00_2804_004_008.ahx,115986432,116009286,22854,audio,"CRI AHX, 1 ch, 16364 Hz, 4.00 s"
5503,/voice/NA00_2804_004_015.ahx,116009472,116052781,43309,audio,"CRI AHX, 1 ch, 16364 Hz, 9.52 s"
5504,/voice/NA00_2804_004_015_1.ahx,116052992,116085354,32362,audio,"CRI AHX, 1 ch, 16364 Hz, 6.04 s"
5505,/voice/NA00_2804_004_019.ahx,116085760,116123020,37260,audio,"CRI AHX, 1 ch, 16364 Hz, 7.61 s"
5506,/voice/NA00_2804_004_019_1.ahx,116123136,116133859,10723,audio,"CRI AHX, 1 ch, 16364 Hz, 1.78 s"
5507,/voice/NA00_2804_004_019_2.ahx,116133888,116169279,35391,audio,"CRI AHX, 1 ch, 16364 Hz, 6.75 s"
5508,/voice/NA00_2804_005_003.ahx,116169728,116175836,6108,audio,"CRI AHX, 1 ch, 16364 Hz, 1.25 s"
5509,/voice/NA00_2804_005_009.ahx,116175872,116182162,6290,audio,"CRI AHX, 1 ch, 16364 Hz, 1.05 s"
5510,/voice/NA00_2804_005_021.ahx,116182528,116220521,37993,audio,"CRI AHX, 1 ch, 16364 Hz, 7.84 s"
5511,/voice/NA00_2804_005_021_1.ahx,116220928,116230855,9927,audio,"CRI AHX, 1 ch, 16364 Hz, 2.93 s"
5512,/voice/NA00_2804_006_004.ahx,116231168,116256069,24901,audio,"CRI AHX, 1 ch, 16364 Hz, 4.79 s"
5513,/voice/NA00_2804_006_006.ahx,116256256,116275498,19242,audio,"CRI AHX, 1 ch, 16364 Hz, 3.59 s"
5514,/voice/NA00_2804_006_010.ahx,116275712,116297908,22196,audio,"CRI AHX, 1 ch, 16364 Hz, 4.21 s"
5515,/voice/NA00_2804_006_010_1.ahx,116298240,116323619,25379,audio,"CRI AHX, 1 ch, 16364 Hz, 4.71 s"
5516,/voice/NA00_2804_006_010_2.ahx,116323840,116350872,27032,audio,"CRI AHX, 1 ch, 16364 Hz, 7.32 s"
5517,/voice/NA00_2804_006_014.ahx,116350976,116371540,20564,audio,"CRI AHX, 1 ch, 16364 Hz, 3.85 s"
5518,/voice/NA00_2804_006_014_1.ahx,116371968,116397736,25768,audio,"CRI AHX, 1 ch, 16364 Hz, 6.58 s"
5519,/voice/NA00_2804_006_014_2.ahx,116398080,116422550,24470,audio,"CRI AHX, 1 ch, 16364 Hz, 5.14 s"
5520,/voice/NA00_2901_001_004.ahx,116422656,116434640,11984,audio,"CRI AHX, 1 ch, 16364 Hz, 2.27 s"
5521,/voice/NA00_2901_002_001.ahx,116434944,116447290,12346,audio,"CRI AHX, 1 ch, 16364 Hz, 2.07 s"
5522,/voice/NA00_2901_003_003.ahx,116447744,116477890,30146,audio,"CRI AHX, 1 ch, 16364 Hz, 6.39 s"
5523,/voice/NA00_2901_005_002.ahx,116477952,116488176,10224,audio,"CRI AHX, 1 ch, 16364 Hz, 2.75 s"
5524,/voice/NA00_2901_005_002_1.ahx,116488192,116519759,31567,audio,"CRI AHX, 1 ch, 16364 Hz, 5.88 s"
5525,/voice/NA00_2902_002_002.ahx,116519936,116523750,3814,audio,"CRI AHX, 1 ch, 16364 Hz, 0.67 s"
5526,/voice/NA00_2902_003_003.ahx,116524032,116550175,26143,audio,"CRI AHX, 1 ch, 16364 Hz, 5.56 s"
5527,/voice/NA00_2902_003_007.ahx,116550656,116575803,25147,audio,"CRI AHX, 1 ch, 16364 Hz, 5.44 s"
5528,/voice/NA00_2902_005_005.ahx,116576256,116588998,12742,audio,"CRI AHX, 1 ch, 16364 Hz, 2.22 s"
5529,/voice/NA00_2902_009_001.ahx,116589056,116630777,41721,audio,"CRI AHX, 1 ch, 16364 Hz, 8.43 s"
5530,/voice/NA00_2902_009_001_1.ahx,116631040,116677890,46850,audio,"CRI AHX, 1 ch, 16364 Hz, 8.99 s"
5531,/voice/NA00_2902_009_004.ahx,116678144,116706199,28055,audio,"CRI AHX, 1 ch, 16364 Hz, 5.68 s"
5532,/voice/NA00_2902_009_004_1.ahx,116706304,116760254,53950,audio,"CRI AHX, 1 ch, 16364 Hz, 10.45 s"
5533,/voice/NA00_2902_009_004_2.ahx,116760576,116793802,33226,audio,"CRI AHX, 1 ch, 16364 Hz, 6.52 s"
5534,/voice/NA00_2902_009_006.ahx,116793856,116844501,50645,audio,"CRI AHX, 1 ch, 16364 Hz, 9.51 s"
5535,/voice/NA00_2903_001_013.ahx,116844544,116849199,4655,audio,"CRI AHX, 1 ch, 16364 Hz, 0.77 s"
5536,/voice/NA00_2903_002_012.ahx,116849664,116877148,27484,audio,"CRI AHX, 1 ch, 16364 Hz, 7.12 s"
5537,/voice/NA00_2903_003_001.ahx,116877312,116898436,21124,audio,"CRI AHX, 1 ch, 16364 Hz, 3.81 s"
5538,/voice/NA00_2903_003_005.ahx,116898816,116916856,18040,audio,"CRI AHX, 1 ch, 16364 Hz, 3.60 s"
5539,/voice/NA00_2903_003_007.ahx,116917248,116925340,8092,audio,"CRI AHX, 1 ch, 16364 Hz, 1.37 s"
5540,/voice/NA00_2903_003_009.ahx,116925440,116939457,14017,audio,"CRI AHX, 1 ch, 16364 Hz, 2.66 s"
5541,/voice/NA00_2903_004_010.ahx,116939776,116970480,30704,audio,"CRI AHX, 1 ch, 16364 Hz, 6.28 s"
5542,/voice/NA00_2903_005_003.ahx,116970496,116979021,8525,audio,"CRI AHX, 1 ch, 16364 Hz, 2.03 s"
5543,/voice/NA00_2903_005_014.ahx,116979200,116994921,15721,audio,"CRI AHX, 1 ch, 16364 Hz, 2.98 s"
5544,/voice/NA00_2903_005_014_1.ahx,116995072,117005558,10486,audio,"CRI AHX, 1 ch, 16364 Hz, 1.94 s"
5545,/voice/NA00_2903_006_011.ahx,117005824,117032807,26983,audio,"CRI AHX, 1 ch, 16364 Hz, 5.54 s"
5546,/voice/NA00_2903_009_002.ahx,117032960,117049068,16108,audio,"CRI AHX, 1 ch, 16364 Hz, 3.08 s"
5547,/voice/NA00_2903_009_004.ahx,117049344,117070098,20754,audio,"CRI AHX, 1 ch, 16364 Hz, 3.58 s"
5548,/voice/NA00_2903_009_004_1.ahx,117070336,117106091,35755,audio,"CRI AHX, 1 ch, 16364 Hz, 7.74 s"
5549,/voice/NA00_2903_009_006.ahx,117106176,117146892,40716,audio,"CRI AHX, 1 ch, 16364 Hz, 8.49 s"
5550,/voice/NA00_2903_009_006_1.ahx,117147136,117183710,36574,audio,"CRI AHX, 1 ch, 16364 Hz, 6.80 s"
5551,/voice/NA00_2903_009_008.ahx,117184000,117195480,11480,audio,"CRI AHX, 1 ch, 16364 Hz, 3.87 s"
5552,/voice/NA00_2904_001_008.ahx,117195776,117210102,14326,audio,"CRI AHX, 1 ch, 16364 Hz, 2.43 s"
5553,/voice/NA00_2904_001_015.ahx,117210112,117241727,31615,audio,"CRI AHX, 1 ch, 16364 Hz, 8.08 s"
5554,/voice/NA00_2904_002_004.ahx,117241856,117250435,8579,audio,"CRI AHX, 1 ch, 16364 Hz, 1.43 s"
5555,/voice/NA00_2904_003_006.ahx,117250560,117272343,21783,audio,"CRI AHX, 1 ch, 16364 Hz, 3.84 s"
5556,/voice/NA00_2904_003_006_1.ahx,117272576,117288857,16281,audio,"CRI AHX, 1 ch, 16364 Hz, 2.75 s"
5557,/voice/NA00_2904_004_002.ahx,117288960,117295045,6085,audio,"CRI AHX, 1 ch, 16364 Hz, 1.60 s"
5558,/voice/NA00_2904_005_010.ahx,117295104,117313797,18693,audio,"CRI AHX, 1 ch, 16364 Hz, 4.11 s"
5559,/voice/NA00_2904_005_012.ahx,117314048,117323577,9529,audio,"CRI AHX, 1 ch, 16364 Hz, 2.32 s"
5560,/voice/NA00_2904_005_014.ahx,117323776,117347906,24130,audio,"CRI AHX, 1 ch, 16364 Hz, 4.90 s"
5561,/voice/NA00_2904_006_001.ahx,117348352,117355074,6722,audio,"CRI AHX, 1 ch, 16364 Hz, 1.16 s"
5562,/voice/NA00_2904_012_003.ahx,117355520,117375635,20115,audio,"CRI AHX, 1 ch, 16364 Hz, 3.80 s"
5563,/voice/NA00_2904_012_005.ahx,117376000,117393303,17303,audio,"CRI AHX, 1 ch, 16364 Hz, 2.98 s"
5564,/voice/NA00_2904_012_007.ahx,117393408,117402373,8965,audio,"CRI AHX, 1 ch, 16364 Hz, 1.57 s"
5565,/voice/NA00_2904_012_007_1.ahx,117402624,117443411,40787,audio,"CRI AHX, 1 ch, 16364 Hz, 7.95 s"
5566,/voice/NA00_2904_012_009.ahx,117443584,117485137,41553,audio,"CRI AHX, 1 ch, 16364 Hz, 8.44 s"
5567,/voice/NA00_2904_012_009_1.ahx,117485568,117513310,27742,audio,"CRI AHX, 1 ch, 16364 Hz, 4.94 s"
5568,/voice/NA00_2904_012_011.ahx,117513728,117570402,56674,audio,"CRI AHX, 1 ch, 16364 Hz, 10.70 s"
5569,/voice/NA00_2904_012_011_1.ahx,117570560,117570823,263,audio,"CRI AHX, 1 ch, 16364 Hz, 1.00 s"
5570,/voice/NA00_2904_012_013.ahx,117571072,117609703,38631,audio,"CRI AHX, 1 ch, 16364 Hz, 7.07 s"
5571,/voice/NA00_2904_012_013_1.ahx,117609984,117645651,35667,audio,"CRI AHX, 1 ch, 16364 Hz, 6.28 s"
5572,/voice/NA00_2905_004_005.ahx,117645824,117658638,12814,audio,"CRI AHX, 1 ch, 16364 Hz, 2.17 s"
5573,/voice/NA00_2905_005_003.ahx,117659136,117675856,16720,audio,"CRI AHX, 1 ch, 16364 Hz, 3.28 s"
5574,/voice/NA00_2905_005_007.ahx,117676032,117676295,263,audio,"CRI AHX, 1 ch, 16364 Hz, 1.00 s"
5575,/voice/NA00_2905_005_007_1.ahx,117676544,117686350,9806,audio,"CRI AHX, 1 ch, 16364 Hz, 1.64 s"
5576,/voice/NA00_2905_006_004.ahx,117686784,117692655,5871,audio,"CRI AHX, 1 ch, 16364 Hz, 1.00 s"
5577,/voice/NA00_2905_012_001.ahx,117692928,117716842,23914,audio,"CRI AHX, 1 ch, 16364 Hz, 4.14 s"
5578,/voice/NA00_2905_012_002.ahx,117716992,117736277,19285,audio,"CRI AHX, 1 ch, 16364 Hz, 3.35 s"
5579,/voice/NA00_2905_012_002_1.ahx,117736448,117766579,30131,audio,"CRI AHX, 1 ch, 16364 Hz, 5.24 s"
5580,/voice/NA00_2905_012_006.ahx,117766656,117783940,17284,audio,"CRI AHX, 1 ch, 16364 Hz, 3.00 s"
5581,/voice/NA00_2906_001_011.ahx,117784064,117813023,28959,audio,"CRI AHX, 1 ch, 16364 Hz, 6.50 s"
5582,/voice/NA00_2906_001_016.ahx,117813248,117825364,12116,audio,"CRI AHX, 1 ch, 16364 Hz, 3.03 s"
5583,/voice/NA00_2906_001_016_1.ahx,117825536,117847304,21768,audio,"CRI AHX, 1 ch, 16364 Hz, 4.68 s"
5584,/voice/NA00_2906_001_018.ahx,117847552,117864214,16662,audio,"CRI AHX, 1 ch, 16364 Hz, 3.83 s"
5585,/voice/NA00_2906_001_018_1.ahx,117864448,117891876,27428,audio,"CRI AHX, 1 ch, 16364 Hz, 7.02 s"
5586,/voice/NA00_2906_001_020.ahx,117892096,117910508,18412,audio,"CRI AHX, 1 ch, 16364 Hz, 3.57 s"
5587,/voice/NA00_2906_001_027.ahx,117910528,117925568,15040,audio,"CRI AHX, 1 ch, 16364 Hz, 3.38 s"
5588,/voice/NA00_2906_002_004.ahx,117925888,117931362,5474,audio,"CRI AHX, 1 ch, 16364 Hz, 0.91 s"
5589,/voice/NA00_2906_002_007.ahx,117931520,117956382,24862,audio,"CRI AHX, 1 ch, 16364 Hz, 5.37 s"
5590,/voice/NA00_2906_002_019.ahx,117956608,117981801,25193,audio,"CRI AHX, 1 ch, 16364 Hz, 5.55 s"
5591,/voice/NA00_2906_002_021.ahx,117982208,118006893,24685,audio,"CRI AHX, 1 ch, 16364 Hz, 5.08 s"
5592,/voice/NA00_2906_003_014.ahx,118007296,118034806,27510,audio,"CRI AHX, 1 ch, 16364 Hz, 5.51 s"
5593,/voice/NA00_2906_003_022.ahx,118034944,118064591,29647,audio,"CRI AHX, 1 ch, 16364 Hz, 7.34 s"
5594,/voice/NA00_2906_003_022_1.ahx,118064640,118103777,39137,audio,"CRI AHX, 1 ch, 16364 Hz, 9.10 s"
5595,/voice/NA00_2906_004_009.ahx,118104064,118130642,26578,audio,"CRI AHX, 1 ch, 16364 Hz, 6.04 s"
5596,/voice/NA00_2906_004_024.ahx,118130688,118159796,29108,audio,"CRI AHX, 1 ch, 16364 Hz, 5.49 s"
5597,/voice/NA00_2906_004_024_1.ahx,118159872,118178522,18650,audio,"CRI AHX, 1 ch, 16364 Hz, 4.31 s"
5598,/voice/NA00_2906_005_013.ahx,118178816,118190929,12113,audio,"CRI AHX, 1 ch, 16364 Hz, 2.07 s"
5599,/voice/NA00_2906_005_025.ahx,118191104,118214697,23593,audio,"CRI AHX, 1 ch, 16364 Hz, 6.06 s"
5600,/voice/NA00_2906_006_008.ahx,118215168,118228114,12946,audio,"CRI AHX, 1 ch, 16364 Hz, 2.69 s"
5601,/voice/NA00_2906_006_023.ahx,118228480,118254370,25890,audio,"CRI AHX, 1 ch, 16364 Hz, 4.77 s"
5602,/voice/NA00_2906_006_023_1.ahx,118254592,118286261,31669,audio,"CRI AHX, 1 ch, 16364 Hz, 7.17 s"
5603,/voice/NA00_2906_008_001.ahx,118286336,118298773,12437,audio,"CRI AHX, 1 ch, 16364 Hz, 3.21 s"
5604,/voice/NA00_2906_008_003.ahx,118299136,118309652,10516,audio,"CRI AHX, 1 ch, 16364 Hz, 3.29 s"
5605,/voice/NA00_2906_008_006.ahx,118309888,118323021,13133,audio,"CRI AHX, 1 ch, 16364 Hz, 4.34 s"
5606,/voice/NA00_2906_014_002.ahx,118323200,118348661,25461,audio,"CRI AHX, 1 ch, 16364 Hz, 6.12 s"
5607,/voice/NA00_2906_014_005.ahx,118348800,118389557,40757,audio,"CRI AHX, 1 ch, 16364 Hz, 9.36 s"
5608,/voice/NA00_2906_014_005_1.ahx,118389760,118412512,22752,audio,"CRI AHX, 1 ch, 16364 Hz, 4.84 s"
5609,/voice/NA00_2906_014_010.ahx,118412800,118439772,26972,audio,"CRI AHX, 1 ch, 16364 Hz, 6.06 s"
5610,/voice/NA00_2906_014_010_1.ahx,118439936,118463419,23483,audio,"CRI AHX, 1 ch, 16364 Hz, 4.94 s"
5611,/voice/NA00_2906_014_012.ahx,118463488,118469792,6304,audio,"CRI AHX, 1 ch, 16364 Hz, 1.05 s"
5612,/voice/NA00_2906_014_012_1.ahx,118470144,118492116,21972,audio,"CRI AHX, 1 ch, 16364 Hz, 4.03 s"
5613,/voice/NA00_2906_014_015.ahx,118492160,118532701,40541,audio,"CRI AHX, 1 ch, 16364 Hz, 8.64 s"
5614,/voice/NA00_2906_014_017.ahx,118533120,118550017,16897,audio,"CRI AHX, 1 ch, 16364 Hz, 3.59 s"
5615,/voice/NA00_2906_014_026.ahx,118550528,118570734,20206,audio,"CRI AHX, 1 ch, 16364 Hz, 3.99 s"
5616,/voice/NA00_2907_001_003.adx,118571008,118622348,51340,audio,"CRI ADX ADPCM, 1 ch, 16364 Hz, 5.57 s"
5617,/voice/NA00_2907_001_003.ahx,118622720,118650246,27526,audio,"CRI AHX, 1 ch, 16364 Hz, 6.05 s"
5618,/voice/NA00_2907_001_006.adx,118650368,118657050,6682,audio,"CRI ADX ADPCM, 1 ch, 16364 Hz, 0.72 s"
5619,/voice/NA00_2907_001_006.ahx,118657536,118661801,4265,audio,"CRI AHX, 1 ch, 16364 Hz, 0.72 s"
5620,/voice/NA00_2907_001_008.adx,118662144,118670212,8068,audio,"CRI ADX ADPCM, 1 ch, 16364 Hz, 0.87 s"
5621,/voice/NA00_2907_001_008.ahx,118670336,118675299,4963,audio,"CRI AHX, 1 ch, 16364 Hz, 0.83 s"
5622,/voice/NA00_2907_001_010.adx,118675456,118724996,49540,audio,"CRI ADX ADPCM, 1 ch, 16364 Hz, 5.38 s"
5623,/voice/NA00_2907_001_010.ahx,118725120,118746438,21318,audio,"CRI AHX, 1 ch, 16364 Hz, 4.78 s"
5624,/voice/NA00_2907_001_010_1.adx,118746624,118773196,26572,audio,"CRI ADX ADPCM, 1 ch, 16364 Hz, 2.88 s"
5625,/voice/NA00_2907_001_010_1.ahx,118773248,118787614,14366,audio,"CRI AHX, 1 ch, 16364 Hz, 2.86 s"
5626,/voice/NA00_2907_001_013.adx,118788096,118801618,13522,audio,"CRI ADX ADPCM, 1 ch, 16364 Hz, 1.46 s"
5627,/voice/NA00_2907_001_013.ahx,118801920,118806859,4939,audio,"CRI AHX, 1 ch, 16364 Hz, 1.45 s"
5628,/voice/NA00_2907_001_014.adx,118807040,118820670,13630,audio,"CRI ADX ADPCM, 1 ch, 16364 Hz, 1.47 s"
5629,/voice/NA00_2907_001_014.ahx,118820864,118826681,5817,audio,"CRI AHX, 1 ch, 16364 Hz, 1.48 s"
5630,/voice/NA00_2907_001_021.adx,118827008,118830918,3910,audio,"CRI ADX ADPCM, 1 ch, 16364 Hz, 0.42 s"
5631,/voice/NA00_2907_001_021.ahx,118831104,118833635,2531,audio,"CRI AHX, 1 ch, 16364 Hz, 0.42 s"
5632,/voice/NA00_2907_001_021_1.adx,118833664,118887272,53608,audio,"CRI ADX ADPCM, 1 ch, 16364 Hz, 5.82 s"
5633,/voice/NA00_2907_001_021_1.ahx,118887424,118912960,25536,audio,"CRI AHX, 1 ch, 16364 Hz, 6.06 s"
5634,/voice/NA00_2907_001_021_2.adx,118913024,118934034,21010,audio,"CRI ADX ADPCM, 1 ch, 16364 Hz, 2.28 s"
5635,/voice/NA00_2907_001_021_2.ahx,118934528,118945228,10700,audio,"CRI AHX, 1 ch, 16364 Hz, 2.27 s"
5636,/voice/NA00_2907_001_023.adx,118945280,119003748,58468,audio,"CRI ADX ADPCM, 1 ch, 16364 Hz, 6.35 s"
5637,/voice/NA00_2907_001_023.ahx,119004160,119030548,26388,audio,"CRI AHX, 1 ch, 16364 Hz, 6.20 s"
5638,/voice/NA00_2907_001_030.adx,119030784,119090296,59512,audio,"CRI ADX ADPCM, 1 ch, 16364 Hz, 6.46 s"
5639,/voice/NA00_2907_001_030.ahx,119090688,119117614,26926,audio,"CRI AHX, 1 ch, 16364 Hz, 6.28 s"
5640,/voice/NA00_2907_001_030_1.adx,119117824,119122868,5044,audio,"CRI ADX ADPCM, 1 ch, 16364 Hz, 0.54 s"
5641,/voice/NA00_2907_001_030_1.ahx,119122944,119126302,3358,audio,"CRI AHX, 1 ch, 16364 Hz, 0.55 s"
5642,/voice/NA00_2907_001_032.adx,119126528,119178246,51718,audio,"CRI ADX ADPCM, 1 ch, 16364 Hz, 5.61 s"
5643,/voice/NA00_2907_001_032.ahx,119178752,119206233,27481,audio,"CRI AHX, 1 ch, 16364 Hz, 5.60 s"
5644,/voice/NA00_2907_001_035.adx,119206400,119295702,89302,audio,"CRI ADX ADPCM, 1 ch, 16364 Hz, 9.69 s"
5645,/voice/NA00_2907_001_035.ahx,119296000,119329228,33228,audio,"CRI AHX, 1 ch, 16364 Hz, 9.57 s"
5646,/voice/NA00_2907_001_035_1.adx,119329280,119331606,2326,audio,"CRI ADX ADPCM, 1 ch, 16364 Hz, 0.25 s"
5647,/voice/NA00_2907_001_035_1.ahx,119331840,119333394,1554,audio,"CRI AHX, 1 ch, 16364 Hz, 0.27 s"
5648,/voice/NA00_2907_001_037.adx,119333888,119343162,9274,audio,"CRI ADX ADPCM, 1 ch, 16364 Hz, 1.00 s"
5649,/voice/NA00_2907_001_037.ahx,119343616,119343879,263,audio,"CRI AHX, 1 ch, 16364 Hz, 1.00 s"
5650,/voice/NA00_2907_001_039.adx,119344128,119380924,36796,audio,"CRI ADX ADPCM, 1 ch, 16364 Hz, 3.99 s"
5651,/voice/NA00_2907_001_039.ahx,119380992,119399781,18789,audio,"CRI AHX, 1 ch, 16364 Hz, 3.97 s"
5652,/voice/NA00_2907_001_041.adx,119399936,119478960,79024,audio,"CRI ADX ADPCM, 1 ch, 16364 Hz, 8.58 s"
5653,/voice/NA00_2907_001_041.ahx,119479296,119516629,37333,audio,"CRI AHX, 1 ch, 16364 Hz, 8.09 s"
5654,/voice/NA00_2907_001_043.adx,119516672,119550552,33880,audio,"CRI ADX ADPCM, 1 ch, 16364 Hz, 3.67 s"
5655,/voice/NA00_2907_001_043.ahx,119550976,119570971,19995,audio,"CRI AHX, 1 ch, 16364 Hz, 3.61 s"
5656,/voice/NA00_2907_001_045.adx,119571456,119654440,82984,audio,"CRI ADX ADPCM, 1 ch, 16364 Hz, 9.01 s"
5657,/voice/NA00_2907_001_045.ahx,119654912,119692458,37546,audio,"CRI AHX, 1 ch, 16364 Hz, 8.36 s"
5658,/voice/NA00_2907_001_047.adx,119692800,119697466,4666,audio,"CRI ADX ADPCM, 1 ch, 16364 Hz, 0.50 s"
5659,/voice/NA00_2907_001_047.ahx,119697920,119700916,2996,audio,"CRI AHX, 1 ch, 16364 Hz, 0.49 s"
5660,/voice/NA00_2907_001_050.adx,119700992,119711490,10498,audio,"CRI ADX ADPCM, 1 ch, 16364 Hz, 1.13 s"
5661,/voice/NA00_2907_001_050.ahx,119711744,119718746,7002,audio,"CRI AHX, 1 ch, 16364 Hz, 1.17 s"
5662,/voice/NA00_2907_001_050_1.adx,119718912,119757760,38848,audio,"CRI ADX ADPCM, 1 ch, 16364 Hz, 4.21 s"
5663,/voice/NA00_2907_001_050_1.ahx,119757824,119780817,22993,audio,"CRI AHX, 1 ch, 16364 Hz, 4.04 s"
5664,/voice/NA00_2907_001_052.adx,119780864,119841726,60862,audio,"CRI ADX ADPCM, 1 ch, 16364 Hz, 6.60 s"
5665,/voice/NA00_2907_001_052.ahx,119841792,119870716,28924,audio,"CRI AHX, 1 ch, 16364 Hz, 6.44 s"
5666,/voice/NA00_2907_001_055.adx,119870976,119905774,34798,audio,"CRI ADX ADPCM, 1 ch, 16364 Hz, 3.77 s"
5667,/voice/NA00_2907_001_055.ahx,119905792,119926317,20525,audio,"CRI AHX, 1 ch, 16364 Hz, 3.78 s"
5668,/voice/NA00_2907_001_057.adx,119926784,119968800,42016,audio,"CRI ADX ADPCM, 1 ch, 16364 Hz, 4.56 s"
5669,/voice/NA00_2907_001_057.ahx,119969280,119990392,21112,audio,"CRI AHX, 1 ch, 16364 Hz, 4.25 s"
5670,/voice/NA00_2907_001_059.adx,119990784,120027148,36364,audio,"CRI ADX ADPCM, 1 ch, 16364 Hz, 3.94 s"
5671,/voice/NA00_2907_001_059.ahx,120027648,120045786,18138,audio,"CRI AHX, 1 ch, 16364 Hz, 4.10 s"
5672,/voice/NA00_2907_001_060.adx,120046080,120064876,18796,audio,"CRI ADX ADPCM, 1 ch, 16364 Hz, 2.03 s"
5673,/voice/NA00_2907_001_060.ahx,120065024,120070167,5143,audio,"CRI AHX, 1 ch, 16364 Hz, 1.37 s"
5674,/voice/NA00_2907_001_061.adx,120070656,120095824,25168,audio,"CRI ADX ADPCM, 1 ch, 16364 Hz, 2.73 s"
5675,/voice/NA00_2907_001_061.ahx,120096256,120107967,11711,audio,"CRI AHX, 1 ch, 16364 Hz, 2.51 s"
5676,/voice/NA00_2907_001_066.adx,120108032,120111258,3226,audio,"CRI ADX ADPCM, 1 ch, 16364 Hz, 0.34 s"
5677,/voice/NA00_2907_001_066.ahx,120111616,120113537,1921,audio,"CRI AHX, 1 ch, 16364 Hz, 0.32 s"
5678,/voice/NA00_2907_001_070.adx,120113664,120126826,13162,audio,"CRI ADX ADPCM, 1 ch, 16364 Hz, 1.42 s"
5679,/voice/NA00_2907_001_070.ahx,120126976,120134827,7851,audio,"CRI AHX, 1 ch, 16364 Hz, 1.41 s"
5680,/voice/NA00_2907_001_072.adx,120135168,120152038,16870,audio,"CRI ADX ADPCM, 1 ch, 16364 Hz, 1.83 s"
5681,/voice/NA00_2907_001_072.ahx,120152064,120162795,10731,audio,"CRI AHX, 1 ch, 16364 Hz, 1.82 s"
5682,/voice/NA00_2907_002_002.adx,120162816,120198064,35248,audio,"CRI ADX ADPCM, 1 ch, 16364 Hz, 3.82 s"
5683,/voice/NA00_2907_002_002.ahx,120198144,120218685,20541,audio,"CRI AHX, 1 ch, 16364 Hz, 3.99 s"
5684,/voice/NA00_2907_002_009.adx,120219136,120257966,38830,audio,"CRI ADX ADPCM, 1 ch, 16364 Hz, 4.21 s"
5685,/voice/NA00_2907_002_009.ahx,120258048,120276993,18945,audio,"CRI AHX, 1 ch, 16364 Hz, 4.18 s"
5686,/voice/NA00_2907_002_011.adx,120277504,120292232,14728,audio,"CRI ADX ADPCM, 1 ch, 16364 Hz, 1.59 s"
5687,/voice/NA00_2907_002_011.ahx,120292352,120302381,10029,audio,"CRI AHX, 1 ch, 16364 Hz, 1.65 s"
5688,/voice/NA00_2907_002_022.adx,120302592,120328678,26086,audio,"CRI ADX ADPCM, 1 ch, 16364 Hz, 2.83 s"
5689,/voice/NA00_2907_002_022.ahx,120328704,120342193,13489,audio,"CRI AHX, 1 ch, 16364 Hz, 2.91 s"
5690,/voice/NA00_2907_002_029.adx,120342528,120372988,30460,audio,"CRI ADX ADPCM, 1 ch, 16364 Hz, 3.30 s"
5691,/voice/NA00_2907_002_029.ahx,120373248,120388300,15052,audio,"CRI AHX, 1 ch, 16364 Hz, 3.31 s"
5692,/voice/NA00_2907_002_031.adx,120388608,120435376,46768,audio,"CRI ADX ADPCM, 1 ch, 16364 Hz, 5.07 s"
5693,/voice/NA00_2907_002_031.ahx,120435712,120459093,23381,audio,"CRI AHX, 1 ch, 16364 Hz, 5.09 s"
5694,/voice/NA00_2907_002_033.adx,120459264,120481516,22252,audio,"CRI ADX ADPCM, 1 ch, 16364 Hz, 2.41 s"
5695,/voice/NA00_2907_002_033.ahx,120481792,120493744,11952,audio,"CRI AHX, 1 ch, 16364 Hz, 2.37 s"
5696,/voice/NA00_2907_002_034.adx,120494080,120532262,38182,audio,"CRI ADX ADPCM, 1 ch, 16364 Hz, 4.14 s"
5697,/voice/NA00_2907_002_034.ahx,120532480,120552843,20363,audio,"CRI AHX, 1 ch, 16364 Hz, 4.16 s"
5698,/voice/NA00_2907_002_036.adx,120552960,120597118,44158,audio,"CRI ADX ADPCM, 1 ch, 16364 Hz, 4.79 s"
5699,/voice/NA00_2907_002_036.ahx,120597504,120619589,22085,audio,"CRI AHX, 1 ch, 16364 Hz, 5.32 s"
5700,/voice/NA00_2907_002_063.adx,120620032,120638594,18562,audio,"CRI ADX ADPCM, 1 ch, 16364 Hz, 2.01 s"
5701,/voice/NA00_2907_002_063.ahx,120638976,120651093,12117,audio,"CRI AHX, 1 ch, 16364 Hz, 2.01 s"
5702,/voice/NA00_2907_002_071.adx,120651264,120669916,18652,audio,"CRI ADX ADPCM, 1 ch, 16364 Hz, 2.02 s"
5703,/voice/NA00_2907_002_071.ahx,120670208,120680830,10622,audio,"CRI AHX, 1 ch, 16364 Hz, 2.00 s"
5704,/voice/NA00_2907_002_073.adx,120680960,120710664,29704,audio,"CRI ADX ADPCM, 1 ch, 16364 Hz, 3.22 s"
5705,/voice/NA00_2907_002_073.ahx,120711168,120727365,16197,audio,"CRI AHX, 1 ch, 16364 Hz, 3.20 s"
5706,/voice/NA00_2907_002_073_1.adx,120727552,120736178,8626,audio,"CRI ADX ADPCM, 1 ch, 16364 Hz, 0.93 s"
5707,/voice/NA00_2907_002_073_1.ahx,120736256,120741799,5543,audio,"CRI AHX, 1 ch, 16364 Hz, 0.91 s"
5708,/voice/NA00_2907_003_012.adx,120741888,120770062,28174,audio,"CRI ADX ADPCM, 1 ch, 16364 Hz, 3.05 s"
5709,/voice/NA00_2907_003_012.ahx,120770560,120784434,13874,audio,"CRI AHX, 1 ch, 16364 Hz, 3.06 s"
5710,/voice/NA00_2907_003_019.adx,120784896,120816220,31324,audio,"CRI ADX ADPCM, 1 ch, 16364 Hz, 3.40 s"
5711,/voice/NA00_2907_003_019.ahx,120816640,120832355,15715,audio,"CRI AHX, 1 ch, 16364 Hz, 3.38 s"
5712,/voice/NA00_2907_003_025.adx,120832512,120854818,22306,audio,"CRI ADX ADPCM, 1 ch, 16364 Hz, 2.42 s"
5713,/voice/NA00_2907_003_025.ahx,120855040,120865826,10786,audio,"CRI AHX, 1 ch, 16364 Hz, 2.45 s"
5714,/voice/NA00_2907_003_038.adx,120866304,120892210,25906,audio,"CRI ADX ADPCM, 1 ch, 16364 Hz, 2.81 s"
5715,/voice/NA00_2907_003_038.ahx,120892416,120906687,14271,audio,"CRI AHX, 1 ch, 16364 Hz, 3.21 s"
5716,/voice/NA00_2907_003_040.adx,120906752,120975912,69160,audio,"CRI ADX ADPCM, 1 ch, 16364 Hz, 7.51 s"
5717,/voice/NA00_2907_003_040.ahx,120976384,121011256,34872,audio,"CRI AHX, 1 ch, 16364 Hz, 7.42 s"
5718,/voice/NA00_2907_003_042.adx,121011712,121021922,10210,audio,"CRI ADX ADPCM, 1 ch, 16364 Hz, 1.10 s"
5719,/voice/NA00_2907_003_042.ahx,121021952,121028185,6233,audio,"CRI AHX, 1 ch, 16364 Hz, 1.07 s"
5720,/voice/NA00_2907_003_042_1.adx,121028608,121041284,12676,audio,"CRI ADX ADPCM, 1 ch, 16364 Hz, 1.37 s"
5721,/voice/NA00_2907_003_042_1.ahx,121041408,121049735,8327,audio,"CRI AHX, 1 ch, 16364 Hz, 1.38 s"
5722,/voice/NA00_2907_003_064.adx,121050112,121085072,34960,audio,"CRI ADX ADPCM, 1 ch, 16364 Hz, 3.79 s"
5723,/voice/NA00_2907_003_064.ahx,121085440,121101479,16039,audio,"CRI AHX, 1 ch, 16364 Hz, 3.73 s"
5724,/voice/NA00_2907_003_065.adx,121101824,121155270,53446,audio,"CRI ADX ADPCM, 1 ch, 16364 Hz, 5.80 s"
5725,/voice/NA00_2907_003_065.ahx,121155584,121180707,25123,audio,"CRI AHX, 1 ch, 16364 Hz, 5.56 s"
5726,/voice/NA00_2907_003_068.adx,121181184,121200214,19030,audio,"CRI ADX ADPCM, 1 ch, 16364 Hz, 2.06 s"
5727,/voice/NA00_2907_003_068.ahx,121200640,121211055,10415,audio,"CRI AHX, 1 ch, 16364 Hz, 2.34 s"
5728,/voice/NA00_2907_004_017.adx,121211392,121237208,25816,audio,"CRI ADX ADPCM, 1 ch, 16364 Hz, 2.80 s"
5729,/voice/NA00_2907_004_017.ahx,121237504,121250821,13317,audio,"CRI AHX, 1 ch, 16364 Hz, 2.82 s"
5730,/voice/NA00_2907_004_024.adx,121251328,121328102,76774,audio,"CRI ADX ADPCM, 1 ch, 16364 Hz, 8.33 s"
5731,/voice/NA00_2907_004_024.ahx,121328128,121366222,38094,audio,"CRI AHX, 1 ch, 16364 Hz, 7.95 s"
5732,/voice/NA00_2907_004_024_1.adx,121366528,121405916,39388,audio,"CRI ADX ADPCM, 1 ch, 16364 Hz, 4.27 s"
5733,/voice/NA00_2907_004_024_1.ahx,121405952,121427569,21617,audio,"CRI AHX, 1 ch, 16364 Hz, 3.96 s"
5734,/voice/NA00_2907_004_026.adx,121427968,121500602,72634,audio,"CRI ADX ADPCM, 1 ch, 16364 Hz, 7.88 s"
5735,/voice/NA00_2907_004_026.ahx,121500672,121535038,34366,audio,"CRI AHX, 1 ch, 16364 Hz, 7.85 s"
5736,/voice/NA00_2907_004_026_1.adx,121535488,121602542,67054,audio,"CRI ADX ADPCM, 1 ch, 16364 Hz, 7.28 s"
5737,/voice/NA00_2907_004_026_1.ahx,121602560,121640524,37964,audio,"CRI AHX, 1 ch, 16364 Hz, 7.24 s"
5738,/voice/NA00_2907_004_044.adx,121640960,121657236,16276,audio,"CRI ADX ADPCM, 1 ch, 16364 Hz, 1.76 s"
5739,/voice/NA00_2907_004_044.ahx,121657344,121666326,8982,audio,"CRI AHX, 1 ch, 16364 Hz, 1.50 s"
5740,/voice/NA00_2907_004_046.adx,121666560,121675960,9400,audio,"CRI ADX ADPCM, 1 ch, 16364 Hz, 1.01 s"
5741,/voice/NA00_2907_004_046.ahx,121676288,121682430,6142,audio,"CRI AHX, 1 ch, 16364 Hz, 1.06 s"
5742,/voice/NA00_2907_004_046_1.adx,121682432,121746336,63904,audio,"CRI ADX ADPCM, 1 ch, 16364 Hz, 6.94 s"
5743,/voice/NA00_2907_004_046_1.ahx,121746432,121778390,31958,audio,"CRI AHX, 1 ch, 16364 Hz, 6.77 s"
5744,/voice/NA00_2907_004_048.adx,121778688,121824610,45922,audio,"CRI ADX ADPCM, 1 ch, 16364 Hz, 4.98 s"
5745,/voice/NA00_2907_004_048.ahx,121824768,121848662,23894,audio,"CRI AHX, 1 ch, 16364 Hz, 4.92 s"
5746,/voice/NA00_2907_004_062.adx,121848832,121912232,63400,audio,"CRI ADX ADPCM, 1 ch, 16364 Hz, 6.88 s"
5747,/voice/NA00_2907_004_062.ahx,121912320,121944447,32127,audio,"CRI AHX, 1 ch, 16364 Hz, 6.43 s"
5748,/voice/NA00_2907_004_062_1.adx,121944576,121979266,34690,audio,"CRI ADX ADPCM, 1 ch, 16364 Hz, 3.76 s"
5749,/voice/NA00_2907_004_062_1.ahx,121979392,121999198,19806,audio,"CRI AHX, 1 ch, 16364 Hz, 3.57 s"
5750,/voice/NA00_2907_004_067.adx,121999360,122020136,20776,audio,"CRI ADX ADPCM, 1 ch, 16364 Hz, 2.25 s"
5751,/voice/NA00_2907_004_067.ahx,122020352,122033470,13118,audio,"CRI AHX, 1 ch, 16364 Hz, 2.25 s"
5752,/voice/NA00_2907_005_015.adx,122033664,122064466,30802,audio,"CRI ADX ADPCM, 1 ch, 16364 Hz, 3.34 s"
5753,/voice/NA00_2907_005_015.ahx,122064896,122078460,13564,audio,"CRI AHX, 1 ch, 16364 Hz, 3.34 s"
5754,/voice/NA00_2907_005_020.adx,122078720,122106354,27634,audio,"CRI ADX ADPCM, 1 ch, 16364 Hz, 3.00 s"
5755,/voice/NA00_2907_005_020.ahx,122106368,122119216,12848,audio,"CRI AHX, 1 ch, 16364 Hz, 3.00 s"
5756,/voice/NA00_2907_005_028.adx,122119680,122179084,59404,audio,"CRI ADX ADPCM, 1 ch, 16364 Hz, 6.45 s"
5757,/voice/NA00_2907_005_028.ahx,122179584,122208648,29064,audio,"CRI AHX, 1 ch, 16364 Hz, 6.45 s"
5758,/voice/NA00_2907_005_049.adx,122208768,122235916,27148,audio,"CRI ADX ADPCM, 1 ch, 16364 Hz, 2.94 s"
5759,/voice/NA00_2907_005_049.ahx,122236416,122249685,13269,audio,"CRI AHX, 1 ch, 16364 Hz, 2.94 s"
5760,/voice/NA00_2907_005_051.adx,122249728,122297990,48262,audio,"CRI ADX ADPCM, 1 ch, 16364 Hz, 5.24 s"
5761,/voice/NA00_2907_005_051.ahx,122298368,122325884,27516,audio,"CRI AHX, 1 ch, 16364 Hz, 5.24 s"
5762,/voice/NA00_2907_005_053.adx,122326016,122353524,27508,audio,"CRI ADX ADPCM, 1 ch, 16364 Hz, 2.98 s"
5763,/voice/NA00_2907_005_053.ahx,122353664,122366281,12617,audio,"CRI AHX, 1 ch, 16364 Hz, 2.98 s"
5764,/voice/NA00_2907_005_069.adx,122366464,122402972,36508,audio,"CRI ADX ADPCM, 1 ch, 16364 Hz, 3.96 s"
5765,/voice/NA00_2907_005_069.ahx,122403328,122420814,17486,audio,"CRI AHX, 1 ch, 16364 Hz, 3.96 s"
5766,/voice/NA00_2907_006_016.adx,122421248,122448900,27652,audio,"CRI ADX ADPCM, 1 ch, 16364 Hz, 3.00 s"
5767,/voice/NA00_2907_006_016.ahx,122449408,122465387,15979,audio,"CRI AHX, 1 ch, 16364 Hz, 3.01 s"
5768,/voice/NA00_2907_006_018.adx,122465792,122506044,40252,audio,"CRI ADX ADPCM, 1 ch, 16364 Hz, 4.37 s"
5769,/voice/NA00_2907_006_018.ahx,122506240,122529443,23203,audio,"CRI AHX, 1 ch, 16364 Hz, 4.37 s"
5770,/voice/NA00_2907_006_027.adx,122529792,122592544,62752,audio,"CRI ADX ADPCM, 1 ch, 16364 Hz, 6.81 s"
5771,/voice/NA00_2907_006_027.ahx,122592768,122625213,32445,audio,"CRI AHX, 1 ch, 16364 Hz, 6.73 s"
5772,/voice/NA00_2907_006_054.adx,122625536,122650236,24700,audio,"CRI ADX ADPCM, 1 ch, 16364 Hz, 2.68 s"
5773,/voice/NA00_2907_006_054.ahx,122650624,122666337,15713,audio,"CRI AHX, 1 ch, 16364 Hz, 2.69 s"
5774,/voice/NA00_2907_006_056.adx,122666496,122712652,46156,audio,"CRI ADX ADPCM, 1 ch, 16364 Hz, 5.01 s"
5775,/voice/NA00_2907_006_056.ahx,122713088,122740461,27373,audio,"CRI AHX, 1 ch, 16364 Hz, 5.03 s"
5776,/voice/NA00_2907_006_056_1.adx,122740736,122774274,33538,audio,"CRI ADX ADPCM, 1 ch, 16364 Hz, 3.64 s"
5777,/voice/NA00_2907_006_056_1.ahx,122774528,122791953,17425,audio,"CRI AHX, 1 ch, 16364 Hz, 3.63 s"
5778,/voice/NA00_2907_006_058.adx,122792448,122847532,55084,audio,"CRI ADX ADPCM, 1 ch, 16364 Hz, 5.98 s"
5779,/voice/NA00_2907_006_058.ahx,122847744,122876532,28788,audio,"CRI AHX, 1 ch, 16364 Hz, 5.97 s"
5780,/voice/NA00_2907_006_074.adx,122876928,122899918,22990,audio,"CRI ADX ADPCM, 1 ch, 16364 Hz, 2.49 s"
5781,/voice/NA00_2907_006_074.ahx,122899968,122911564,11596,audio,"CRI AHX, 1 ch, 16364 Hz, 2.24 s"
5782,/voice/NA00_2907_008_005.adx,122911744,122921414,9670,audio,"CRI ADX ADPCM, 1 ch, 16364 Hz, 1.04 s"
5783,/voice/NA00_2907_008_005.ahx,122921472,122927330,5858,audio,"CRI AHX, 1 ch, 16364 Hz, 1.00 s"
5784,/voice/NA00_2907_008_007.adx,122927616,123019816,92200,audio,"CRI ADX ADPCM, 1 ch, 16364 Hz, 10.01 s"
5785,/voice/NA00_2907_008_007.ahx,123020288,123054009,33721,audio,"CRI AHX, 1 ch, 16364 Hz, 11.76 s"
5786,/voice/NA00_2907_014_001.adx,123054080,123106770,52690,audio,"CRI ADX ADPCM, 1 ch, 16364 Hz, 5.72 s"
5787,/voice/NA00_2907_014_001.ahx,123106816,123135835,29019,audio,"CRI AHX, 1 ch, 16364 Hz, 5.72 s"
5788,/voice/NA00_2907_014_004.adx,123136000,123184928,48928,audio,"CRI ADX ADPCM, 1 ch, 16364 Hz, 5.31 s"
5789,/voice/NA00_2907_014_004.ahx,123185152,123203433,18281,audio,"CRI AHX, 1 ch, 16364 Hz, 5.03 s"
5790,/voice/NA00_3001_001_004.ahx,123203584,123231689,28105,audio,"CRI AHX, 1 ch, 16364 Hz, 6.98 s"
5791,/voice/NA00_3001_001_006.ahx,123231744,123255371,23627,audio,"CRI AHX, 1 ch, 16364 Hz, 5.39 s"
5792,/voice/NA00_3001_001_014.ahx,123255808,123262907,7099,audio,"CRI AHX, 1 ch, 16364 Hz, 1.97 s"
5793,/voice/NA00_3001_001_022.ahx,123262976,123272391,9415,audio,"CRI AHX, 1 ch, 16364 Hz, 1.75 s"
5794,/voice/NA00_3001_001_024.ahx,123272704,123283656,10952,audio,"CRI AHX, 1 ch, 16364 Hz, 2.03 s"
5795,/voice/NA00_3001_001_035.ahx,123283968,123295434,11466,audio,"CRI AHX, 1 ch, 16364 Hz, 2.57 s"
5796,/voice/NA00_3001_001_039.ahx,123295744,123306332,10588,audio,"CRI AHX, 1 ch, 16364 Hz, 2.09 s"
5797,/voice/NA00_3001_001_041.ahx,123306496,123332368,25872,audio,"CRI AHX, 1 ch, 16364 Hz, 5.73 s"
5798,/voice/NA00_3001_001_046.ahx,123332608,123335162,2554,audio,"CRI AHX, 1 ch, 16364 Hz, 0.40 s"
5799,/voice/NA00_3001_001_048.ahx,123335168,123352860,17692,audio,"CRI AHX, 1 ch, 16364 Hz, 3.72 s"
5800,/voice/NA00_3001_001_049.ahx,123353088,123355236,2148,audio,"CRI AHX, 1 ch, 16364 Hz, 0.33 s"
5801,/voice/NA00_3001_001_051.ahx,123355648,123358602,2954,audio,"CRI AHX, 1 ch, 16364 Hz, 0.50 s"
5802,/voice/NA00_3001_002_003.ahx,123358720,123369120,10400,audio,"CRI AHX, 1 ch, 16364 Hz, 2.12 s"
5803,/voice/NA00_3001_002_007.ahx,123369472,123378300,8828,audio,"CRI AHX, 1 ch, 16364 Hz, 1.82 s"
5804,/voice/NA00_3001_002_020.ahx,123378688,123406135,27447,audio,"CRI AHX, 1 ch, 16364 Hz, 6.19 s"
5805,/voice/NA00_3001_002_027.ahx,123406336,123416647,10311,audio,"CRI AHX, 1 ch, 16364 Hz, 1.74 s"
5806,/voice/NA00_3001_002_030.ahx,123417088,123427814,10726,audio,"CRI AHX, 1 ch, 16364 Hz, 2.07 s"
5807,/voice/NA00_3001_002_036.ahx,123427840,123448173,20333,audio,"CRI AHX, 1 ch, 16364 Hz, 3.65 s"
5808,/voice/NA00_3001_002_038.ahx,123448320,123450287,1967,audio,"CRI AHX, 1 ch, 16364 Hz, 0.31 s"
5809,/voice/NA00_3001_002_043.ahx,123450368,123478231,27863,audio,"CRI AHX, 1 ch, 16364 Hz, 5.82 s"
5810,/voice/NA00_3001_002_045.ahx,123478528,123483027,4499,audio,"CRI AHX, 1 ch, 16364 Hz, 0.85 s"
5811,/voice/NA00_3001_002_048.ahx,123483136,123510439,27303,audio,"CRI AHX, 1 ch, 16364 Hz, 6.65 s"
5812,/voice/NA00_3001_002_050.ahx,123510784,123534519,23735,audio,"CRI AHX, 1 ch, 16364 Hz, 5.88 s"
5813,/voice/NA00_3001_002_050_1.ahx,123534848,123537413,2565,audio,"CRI AHX, 1 ch, 16364 Hz, 0.45 s"
5814,/voice/NA00_3001_002_052.ahx,123537920,123540939,3019,audio,"CRI AHX, 1 ch, 16364 Hz, 0.50 s"
5815,/voice/NA00_3001_003_009.ahx,123540992,123570173,29181,audio,"CRI AHX, 1 ch, 16364 Hz, 5.96 s"
5816,/voice/NA00_3001_003_016.ahx,123570176,123585129,14953,audio,"CRI AHX, 1 ch, 16364 Hz, 3.23 s"
5817,/voice/NA00_3001_003_037.ahx,123585536,123608917,23381,audio,"CRI AHX, 1 ch, 16364 Hz, 4.42 s"
5818,/voice/NA00_3001_003_040.ahx,123609088,123642872,33784,audio,"CRI AHX, 1 ch, 16364 Hz, 6.83 s"
5819,/voice/NA00_3001_003_042.ahx,123642880,123650522,7642,audio,"CRI AHX, 1 ch, 16364 Hz, 1.75 s"
5820,/voice/NA00_3001_003_042_1.ahx,123650560,123665106,14546,audio,"CRI AHX, 1 ch, 16364 Hz, 2.95 s"
5821,/voice/NA00_3001_003_042_2.ahx,123665408,123683188,17780,audio,"CRI AHX, 1 ch, 16364 Hz, 3.39 s"
5822,/voice/NA00_3001_003_044.ahx,123683328,123695883,12555,audio,"CRI AHX, 1 ch, 16364 Hz, 3.41 s"
5823,/voice/NA00_3001_004_012.ahx,123696128,123728049,31921,audio,"CRI AHX, 1 ch, 16364 Hz, 6.90 s"
5824,/voice/NA00_3001_004_018.ahx,123728384,123736819,8435,audio,"CRI AHX, 1 ch, 16364 Hz, 1.94 s"
5825,/voice/NA00_3001_004_026.ahx,123737088,123780398,43310,audio,"CRI AHX, 1 ch, 16364 Hz, 9.63 s"
5826,/voice/NA00_3001_004_028.ahx,123780608,123814397,33789,audio,"CRI AHX, 1 ch, 16364 Hz, 7.39 s"
5827,/voice/NA00_3001_004_031.ahx,123814400,123821850,7450,audio,"CRI AHX, 1 ch, 16364 Hz, 1.48 s"
5828,/voice/NA00_3001_004_032.ahx,123822080,123850984,28904,audio,"CRI AHX, 1 ch, 16364 Hz, 6.09 s"
5829,/voice/NA00_3001_004_034.ahx,123851264,123878031,26767,audio,"CRI AHX, 1 ch, 16364 Hz, 6.41 s"
5830,/voice/NA00_3001_004_034_1.ahx,123878400,123907324,28924,audio,"CRI AHX, 1 ch, 16364 Hz, 6.35 s"
5831,/voice/NA00_3001_005_005.ahx,123907584,123950037,42453,audio,"CRI AHX, 1 ch, 16364 Hz, 10.17 s"
5832,/voice/NA00_3001_005_005_1.ahx,123950080,123979511,29431,audio,"CRI AHX, 1 ch, 16364 Hz, 5.64 s"
5833,/voice/NA00_3001_005_008.ahx,123979776,124012951,33175,audio,"CRI AHX, 1 ch, 16364 Hz, 6.91 s"
5834,/voice/NA00_3001_005_008_1.ahx,124013056,124033601,20545,audio,"CRI AHX, 1 ch, 16364 Hz, 4.39 s"
5835,/voice/NA00_3001_005_010.ahx,124034048,124061684,27636,audio,"CRI AHX, 1 ch, 16364 Hz, 5.91 s"
5836,/voice/NA00_3001_005_011.ahx,124061696,124069871,8175,audio,"CRI AHX, 1 ch, 16364 Hz, 2.07 s"
5837,/voice/NA00_3001_006_013.ahx,124069888,124089176,19288,audio,"CRI AHX, 1 ch, 16364 Hz, 3.65 s"
5838,/voice/NA00_3001_006_015.ahx,124089344,124119122,29778,audio,"CRI AHX, 1 ch, 16364 Hz, 5.88 s"
5839,/voice/NA00_3001_006_017.ahx,124119552,124146160,26608,audio,"CRI AHX, 1 ch, 16364 Hz, 5.71 s"
5840,/voice/NA00_3001_006_019.ahx,124146176,124153590,7414,audio,"CRI AHX, 1 ch, 16364 Hz, 1.29 s"
5841,/voice/NA00_3001_006_019_1.ahx,124153856,124188764,34908,audio,"CRI AHX, 1 ch, 16364 Hz, 7.74 s"
5842,/voice/NA00_3001_006_021.ahx,124189184,124209244,20060,audio,"CRI AHX, 1 ch, 16364 Hz, 3.84 s"
5843,/voice/NA00_3001_006_021_1.ahx,124209664,124246334,36670,audio,"CRI AHX, 1 ch, 16364 Hz, 9.01 s"
5844,/voice/NA00_3001_006_023.ahx,124246528,124275714,29186,audio,"CRI AHX, 1 ch, 16364 Hz, 6.37 s"
5845,/voice/NA00_3001_006_025.ahx,124276224,124285776,9552,audio,"CRI AHX, 1 ch, 16364 Hz, 1.61 s"
5846,/voice/NA00_3001_006_025_1.ahx,124285952,124298272,12320,audio,"CRI AHX, 1 ch, 16364 Hz, 3.34 s"
5847,/voice/NA00_3001_007_047.ahx,124298752,124314158,15406,audio,"CRI AHX, 1 ch, 16364 Hz, 3.26 s"
5848,/voice/NA00_3001_011_029.ahx,124314624,124351204,36580,audio,"CRI AHX, 1 ch, 16364 Hz, 9.34 s"
5849,/voice/NA00_3001_011_033.ahx,124351488,124377883,26395,audio,"CRI AHX, 1 ch, 16364 Hz, 5.77 s"
5850,/voice/NA00_3001_011_033_1.ahx,124378112,124392927,14815,audio,"CRI AHX, 1 ch, 16364 Hz, 2.80 s"
5851,/voice/NA00_3001_011_033_2.ahx,124392960,124416033,23073,audio,"CRI AHX, 1 ch, 16364 Hz, 5.29 s"
5852,/voice/NA00_3001_068_002.ahx,124416512,124427195,10683,audio,"CRI AHX, 1 ch, 16364 Hz, 2.27 s"
5853,/voice/NA00_3001_070_001.ahx,124427264,124431295,4031,audio,"CRI AHX, 1 ch, 16364 Hz, 0.73 s"
5854,/voice/NA00_3002_001_003.ahx,124431360,124447165,15805,audio,"CRI AHX, 1 ch, 16364 Hz, 3.15 s"
5855,/voice/NA00_3002_001_006.ahx,124447232,124461129,13897,audio,"CRI AHX, 1 ch, 16364 Hz, 3.89 s"
5856,/voice/NA00_3002_001_009.ahx,124461568,124476578,15010,audio,"CRI AHX, 1 ch, 16364 Hz, 3.16 s"
5857,/voice/NA00_3002_001_014.ahx,124476928,124499708,22780,audio,"CRI AHX, 1 ch, 16364 Hz, 6.50 s"
5858,/voice/NA00_3002_001_014_1.ahx,124499968,124505351,5383,audio,"CRI AHX, 1 ch, 16364 Hz, 1.00 s"
5859,/voice/NA00_3002_001_014_2.ahx,124505600,124514221,8621,audio,"CRI AHX, 1 ch, 16364 Hz, 1.98 s"
5860,/voice/NA00_3002_023_001.ahx,124514304,124519782,5478,audio,"CRI AHX, 1 ch, 16364 Hz, 0.90 s"
5861,/voice/NA00_3002_023_004.ahx,124519936,124550106,30170,audio,"CRI AHX, 1 ch, 16364 Hz, 5.52 s"
5862,/voice/NA00_3002_023_007.ahx,124550144,124576643,26499,audio,"CRI AHX, 1 ch, 16364 Hz, 5.12 s"
5863,/voice/NA00_3002_023_010.ahx,124576768,124596696,19928,audio,"CRI AHX, 1 ch, 16364 Hz, 3.78 s"
5864,/voice/NA00_3002_023_012.ahx,124596736,124608438,11702,audio,"CRI AHX, 1 ch, 16364 Hz, 2.32 s"
5865,/voice/NA00_3002_024_002.ahx,124608512,124627847,19335,audio,"CRI AHX, 1 ch, 16364 Hz, 3.42 s"
5866,/voice/NA00_3002_024_005.ahx,124627968,124652416,24448,audio,"CRI AHX, 1 ch, 16364 Hz, 4.64 s"
5867,/voice/NA00_3002_024_008.ahx,124652544,124662073,9529,audio,"CRI AHX, 1 ch, 16364 Hz, 1.59 s"
5868,/voice/NA00_3002_024_011.ahx,124662272,124688942,26670,audio,"CRI AHX, 1 ch, 16364 Hz, 5.12 s"
5869,/voice/NA00_3002_024_013.ahx,124689408,124695294,5886,audio,"CRI AHX, 1 ch, 16364 Hz, 0.99 s"
5870,/voice/NA00_3003_001_001.ahx,124695552,124721626,26074,audio,"CRI AHX, 1 ch, 16364 Hz, 6.43 s"
5871,/voice/NA00_3003_001_002.ahx,124721664,124726627,4963,audio,"CRI AHX, 1 ch, 16364 Hz, 0.85 s"
5872,/voice/NA00_3003_001_003.ahx,124726784,124740710,13926,audio,"CRI AHX, 1 ch, 16364 Hz, 3.03 s"
5873,/voice/NA00_3003_001_003_1.ahx,124741120,124751668,10548,audio,"CRI AHX, 1 ch, 16364 Hz, 2.09 s"
5874,/voice/NA00_3003_001_004.ahx,124751872,124755472,3600,audio,"CRI AHX, 1 ch, 16364 Hz, 0.59 s"
5875,/voice/NA00_3003_001_007.ahx,124755968,124759358,3390,audio,"CRI AHX, 1 ch, 16364 Hz, 0.57 s"
5876,/voice/NA00_3003_001_008.ahx,124759552,124916505,156953,audio,"CRI AHX, 1 ch, 16364 Hz, 52.28 s"
5877,/voice/NA00_3003_019_006.ahx,124916736,124923834,7098,audio,"CRI AHX, 1 ch, 16364 Hz, 1.89 s"
5878,/voice/NA00_3003_020_005.ahx,124923904,124935497,11593,audio,"CRI AHX, 1 ch, 16364 Hz, 2.71 s"
5879,/voice/NA04_0003_001_001.ahx,124935680,124946854,11174,audio,"CRI AHX, 1 ch, 16364 Hz, 2.42 s"
5880,/voice/NA04_0003_001_004.ahx,124946944,124955271,8327,audio,"CRI AHX, 1 ch, 16364 Hz, 1.40 s"
5881,/voice/NA04_0003_001_006.ahx,124955648,124994569,38921,audio,"CRI AHX, 1 ch, 16364 Hz, 8.33 s"
5882,/voice/NA04_0003_001_008.ahx,124995072,125009336,14264,audio,"CRI AHX, 1 ch, 16364 Hz, 2.39 s"
5883,/voice/NA04_0003_001_013.ahx,125009408,125024814,15406,audio,"CRI AHX, 1 ch, 16364 Hz, 3.34 s"
5884,/voice/NA04_0003_001_016.ahx,125025280,125038377,13097,audio,"CRI AHX, 1 ch, 16364 Hz, 2.90 s"
5885,/voice/NA04_0003_002_003.ahx,125038592,125068678,30086,audio,"CRI AHX, 1 ch, 16364 Hz, 6.01 s"
5886,/voice/NA04_0003_002_005.ahx,125068800,125100863,32063,audio,"CRI AHX, 1 ch, 16364 Hz, 5.76 s"
5887,/voice/NA04_0003_002_005_1.ahx,125101056,125132536,31480,audio,"CRI AHX, 1 ch, 16364 Hz, 5.55 s"
5888,/voice/NA04_0003_002_007.ahx,125132800,125156382,23582,audio,"CRI AHX, 1 ch, 16364 Hz, 4.42 s"
5889,/voice/NA04_0003_002_009.ahx,125156864,125196954,40090,audio,"CRI AHX, 1 ch, 16364 Hz, 7.55 s"
5890,/voice/NA04_0003_002_011.ahx,125197312,125231351,34039,audio,"CRI AHX, 1 ch, 16364 Hz, 6.93 s"
5891,/voice/NA04_0003_002_014.ahx,125231616,125237372,5756,audio,"CRI AHX, 1 ch, 16364 Hz, 0.95 s"
5892,/voice/NA04_0003_002_017.ahx,125237760,125248437,10677,audio,"CRI AHX, 1 ch, 16364 Hz, 1.82 s"
5893,/voice/NA04_0003_007_002.ahx,125248512,125272538,24026,audio,"CRI AHX, 1 ch, 16364 Hz, 5.27 s"
5894,/voice/NA04_0003_007_010.ahx,125272576,125315471,42895,audio,"CRI AHX, 1 ch, 16364 Hz, 8.09 s"
5895,/voice/NA04_0003_007_012.ahx,125315584,125332265,16681,audio,"CRI AHX, 1 ch, 16364 Hz, 2.91 s"
5896,/voice/NA04_0003_007_015.ahx,125332480,125354008,21528,audio,"CRI AHX, 1 ch, 16364 Hz, 4.43 s"
5897,/voice/NA04_0003_007_015_1.ahx,125354496,125366797,12301,audio,"CRI AHX, 1 ch, 16364 Hz, 2.26 s"
5898,/voice/NA04_0005_001_001.ahx,125367296,125376502,9206,audio,"CRI AHX, 1 ch, 16364 Hz, 2.24 s"
5899,/voice/NA04_0005_001_003.ahx,125376512,125397078,20566,audio,"CRI AHX, 1 ch, 16364 Hz, 4.43 s"
5900,/voice/NA04_0005_001_005.ahx,125397504,125432540,35036,audio,"CRI AHX, 1 ch, 16364 Hz, 7.59 s"
5901,/voice/NA04_0005_001_007.ahx,125432832,125438664,5832,audio,"CRI AHX, 1 ch, 16364 Hz, 0.96 s"
5902,/voice/NA04_0005_001_008.ahx,125438976,125450070,11094,audio,"CRI AHX, 1 ch, 16364 Hz, 2.19 s"
5903,/voice/NA04_0005_001_010.ahx,125450240,125481802,31562,audio,"CRI AHX, 1 ch, 16364 Hz, 6.85 s"
5904,/voice/NA04_0005_001_013.ahx,125481984,125514083,32099,audio,"CRI AHX, 1 ch, 16364 Hz, 7.10 s"
5905,/voice/NA04_0005_001_015.ahx,125514240,125531191,16951,audio,"CRI AHX, 1 ch, 16364 Hz, 3.64 s"
5906,/voice/NA04_0005_002_012.ahx,125531648,125538540,6892,audio,"CRI AHX, 1 ch, 16364 Hz, 1.85 s"
5907,/voice/NA04_0005_002_014.ahx,125538816,125563285,24469,audio,"CRI AHX, 1 ch, 16364 Hz, 6.90 s"
5908,/voice/NA04_0005_002_016.ahx,125563392,125569477,6085,audio,"CRI AHX, 1 ch, 16364 Hz, 1.02 s"
5909,/voice/NA04_0005_007_002.ahx,125569536,125574363,4827,audio,"CRI AHX, 1 ch, 16364 Hz, 1.44 s"
5910,/voice/NA04_0005_007_004.ahx,125574656,125590784,16128,audio,"CRI AHX, 1 ch, 16364 Hz, 2.94 s"
5911,/voice/NA04_0005_007_006.ahx,125591040,125602198,11158,audio,"CRI AHX, 1 ch, 16364 Hz, 1.85 s"
5912,/voice/NA04_0005_007_009.ahx,125602304,125615178,12874,audio,"CRI AHX, 1 ch, 16364 Hz, 2.22 s"
5913,/voice/NA04_0005_007_011.ahx,125615616,125623352,7736,audio,"CRI AHX, 1 ch, 16364 Hz, 1.29 s"
5914,/voice/NA04_0005_007_011_1.ahx,125623808,125637962,14154,audio,"CRI AHX, 1 ch, 16364 Hz, 2.64 s"
5915,/voice/NA04_0005_007_011_2.ahx,125638144,125650360,12216,audio,"CRI AHX, 1 ch, 16364 Hz, 2.35 s"
5916,/voice/NA04_0023_001_001.ahx,125650432,125665715,15283,audio,"CRI AHX, 1 ch, 16364 Hz, 3.71 s"
5917,/voice/NA04_0023_001_003.ahx,125665792,125671721,5929,audio,"CRI AHX, 1 ch, 16364 Hz, 1.61 s"
5918,/voice/NA04_0023_001_003_1.ahx,125671936,125687463,15527,audio,"CRI AHX, 1 ch, 16364 Hz, 3.18 s"
5919,/voice/NA04_0023_001_005.ahx,125687808,125703484,15676,audio,"CRI AHX, 1 ch, 16364 Hz, 3.16 s"
5920,/voice/NA04_0023_001_007.ahx,125703680,125715477,11797,audio,"CRI AHX, 1 ch, 16364 Hz, 2.52 s"
5921,/voice/NA04_0023_001_009.ahx,125715968,125732712,16744,audio,"CRI AHX, 1 ch, 16364 Hz, 3.47 s"
5922,/voice/NA04_0023_007_002.ahx,125732864,125747960,15096,audio,"CRI AHX, 1 ch, 16364 Hz, 3.91 s"
5923,/voice/NA04_0023_007_004.ahx,125748224,125772765,24541,audio,"CRI AHX, 1 ch, 16364 Hz, 5.72 s"
5924,/voice/NA04_0023_007_006.ahx,125772800,125802948,30148,audio,"CRI AHX, 1 ch, 16364 Hz, 6.26 s"
5925,/voice/NA04_0023_007_008.ahx,125803008,125833220,30212,audio,"CRI AHX, 1 ch, 16364 Hz, 5.94 s"
5926,/weapon/c001w01a.bin,125833728,125836840,3112,container,"in-house EZBIND"
5927,/weapon/c001w01b.bin,125837312,125839564,2252,container,"in-house EZBIND"
5928,/weapon/c001w02a.bin,125839872,125844072,4200,container,"in-house EZBIND"
5929,/weapon/c001w02b.bin,125844480,125848264,3784,container,"in-house EZBIND"
5930,/weapon/c001w03a.bin,125848576,125852388,3812,container,"in-house EZBIND"
5931,/weapon/c001w03b.bin,125852672,125856004,3332,container,"in-house EZBIND"
5932,/weapon/c001w04a.bin,125856256,125860472,4216,container,"in-house EZBIND"
5933,/weapon/c001w04b.bin,125860864,125864744,3880,container,"in-house EZBIND"
5934,/weapon/c001w05a.bin,125864960,125870180,5220,container,"in-house EZBIND"
5935,/weapon/c001w05b.bin,125870592,125875604,5012,container,"in-house EZBIND"
5936,/weapon/c001w06a.bin,125875712,125880204,4492,container,"in-house EZBIND"
5937,/weapon/c001w06b.bin,125880320,125884308,3988,container,"in-house EZBIND"
5938,/weapon/c001w07a.bin,125884416,125889328,4912,container,"in-house EZBIND"
5939,/weapon/c001w07b.bin,125889536,125894348,4812,container,"in-house EZBIND"
5940,/weapon/c001w08a.bin,125894656,125899632,4976,container,"in-house EZBIND"
5941,/weapon/c001w08b.bin,125899776,125902300,2524,container,"in-house EZBIND"
5942,/weapon/c001w09a.bin,125902336,125907836,5500,container,"in-house EZBIND"
5943,/weapon/c001w09b.bin,125907968,125912464,4496,container,"in-house EZBIND"
5944,/weapon/c001w10a.bin,125912576,125917044,4468,container,"in-house EZBIND"
5945,/weapon/c001w10b.bin,125917184,125920400,3216,container,"in-house EZBIND"
5946,/weapon/c001w11a.bin,125920768,125926228,5460,container,"in-house EZBIND"
5947,/weapon/c001w11b.bin,125926400,125930584,4184,container,"in-house EZBIND"
5948,/weapon/c001w12a.bin,125931008,125935472,4464,container,"in-house EZBIND"
5949,/weapon/c001w12b.bin,125935616,125938152,2536,container,"in-house EZBIND"
5950,/weapon/c001w13a.bin,125938176,125942700,4524,container,"in-house EZBIND"
5951,/weapon/c001w13b.bin,125942784,125945996,3212,container,"in-house EZBIND"
5952,/weapon/c001w14a.bin,125946368,125951232,4864,container,"in-house EZBIND"
5953,/weapon/c001w14b.bin,125951488,125955120,3632,container,"in-house EZBIND"
5954,/weapon/c001w15a.bin,125955584,125961316,5732,container,"in-house EZBIND"
5955,/weapon/c001w15b.bin,125961728,125965488,3760,container,"in-house EZBIND"
5956,/weapon/c001w16a.bin,125965824,125969876,4052,container,"in-house EZBIND"
5957,/weapon/c001w16b.bin,125969920,125972176,2256,container,"in-house EZBIND"
5958,/weapon/c001w17a.bin,125972480,125977620,5140,container,"in-house EZBIND"
5959,/weapon/c001w17b.bin,125978112,125982244,4132,container,"in-house EZBIND"
5960,/weapon/c001w18a.bin,125982720,125989904,7184,container,"in-house EZBIND"
5961,/weapon/c001w18b.bin,125990400,125994340,3940,container,"in-house EZBIND"
5962,/weapon/c001w19a.bin,125994496,126000132,5636,container,"in-house EZBIND"
5963,/weapon/c001w19b.bin,126000640,126005388,4748,container,"in-house EZBIND"
5964,/weapon/c001w20a.bin,126005760,126010536,4776,container,"in-house EZBIND"
5965,/weapon/c001w20b.bin,126010880,126014988,4108,container,"in-house EZBIND"
5966,/weapon/c001w21a.bin,126015488,126021400,5912,container,"in-house EZBIND"
5967,/weapon/c001w21b.bin,126021632,126025608,3976,container,"in-house EZBIND"
5968,/weapon/c002w01a.bin,126025728,126029976,4248,container,"in-house EZBIND"
5969,/weapon/c002w01b.bin,126030336,126034692,4356,container,"in-house EZBIND"
5970,/weapon/c002w02a.bin,126034944,126039140,4196,container,"in-house EZBIND"
5971,/weapon/c002w02b.bin,126039552,126043804,4252,container,"in-house EZBIND"
5972,/weapon/c002w03a.bin,126044160,126047932,3772,container,"in-house EZBIND"
5973,/weapon/c002w03b.bin,126048256,126052000,3744,container,"in-house EZBIND"
5974,/weapon/c002w04a.bin,126052352,126056344,3992,container,"in-house EZBIND"
5975,/weapon/c002w04b.bin,126056448,126060432,3984,container,"in-house EZBIND"
5976,/weapon/c002w05a.bin,126060544,126065332,4788,container,"in-house EZBIND"
5977,/weapon/c002w05b.bin,126065664,126070628,4964,container,"in-house EZBIND"
5978,/weapon/c002w06a.bin,126070784,126074480,3696,container,"in-house EZBIND"
5979,/weapon/c002w06b.bin,126074880,126078512,3632,container,"in-house EZBIND"
5980,/weapon/c002w07a.bin,126078976,126084700,5724,container,"in-house EZBIND"
5981,/weapon/c002w07b.bin,126085120,126090932,5812,container,"in-house EZBIND"
5982,/weapon/c002w08a.bin,126091264,126096136,4872,container,"in-house EZBIND"
5983,/weapon/c002w08b.bin,126096384,126101344,4960,container,"in-house EZBIND"
5984,/weapon/c002w09a.bin,126101504,126106012,4508,container,"in-house EZBIND"
5985,/weapon/c002w09b.bin,126106112,126110728,4616,container,"in-house EZBIND"
5986,/weapon/c002w10a.bin,126111232,126115608,4376,container,"in-house EZBIND"
5987,/weapon/c002w10b.bin,126115840,126120324,4484,container,"in-house EZBIND"
5988,/weapon/c002w11a.bin,126120448,126124456,4008,container,"in-house EZBIND"
5989,/weapon/c002w11b.bin,126124544,126128540,3996,container,"in-house EZBIND"
5990,/weapon/c002w12a.bin,126128640,126134008,5368,container,"in-house EZBIND"
5991,/weapon/c002w12b.bin,126134272,126139388,5116,container,"in-house EZBIND"
5992,/weapon/c002w13a.bin,126139392,126144384,4992,container,"in-house EZBIND"
5993,/weapon/c002w13b.bin,126144512,126149700,5188,container,"in-house EZBIND"
5994,/weapon/c002w14a.bin,126150144,126155156,5012,container,"in-house EZBIND"
5995,/weapon/c002w14b.bin,126155264,126160188,4924,container,"in-house EZBIND"
5996,/weapon/c002w15a.bin,126160384,126164776,4392,container,"in-house EZBIND"
5997,/weapon/c002w15b.bin,126164992,126169372,4380,container,"in-house EZBIND"
5998,/weapon/c002w16a.bin,126169600,126174220,4620,container,"in-house EZBIND"
5999,/weapon/c002w16b.bin,126174720,126179448,4728,container,"in-house EZBIND"
6000,/weapon/c002w17a.bin,126179840,126185628,5788,container,"in-house EZBIND"
6001,/weapon/c002w17b.bin,126185984,126192292,6308,container,"in-house EZBIND"
6002,/weapon/c002w18a.bin,126192640,126197472,4832,container,"in-house EZBIND"
6003,/weapon/c002w18b.bin,126197760,126202768,5008,container,"in-house EZBIND"
6004,/weapon/c002w19a.bin,126202880,126207480,4600,container,"in-house EZBIND"
6005,/weapon/c002w19b.bin,126207488,126212140,4652,container,"in-house EZBIND"
6006,/weapon/c002w20a.bin,126212608,126217480,4872,container,"in-house EZBIND"
6007,/weapon/c002w20b.bin,126217728,126222684,4956,container,"in-house EZBIND"
6008,/weapon/c002w21a.bin,126222848,126228864,6016,container,"in-house EZBIND"
6009,/weapon/c002w21b.bin,126228992,126234980,5988,container,"in-house EZBIND"
6010,/weapon/c003w01a.bin,126235136,126238648,3512,container,"in-house EZBIND"
6011,/weapon/c003w01b.bin,126238720,126242252,3532,container,"in-house EZBIND"
6012,/weapon/c003w01c.bin,126242304,126245304,3000,container,"in-house EZBIND"
6013,/weapon/c003w01d.bin,126245376,126248332,2956,container,"in-house EZBIND"
6014,/weapon/c003w02a.bin,126248448,126252796,4348,container,"in-house EZBIND"
6015,/weapon/c003w02b.bin,126253056,126257404,4348,container,"in-house EZBIND"
6016,/weapon/c003w02c.bin,126257664,126260016,2352,container,"in-house EZBIND"
6017,/weapon/c003w02d.bin,126260224,126262576,2352,container,"in-house EZBIND"
6018,/weapon/c003w03a.bin,126262784,126266576,3792,container,"in-house EZBIND"
6019,/weapon/c003w03b.bin,126266880,126270672,3792,container,"in-house EZBIND"
6020,/weapon/c003w03c.bin,126270976,126273428,2452,container,"in-house EZBIND"
6021,/weapon/c003w03d.bin,126273536,126275988,2452,container,"in-house EZBIND"
6022,/weapon/c003w04a.bin,126276096,126280460,4364,container,"in-house EZBIND"
6023,/weapon/c003w04b.bin,126280704,126285068,4364,container,"in-house EZBIND"
6024,/weapon/c003w04c.bin,126285312,126287680,2368,container,"in-house EZBIND"
6025,/weapon/c003w04d.bin,126287872,126290240,2368,container,"in-house EZBIND"
6026,/weapon/c003w05a.bin,126290432,126293884,3452,container,"in-house EZBIND"
6027,/weapon/c003w05b.bin,126294016,126297468,3452,container,"in-house EZBIND"
6028,/weapon/c003w05c.bin,126297600,126299964,2364,container,"in-house EZBIND"
6029,/weapon/c003w05d.bin,126300160,126302524,2364,container,"in-house EZBIND"
6030,/weapon/c003w06a.bin,126302720,126306540,3820,container,"in-house EZBIND"
6031,/weapon/c003w06b.bin,126306816,126310636,3820,container,"in-house EZBIND"
6032,/weapon/c003w06c.bin,126310912,126314148,3236,container,"in-house EZBIND"
6033,/weapon/c003w06d.bin,126314496,126317732,3236,container,"in-house EZBIND"
6034,/weapon/c003w07a.bin,126318080,126321676,3596,container,"in-house EZBIND"
6035,/weapon/c003w07b.bin,126322176,126325772,3596,container,"in-house EZBIND"
6036,/weapon/c003w07c.bin,126326272,126329292,3020,container,"in-house EZBIND"
6037,/weapon/c003w07d.bin,126329344,126332364,3020,container,"in-house EZBIND"
6038,/weapon/c003w08a.bin,126332416,126336048,3632,container,"in-house EZBIND"
6039,/weapon/c003w08b.bin,126336512,126340144,3632,container,"in-house EZBIND"
6040,/weapon/c003w08c.bin,126340608,126343812,3204,container,"in-house EZBIND"
6041,/weapon/c003w08d.bin,126344192,126347396,3204,container,"in-house EZBIND"
6042,/weapon/c003w09a.bin,126347776,126352328,4552,container,"in-house EZBIND"
6043,/weapon/c003w09b.bin,126352384,126356936,4552,container,"in-house EZBIND"
6044,/weapon/c003w09c.bin,126356992,126359520,2528,container,"in-house EZBIND"
6045,/weapon/c003w09d.bin,126359552,126362080,2528,container,"in-house EZBIND"
6046,/weapon/c003w10a.bin,126362112,126365644,3532,container,"in-house EZBIND"
6047,/weapon/c003w10b.bin,126365696,126369228,3532,container,"in-house EZBIND"
6048,/weapon/c003w10c.bin,126369280,126371724,2444,container,"in-house EZBIND"
6049,/weapon/c003w10d.bin,126371840,126374284,2444,container,"in-house EZBIND"
6050,/weapon/c003w11a.bin,126374400,126379848,5448,container,"in-house EZBIND"
6051,/weapon/c003w11b.bin,126380032,126385496,5464,container,"in-house EZBIND"
6052,/weapon/c003w11c.bin,126385664,126390592,4928,container,"in-house EZBIND"
6053,/weapon/c003w11d.bin,126390784,126395712,4928,container,"in-house EZBIND"
6054,/weapon/c003w12a.bin,126395904,126399412,3508,container,"in-house EZBIND"
6055,/weapon/c003w12b.bin,126399488,126402996,3508,container,"in-house EZBIND"
6056,/weapon/c003w12c.bin,126403072,126405608,2536,container,"in-house EZBIND"
6057,/weapon/c003w12d.bin,126405632,126408168,2536,container,"in-house EZBIND"
6058,/weapon/c003w13a.bin,126408192,126413972,5780,container,"in-house EZBIND"
6059,/weapon/c003w13b.bin,126414336,126420116,5780,container,"in-house EZBIND"
6060,/weapon/c003w13c.bin,126420480,126426044,5564,container,"in-house EZBIND"
6061,/weapon/c003w13d.bin,126426112,126431676,5564,container,"in-house EZBIND"
6062,/weapon/c003w14a.bin,126431744,126435308,3564,container,"in-house EZBIND"
6063,/weapon/c003w14b.bin,126435328,126438892,3564,container,"in-house EZBIND"
6064,/weapon/c003w14c.bin,126438912,126441908,2996,container,"in-house EZBIND"
6065,/weapon/c003w14d.bin,126441984,126444980,2996,container,"in-house EZBIND"
6066,/weapon/c003w15a.bin,126445056,126448736,3680,container,"in-house EZBIND"
6067,/weapon/c003w15b.bin,126449152,126452832,3680,container,"in-house EZBIND"
6068,/weapon/c003w15c.bin,126453248,126456340,3092,container,"in-house EZBIND"
6069,/weapon/c003w15d.bin,126456832,126459924,3092,container,"in-house EZBIND"
6070,/weapon/c003w16a.bin,126460416,126464056,3640,container,"in-house EZBIND"
6071,/weapon/c003w16b.bin,126464512,126468172,3660,container,"in-house EZBIND"
6072,/weapon/c003w16c.bin,126468608,126471736,3128,container,"in-house EZBIND"
6073,/weapon/c003w16d.bin,126472192,126475320,3128,container,"in-house EZBIND"
6074,/weapon/c003w17a.bin,126475776,126483320,7544,container,"in-house EZBIND"
6075,/weapon/c003w17b.bin,126483456,126491000,7544,container,"in-house EZBIND"
6076,/weapon/c003w17c.bin,126491136,126496960,5824,container,"in-house EZBIND"
6077,/weapon/c003w17d.bin,126497280,126503104,5824,container,"in-house EZBIND"
6078,/weapon/c003w18a.bin,126503424,126507740,4316,container,"in-house EZBIND"
6079,/weapon/c003w18b.bin,126508032,126512348,4316,container,"in-house EZBIND"
6080,/weapon/c003w18c.bin,126512640,126516304,3664,container,"in-house EZBIND"
6081,/weapon/c003w18d.bin,126516736,126520400,3664,container,"in-house EZBIND"
6082,/weapon/c003w19a.bin,126520832,126526696,5864,container,"in-house EZBIND"
6083,/weapon/c003w19b.bin,126526976,126532840,5864,container,"in-house EZBIND"
6084,/weapon/c003w19c.bin,126533120,126538044,4924,container,"in-house EZBIND"
6085,/weapon/c003w19d.bin,126538240,126543164,4924,container,"in-house EZBIND"
6086,/weapon/c003w20a.bin,126543360,126547524,4164,container,"in-house EZBIND"
6087,/weapon/c003w20b.bin,126547968,126552132,4164,container,"in-house EZBIND"
6088,/weapon/c003w20c.bin,126552576,126555980,3404,container,"in-house EZBIND"
6089,/weapon/c003w20d.bin,126556160,126559564,3404,container,"in-house EZBIND"
6090,/weapon/c003w21a.bin,126559744,126563716,3972,container,"in-house EZBIND"
6091,/weapon/c003w21b.bin,126563840,126567812,3972,container,"in-house EZBIND"
6092,/weapon/c003w21c.bin,126567936,126571556,3620,container,"in-house EZBIND"
6093,/weapon/c003w21d.bin,126572032,126575652,3620,container,"in-house EZBIND"
6094,/weapon/c004w01a.bin,126576128,126580176,4048,container,"in-house EZBIND"
6095,/weapon/c004w02a.bin,126580224,126584600,4376,container,"in-house EZBIND"
6096,/weapon/c004w03a.bin,126584832,126588568,3736,container,"in-house EZBIND"
6097,/weapon/c004w04a.bin,126588928,126592752,3824,container,"in-house EZBIND"
6098,/weapon/c004w05a.bin,126593024,126596916,3892,container,"in-house EZBIND"
6099,/weapon/c004w06a.bin,126597120,126601200,4080,container,"in-house EZBIND"
6100,/weapon/c004w07a.bin,126601216,126604936,3720,container,"in-house EZBIND"
6101,/weapon/c004w08a.bin,126605312,126609796,4484,container,"in-house EZBIND"
6102,/weapon/c004w09a.bin,126609920,126613640,3720,container,"in-house EZBIND"
6103,/weapon/c004w10a.bin,126614016,126618688,4672,container,"in-house EZBIND"
6104,/weapon/c004w11a.bin,126619136,126622684,3548,container,"in-house EZBIND"
6105,/weapon/c004w12a.bin,126622720,126626572,3852,container,"in-house EZBIND"
6106,/weapon/c004w13a.bin,126626816,126630656,3840,container,"in-house EZBIND"
6107,/weapon/c004w14a.bin,126630912,126635344,4432,container,"in-house EZBIND"
6108,/weapon/c004w15a.bin,126635520,126640328,4808,container,"in-house EZBIND"
6109,/weapon/c004w16a.bin,126640640,126645364,4724,container,"in-house EZBIND"
6110,/weapon/c004w17a.bin,126645760,126649856,4096,container,"in-house EZBIND"
6111,/weapon/c004w18a.bin,126649856,126653008,3152,container,"in-house EZBIND"
6112,/weapon/c004w19a.bin,126653440,126658436,4996,container,"in-house EZBIND"
6113,/weapon/c004w20a.bin,126658560,126663200,4640,container,"in-house EZBIND"
6114,/weapon/c004w21a.bin,126663680,126668168,4488,container,"in-house EZBIND"
6115,/weapon/c005w01a.bin,126668288,126672400,4112,container,"in-house EZBIND"
6116,/weapon/c005w02a.bin,126672896,126677040,4144,container,"in-house EZBIND"
6117,/weapon/c005w03a.bin,126677504,126681712,4208,container,"in-house EZBIND"
6118,/weapon/c005w04a.bin,126682112,126686392,4280,container,"in-house EZBIND"
6119,/weapon/c005w05a.bin,126686720,126690956,4236,container,"in-house EZBIND"
6120,/weapon/c005w06a.bin,126691328,126695420,4092,container,"in-house EZBIND"
6121,/weapon/c005w07a.bin,126695424,126700368,4944,container,"in-house EZBIND"
6122,/weapon/c005w08a.bin,126700544,126705484,4940,container,"in-house EZBIND"
6123,/weapon/c005w09a.bin,126705664,126710368,4704,container,"in-house EZBIND"
6124,/weapon/c005w10a.bin,126710784,126715712,4928,container,"in-house EZBIND"
6125,/weapon/c005w11a.bin,126715904,126719804,3900,container,"in-house EZBIND"
6126,/weapon/c005w12a.bin,126720000,126724468,4468,container,"in-house EZBIND"
6127,/weapon/c005w13a.bin,126724608,126729328,4720,container,"in-house EZBIND"
6128,/weapon/c005w14a.bin,126729728,126734520,4792,container,"in-house EZBIND"
6129,/weapon/c005w15a.bin,126734848,126740056,5208,container,"in-house EZBIND"
6130,/weapon/c005w16a.bin,126740480,126746188,5708,container,"in-house EZBIND"
6131,/weapon/c005w17a.bin,126746624,126751852,5228,container,"in-house EZBIND"
6132,/weapon/c005w18a.bin,126752256,126757912,5656,container,"in-house EZBIND"
6133,/weapon/c005w19a.bin,126758400,126765136,6736,container,"in-house EZBIND"
6134,/weapon/c005w20a.bin,126765568,126771152,5584,container,"in-house EZBIND"
6135,/weapon/c005w21a.bin,126771200,126777500,6300,container,"in-house EZBIND"
6136,/weapon/c006w01a.bin,126777856,126782344,4488,container,"in-house EZBIND"
6137,/weapon/c006w01b.bin,126782464,126787128,4664,container,"in-house EZBIND"
6138,/weapon/c006w02a.bin,126787584,126792116,4532,container,"in-house EZBIND"
6139,/weapon/c006w02b.bin,126792192,126796856,4664,container,"in-house EZBIND"
6140,/weapon/c006w03a.bin,126797312,126801868,4556,container,"in-house EZBIND"
6141,/weapon/c006w03b.bin,126801920,126806720,4800,container,"in-house EZBIND"
6142,/weapon/c006w04a.bin,126807040,126811532,4492,container,"in-house EZBIND"
6143,/weapon/c006w04b.bin,126811648,126816384,4736,container,"in-house EZBIND"
6144,/weapon/c006w05a.bin,126816768,126821800,5032,container,"in-house EZBIND"
6145,/weapon/c006w05b.bin,126821888,126827036,5148,container,"in-house EZBIND"
6146,/weapon/c006w06a.bin,126827520,126832224,4704,container,"in-house EZBIND"
6147,/weapon/c006w06b.bin,126832640,126837436,4796,container,"in-house EZBIND"
6148,/weapon/c006w07a.bin,126837760,126842224,4464,container,"in-house EZBIND"
6149,/weapon/c006w07b.bin,126842368,126846700,4332,container,"in-house EZBIND"
6150,/weapon/c006w08a.bin,126846976,126851128,4152,container,"in-house EZBIND"
6151,/weapon/c006w08b.bin,126851584,126855664,4080,container,"in-house EZBIND"
6152,/weapon/c006w09a.bin,126855680,126860400,4720,container,"in-house EZBIND"
6153,/weapon/c006w09b.bin,126860800,126865612,4812,container,"in-house EZBIND"
6154,/weapon/c006w10a.bin,126865920,126870540,4620,container,"in-house EZBIND"
6155,/weapon/c006w10b.bin,126871040,126875904,4864,container,"in-house EZBIND"
6156,/weapon/c006w11a.bin,126876160,126880976,4816,container,"in-house EZBIND"
6157,/weapon/c006w11b.bin,126881280,126886076,4796,container,"in-house EZBIND"
6158,/weapon/c006w12a.bin,126886400,126891052,4652,container,"in-house EZBIND"
6159,/weapon/c006w12b.bin,126891520,126896416,4896,container,"in-house EZBIND"
6160,/weapon/c006w13a.bin,126896640,126900788,4148,container,"in-house EZBIND"
6161,/weapon/c006w13b.bin,126901248,126905344,4096,container,"in-house EZBIND"
6162,/weapon/c006w14a.bin,126905344,126910156,4812,container,"in-house EZBIND"
6163,/weapon/c006w14b.bin,126910464,126915296,4832,container,"in-house EZBIND"
6164,/weapon/c006w15a.bin,126915584,126920304,4720,container,"in-house EZBIND"
6165,/weapon/c006w15b.bin,126920704,126925464,4760,container,"in-house EZBIND"
6166,/weapon/c006w16a.bin,126925824,126929464,3640,container,"in-house EZBIND"
6167,/weapon/c006w16b.bin,126929920,126933544,3624,container,"in-house EZBIND"
6168,/weapon/c006w17a.bin,126934016,126938128,4112,container,"in-house EZBIND"
6169,/weapon/c006w17b.bin,126938624,126942760,4136,container,"in-house EZBIND"
6170,/weapon/c006w18a.bin,126943232,126947516,4284,container,"in-house EZBIND"
6171,/weapon/c006w18b.bin,126947840,126951976,4136,container,"in-house EZBIND"
6172,/weapon/c006w19a.bin,126952448,126957512,5064,container,"in-house EZBIND"
6173,/weapon/c006w19b.bin,126957568,126962748,5180,container,"in-house EZBIND"
6174,/weapon/c006w20a.bin,126963200,126966924,3724,container,"in-house EZBIND"
6175,/weapon/c006w20b.bin,126967296,126971148,3852,container,"in-house EZBIND"
6176,/weapon/c006w21a.bin,126971392,126976168,4776,container,"in-house EZBIND"
6177,/weapon/c006w21b.bin,126976512,126981348,4836,container,"in-house EZBIND"
6178,/world/f_test04_Room_01.bin,127006208,127013276,7068,container,"in-house EZBIND"
6179,/world/f_test04_Room_02.bin,127013376,127020780,7404,container,"in-house EZBIND"
6180,/world/f_test04_Room_03.bin,127021056,127028680,7624,container,"in-house EZBIND"
6181,/world/f_test04_Room_04.bin,127028736,127083256,54520,container,"in-house EZBIND"
6182,/world/f_test04_Room_05.bin,127083520,127091052,7532,container,"in-house EZBIND"
6183,/world/f_test04_Room_06.bin,127091200,127098688,7488,container,"in-house EZBIND"
6184,/world/f_test04_Room_07.bin,127098880,127141020,42140,container,"in-house EZBIND"
6185,/world/f_test04_Room_08.bin,127141376,127185516,44140,container,"in-house EZBIND"
6186,/world/f_test04_Room_09.bin,127185920,127213060,27140,container,"in-house EZBIND"
6187,/world/f_test04_Room_10.bin,127213568,127220800,7232,container,"in-house EZBIND"
6188,/world/f_test04_Room_100.bin,127221248,127228408,7160,container,"in-house EZBIND"
6189,/world/f_test04_Room_101.bin,127228416,127232412,3996,container,"in-house EZBIND"
6190,/world/f_test04_Room_102.bin,127232512,127236508,3996,container,"in-house EZBIND"
6191,/world/f_test04_Room_103.bin,127236608,127240604,3996,container,"in-house EZBIND"
6192,/world/f_test04_Room_104.bin,127240704,127244700,3996,container,"in-house EZBIND"
6193,/world/f_test04_Room_105.bin,127244800,127248796,3996,container,"in-house EZBIND"
6194,/world/f_test04_Room_106.bin,127248896,127252892,3996,container,"in-house EZBIND"
6195,/world/f_test04_Room_107.bin,127252992,127256988,3996,container,"in-house EZBIND"
6196,/world/f_test04_Room_108.bin,127257088,127261084,3996,container,"in-house EZBIND"
6197,/world/f_test04_Room_109.bin,127261184,127264480,3296,container,"in-house EZBIND"
6198,/world/f_test04_Room_11.bin,127264768,127271832,7064,container,"in-house EZBIND"
6199,/world/f_test04_Room_110.bin,127271936,127275932,3996,container,"in-house EZBIND"
6200,/world/f_test04_Room_111.bin,127276032,127280028,3996,container,"in-house EZBIND"
6201,/world/f_test04_Room_112.bin,127280128,127284124,3996,container,"in-house EZBIND"
6202,/world/f_test04_Room_113.bin,127284224,127288220,3996,container,"in-house EZBIND"
6203,/world/f_test04_Room_114.bin,127288320,127292316,3996,container,"in-house EZBIND"
6204,/world/f_test04_Room_115.bin,127292416,127296412,3996,container,"in-house EZBIND"
6205,/world/f_test04_Room_116.bin,127296512,127300508,3996,container,"in-house EZBIND"
6206,/world/f_test04_Room_117.bin,127300608,127304724,4116,container,"in-house EZBIND"
6207,/world/f_test04_Room_118.bin,127305216,127309332,4116,container,"in-house EZBIND"
6208,/world/f_test04_Room_119.bin,127309824,127313940,4116,container,"in-house EZBIND"
6209,/world/f_test04_Room_12.bin,127314432,127322076,7644,container,"in-house EZBIND"
6210,/world/f_test04_Room_120.bin,127322112,127326328,4216,container,"in-house EZBIND"
6211,/world/f_test04_Room_121.bin,127326720,127330936,4216,container,"in-house EZBIND"
6212,/world/f_test04_Room_122.bin,127331328,127335544,4216,container,"in-house EZBIND"
6213,/world/f_test04_Room_123.bin,127335936,127340152,4216,container,"in-house EZBIND"
6214,/world/f_test04_Room_124.bin,127340544,127344760,4216,container,"in-house EZBIND"
6215,/world/f_test04_Room_125.bin,127345152,127349368,4216,container,"in-house EZBIND"
6216,/world/f_test04_Room_126.bin,127349760,127353992,4232,container,"in-house EZBIND"
6217,/world/f_test04_Room_127.bin,127354368,127358364,3996,container,"in-house EZBIND"
6218,/world/f_test04_Room_128.bin,127358464,127362460,3996,container,"in-house EZBIND"
6219,/world/f_test04_Room_129.bin,127362560,127366564,4004,container,"in-house EZBIND"
6220,/world/f_test04_Room_13.bin,127366656,127374240,7584,container,"in-house EZBIND"
6221,/world/f_test04_Room_130.bin,127374336,127378420,4084,container,"in-house EZBIND"
6222,/world/f_test04_Room_131.bin,127378432,127382432,4000,container,"in-house EZBIND"
6223,/world/f_test04_Room_132.bin,127382528,127386612,4084,container,"in-house EZBIND"
6224,/world/f_test04_Room_133.bin,127386624,127390620,3996,container,"in-house EZBIND"
6225,/world/f_test04_Room_134.bin,127390720,127394804,4084,container,"in-house EZBIND"
6226,/world/f_test04_Room_135.bin,127394816,127398812,3996,container,"in-house EZBIND"
6227,/world/f_test04_Room_136.bin,127398912,127402996,4084,container,"in-house EZBIND"
6228,/world/f_test04_Room_137.bin,127403008,127407004,3996,container,"in-house EZBIND"
6229,/world/f_test04_Room_138.bin,127407104,127411220,4116,container,"in-house EZBIND"
6230,/world/f_test04_Room_139.bin,127411712,127415708,3996,container,"in-house EZBIND"
6231,/world/f_test04_Room_14.bin,127415808,127423368,7560,container,"in-house EZBIND"
6232,/world/f_test04_Room_140.bin,127423488,127427576,4088,container,"in-house EZBIND"
6233,/world/f_test04_Room_141.bin,127427584,127431580,3996,container,"in-house EZBIND"
6234,/world/f_test04_Room_142.bin,127431680,127435768,4088,container,"in-house EZBIND"
6235,/world/f_test04_Room_143.bin,127435776,127439804,4028,container,"in-house EZBIND"
6236,/world/f_test04_Room_144.bin,127439872,127443956,4084,container,"in-house EZBIND"
6237,/world/f_test04_Room_145.bin,127443968,127447964,3996,container,"in-house EZBIND"
6238,/world/f_test04_Room_146.bin,127448064,127452148,4084,container,"in-house EZBIND"
6239,/world/f_test04_Room_147.bin,127452160,127456188,4028,container,"in-house EZBIND"
6240,/world/f_test04_Room_148.bin,127456256,127460340,4084,container,"in-house EZBIND"
6241,/world/f_test04_Room_149.bin,127460352,127464348,3996,container,"in-house EZBIND"
6242,/world/f_test04_Room_15.bin,127464448,127471936,7488,container,"in-house EZBIND"
6243,/world/f_test04_Room_150.bin,127472128,127476212,4084,container,"in-house EZBIND"
6244,/world/f_test04_Room_151.bin,127476224,127480376,4152,container,"in-house EZBIND"
6245,/world/f_test04_Room_152.bin,127480832,127484948,4116,container,"in-house EZBIND"
6246,/world/f_test04_Room_153.bin,127485440,127489556,4116,container,"in-house EZBIND"
6247,/world/f_test04_Room_154.bin,127490048,127494164,4116,container,"in-house EZBIND"
6248,/world/f_test04_Room_155.bin,127494656,127498772,4116,container,"in-house EZBIND"
6249,/world/f_test04_Room_156.bin,127499264,127503380,4116,container,"in-house EZBIND"
6250,/world/f_test04_Room_157.bin,127503872,127507988,4116,container,"in-house EZBIND"
6251,/world/f_test04_Room_158.bin,127508480,127512596,4116,container,"in-house EZBIND"
6252,/world/f_test04_Room_159.bin,127513088,127517204,4116,container,"in-house EZBIND"
6253,/world/f_test04_Room_16.bin,127517696,127525336,7640,container,"in-house EZBIND"
6254,/world/f_test04_Room_160.bin,127525376,127529528,4152,container,"in-house EZBIND"
6255,/world/f_test04_Room_161.bin,127529984,127533980,3996,container,"in-house EZBIND"
6256,/world/f_test04_Room_162.bin,127534080,127538076,3996,container,"in-house EZBIND"
6257,/world/f_test04_Room_163.bin,127538176,127542172,3996,container,"in-house EZBIND"
6258,/world/f_test04_Room_164.bin,127542272,127546268,3996,container,"in-house EZBIND"
6259,/world/f_test04_Room_165.bin,127546368,127550372,4004,container,"in-house EZBIND"
6260,/world/f_test04_Room_166.bin,127550464,127554460,3996,container,"in-house EZBIND"
6261,/world/f_test04_Room_167.bin,127554560,127558556,3996,container,"in-house EZBIND"
6262,/world/f_test04_Room_168.bin,127558656,127562652,3996,container,"in-house EZBIND"
6263,/world/f_test04_Room_169.bin,127562752,127566748,3996,container,"in-house EZBIND"
6264,/world/f_test04_Room_17.bin,127566848,127596792,29944,container,"in-house EZBIND"
6265,/world/f_test04_Room_170.bin,127597056,127601052,3996,container,"in-house EZBIND"
6266,/world/f_test04_Room_171.bin,127601152,127605148,3996,container,"in-house EZBIND"
6267,/world/f_test04_Room_172.bin,127605248,127609244,3996,container,"in-house EZBIND"
6268,/world/f_test04_Room_173.bin,127609344,127613340,3996,container,"in-house EZBIND"
6269,/world/f_test04_Room_174.bin,127613440,127617436,3996,container,"in-house EZBIND"
6270,/world/f_test04_Room_175.bin,127617536,127621532,3996,container,"in-house EZBIND"
6271,/world/f_test04_Room_176.bin,127621632,127625628,3996,container,"in-house EZBIND"
6272,/world/f_test04_Room_177.bin,127625728,127629904,4176,container,"in-house EZBIND"
6273,/world/f_test04_Room_178.bin,127630336,127634332,3996,container,"in-house EZBIND"
6274,/world/f_test04_Room_179.bin,127634432,127638600,4168,container,"in-house EZBIND"
6275,/world/f_test04_Room_18.bin,127639040,127697152,58112,container,"in-house EZBIND"
6276,/world/f_test04_Room_180.bin,127697408,127701404,3996,container,"in-house EZBIND"
6277,/world/f_test04_Room_181.bin,127701504,127705668,4164,container,"in-house EZBIND"
6278,/world/f_test04_Room_182.bin,127706112,127710108,3996,container,"in-house EZBIND"
6279,/world/f_test04_Room_183.bin,127710208,127714372,4164,container,"in-house EZBIND"
6280,/world/f_test04_Room_184.bin,127714816,127718812,3996,container,"in-house EZBIND"
6281,/world/f_test04_Room_185.bin,127718912,127723076,4164,container,"in-house EZBIND"
6282,/world/f_test04_Room_186.bin,127723520,127727516,3996,container,"in-house EZBIND"
6283,/world/f_test04_Room_187.bin,127727616,127731780,4164,container,"in-house EZBIND"
6284,/world/f_test04_Room_188.bin,127732224,127736220,3996,container,"in-house EZBIND"
6285,/world/f_test04_Room_189.bin,127736320,127740484,4164,container,"in-house EZBIND"
6286,/world/f_test04_Room_19.bin,127740928,127787100,46172,container,"in-house EZBIND"
6287,/world/f_test04_Room_190.bin,127787520,127791516,3996,container,"in-house EZBIND"
6288,/world/f_test04_Room_191.bin,127791616,127795780,4164,container,"in-house EZBIND"
6289,/world/f_test04_Room_192.bin,127796224,127800220,3996,container,"in-house EZBIND"
6290,/world/f_test04_Room_193.bin,127800320,127804484,4164,container,"in-house EZBIND"
6291,/world/f_test04_Room_194.bin,127804928,127808924,3996,container,"in-house EZBIND"
6292,/world/f_test04_Room_195.bin,127809024,127813188,4164,container,"in-house EZBIND"
6293,/world/f_test04_Room_196.bin,127813632,127817628,3996,container,"in-house EZBIND"
6294,/world/f_test04_Room_20.bin,127817728,127846344,28616,container,"in-house EZBIND"
6295,/world/f_test04_Room_21.bin,127846400,127853780,7380,container,"in-house EZBIND"
6296,/world/f_test04_Room_22.bin,127854080,127874796,20716,container,"in-house EZBIND"
6297,/world/f_test04_Room_23.bin,127875072,127928936,53864,container,"in-house EZBIND"
6298,/world/f_test04_Room_24.bin,127929344,127967076,37732,container,"in-house EZBIND"
6299,/world/f_test04_Room_25.bin,127967232,127993436,26204,container,"in-house EZBIND"
6300,/world/f_test04_Room_26.bin,127993856,128023108,29252,container,"in-house EZBIND"
6301,/world/f_test04_Room_27.bin,128023552,128056676,33124,container,"in-house EZBIND"
6302,/world/f_test04_Room_28.bin,128056832,128096748,39916,container,"in-house EZBIND"
6303,/world/f_test04_Room_29.bin,128096768,128112296,15528,container,"in-house EZBIND"
6304,/world/f_test04_Room_30.bin,128112640,128119888,7248,container,"in-house EZBIND"
6305,/world/f_test04_Room_31.bin,128120320,128127500,7180,container,"in-house EZBIND"
6306,/world/f_test04_Room_32.bin,128128000,128144948,16948,container,"in-house EZBIND"
6307,/world/f_test04_Room_33.bin,128145408,128188928,43520,container,"in-house EZBIND"
6308,/world/f_test04_Room_34.bin,128188928,128224640,35712,container,"in-house EZBIND"
6309,/world/f_test04_Room_35.bin,128224768,128274264,49496,container,"in-house EZBIND"
6310,/world/f_test04_Room_36.bin,128274432,128334732,60300,container,"in-house EZBIND"
6311,/world/f_test04_Room_37.bin,128334848,128375868,41020,container,"in-house EZBIND"
6312,/world/f_test04_Room_38.bin,128376320,128422540,46220,container,"in-house EZBIND"
6313,/world/f_test04_Room_39.bin,128422912,128462092,39180,container,"in-house EZBIND"
6314,/world/f_test04_Room_40.bin,128462336,128469668,7332,container,"in-house EZBIND"
6315,/world/f_test04_Room_41.bin,128470016,128477140,7124,container,"in-house EZBIND"
6316,/world/f_test04_Room_42.bin,128477184,128494436,17252,container,"in-house EZBIND"
6317,/world/f_test04_Room_43.bin,128494592,128543072,48480,container,"in-house EZBIND"
6318,/world/f_test04_Room_44.bin,128543232,128577268,34036,container,"in-house EZBIND"
6319,/world/f_test04_Room_45.bin,128577536,128629940,52404,container,"in-house EZBIND"
6320,/world/f_test04_Room_46.bin,128630272,128688332,58060,container,"in-house EZBIND"
6321,/world/f_test04_Room_47.bin,128688640,128728908,40268,container,"in-house EZBIND"
6322,/world/f_test04_Room_48.bin,128729088,128764768,35680,container,"in-house EZBIND"
6323,/world/f_test04_Room_49.bin,128764928,128780052,15124,container,"in-house EZBIND"
6324,/world/f_test04_Room_50.bin,128780288,128837056,56768,container,"in-house EZBIND"
6325,/world/f_test04_Room_51.bin,128837120,128844452,7332,container,"in-house EZBIND"
6326,/world/f_test04_Room_52.bin,128844800,128867560,22760,container,"in-house EZBIND"
6327,/world/f_test04_Room_53.bin,128867840,128918084,50244,container,"in-house EZBIND"
6328,/world/f_test04_Room_54.bin,128918528,128963796,45268,container,"in-house EZBIND"
6329,/world/f_test04_Room_55.bin,128964096,129001480,37384,container,"in-house EZBIND"
6330,/world/f_test04_Room_56.bin,129001984,129025860,23876,container,"in-house EZBIND"
6331,/world/f_test04_Room_57.bin,129026048,129062600,36552,container,"in-house EZBIND"
6332,/world/f_test04_Room_58.bin,129062912,129107060,44148,container,"in-house EZBIND"
6333,/world/f_test04_Room_59.bin,129107456,129131348,23892,container,"in-house EZBIND"
6334,/world/f_test04_Room_60.bin,129131520,129139012,7492,container,"in-house EZBIND"
6335,/world/f_test04_Room_61.bin,129139200,129165632,26432,container,"in-house EZBIND"
6336,/world/f_test04_Room_62.bin,129165824,129215612,49788,container,"in-house EZBIND"
6337,/world/f_test04_Room_63.bin,129216000,129223608,7608,container,"in-house EZBIND"
6338,/world/f_test04_Room_64.bin,129223680,129240080,16400,container,"in-house EZBIND"
6339,/world/f_test04_Room_65.bin,129240576,129247896,7320,container,"in-house EZBIND"
6340,/world/f_test04_Room_66.bin,129248256,129255612,7356,container,"in-house EZBIND"
6341,/world/f_test04_Room_67.bin,129255936,129270052,14116,container,"in-house EZBIND"
6342,/world/f_test04_Room_68.bin,129270272,129295664,25392,container,"in-house EZBIND"
6343,/world/f_test04_Room_69.bin,129295872,129338884,43012,container,"in-house EZBIND"
6344,/world/f_test04_Room_70.bin,129339392,129346696,7304,container,"in-house EZBIND"
6345,/world/f_test04_Room_71.bin,129347072,129371184,24112,container,"in-house EZBIND"
6346,/world/f_test04_Room_72.bin,129371648,129393928,22280,container,"in-house EZBIND"
6347,/world/f_test04_Room_73.bin,129394176,129401572,7396,container,"in-house EZBIND"
6348,/world/f_test04_Room_74.bin,129401856,129417680,15824,container,"in-house EZBIND"
6349,/world/f_test04_Room_75.bin,129417728,129474388,56660,container,"in-house EZBIND"
6350,/world/f_test04_Room_76.bin,129474560,129514996,40436,container,"in-house EZBIND"
6351,/world/f_test04_Room_77.bin,129515008,129522292,7284,container,"in-house EZBIND"
6352,/world/f_test04_Room_78.bin,129522688,129534748,12060,container,"in-house EZBIND"
6353,/world/f_test04_Room_79.bin,129534976,129565220,30244,container,"in-house EZBIND"
6354,/world/f_test04_Room_80.bin,129565696,129572920,7224,container,"in-house EZBIND"
6355,/world/f_test04_Room_81.bin,129573376,129580556,7180,container,"in-house EZBIND"
6356,/world/f_test04_Room_82.bin,129581056,129588592,7536,container,"in-house EZBIND"
6357,/world/f_test04_Room_83.bin,129588736,129596220,7484,container,"in-house EZBIND"
6358,/world/f_test04_Room_84.bin,129596416,129603960,7544,container,"in-house EZBIND"
6359,/world/f_test04_Room_85.bin,129604096,129628784,24688,container,"in-house EZBIND"
6360,/world/f_test04_Room_86.bin,129629184,129648312,19128,container,"in-house EZBIND"
6361,/world/f_test04_Room_87.bin,129648640,129656156,7516,container,"in-house EZBIND"
6362,/world/f_test04_Room_88.bin,129656320,129663760,7440,container,"in-house EZBIND"
6363,/world/f_test04_Room_89.bin,129664000,129671400,7400,container,"in-house EZBIND"
6364,/world/f_test04_Room_90.bin,129671680,129678704,7024,container,"in-house EZBIND"
6365,/world/f_test04_Room_91.bin,129678848,129685824,6976,container,"in-house EZBIND"
6366,/world/f_test04_Room_92.bin,129686016,129692872,6856,container,"in-house EZBIND"
6367,/world/f_test04_Room_93.bin,129693184,129700408,7224,container,"in-house EZBIND"
6368,/world/f_test04_Room_94.bin,129700864,129708244,7380,container,"in-house EZBIND"
6369,/world/f_test04_Room_95.bin,129708544,129715964,7420,container,"in-house EZBIND"
6370,/world/f_test04_Room_96.bin,129716224,129723616,7392,container,"in-house EZBIND"
6371,/world/f_test04_Room_97.bin,129723904,129731400,7496,container,"in-house EZBIND"
6372,/world/f_test04_Room_98.bin,129731584,129764052,32468,container,"in-house EZBIND"
6373,/world/f_test04_Room_99.bin,129764352,129772220,7868,container,"in-house EZBIND"
6374,/world/world2d.bin,129772544,129791712,19168,container,"in-house EZBIND"
6375,/world/WorldArea.dat,126981632,126983360,1728,geometry / collision,"in-house dat"
6376,/world/WorldMap.dat,126983680,127006016,22336,geometry / collision,"in-house dat"
6377,/world/worldtex.bin,129792000,129918076,126076,container,"in-house EZBIND"
