# 156 directories
# dir   1  /battle
# dir   2  /chara
# dir   3  /cutin
# dir   4  /facechat
# dir   5  /facedata
# dir   6  /field
# dir   7  /font
# dir   8  /menu
# dir   9  /motion
# dir  10  /motion/alb000
# dir  11  /motion/ang000
# dir  12  /motion/ark080
# dir  13  /motion/ash040
# dir  14  /motion/ash042
# dir  15  /motion/ash043
# dir  16  /motion/ash050
# dir  17  /motion/ash052
# dir  18  /motion/ash053
# dir  19  /motion/ash160
# dir  20  /motion/ash170
# dir  21  /motion/ash171
# dir  22  /motion/ash172
# dir  23  /motion/ash173
# dir  24  /motion/asu000
# dir  25  /motion/cbs001
# dir  26  /motion/cer000
# dir  27  /motion/cod000
# dir  28  /motion/dur000
# dir  29  /motion/gae000
# dir  30  /motion/gal020
# dir  31  /motion/gal021
# dir  32  /motion/gal030
# dir  33  /motion/gal031
# dir  34  /motion/gal032
# dir  35  /motion/gal060
# dir  36  /motion/gal070
# dir  37  /motion/gal180
# dir  38  /motion/gar000
# dir  39  /motion/gar020
# dir  40  /motion/gar022
# dir  41  /motion/gar040
# dir  42  /motion/gar050
# dir  43  /motion/gar080
# dir  44  /motion/gar190
# dir  45  /motion/gri040
# dir  46  /motion/gri041
# dir  47  /motion/gri043
# dir  48  /motion/her000
# dir  49  /motion/him000
# dir  50  /motion/hst000
# dir  51  /motion/hyu000
# dir  52  /motion/ina000
# dir  53  /motion/iri000
# dir  54  /motion/kng000
# dir  55  /motion/mam000
# dir  56  /motion/mam010
# dir  57  /motion/mam020
# dir  58  /motion/mam030
# dir  59  /motion/mam040
# dir  60  /motion/mat000
# dir  61  /motion/mat001
# dir  62  /motion/mat002
# dir  63  /motion/mat003
# dir  64  /motion/mat00g
# dir  65  /motion/nar000
# dir  66  /motion/nar010
# dir  67  /motion/nar020
# dir  68  /motion/nar030
# dir  69  /motion/nar040
# dir  70  /motion/nar050
# dir  71  /motion/nar060
# dir  72  /motion/nar070
# dir  73  /motion/nar150
# dir  74  /motion/nar70
# dir  75  /motion/obj003
# dir  76  /motion/obj005
# dir  77  /motion/obj006
# dir  78  /motion/obj008
# dir  79  /motion/obj015
# dir  80  /motion/obj016
# dir  81  /motion/ori000
# dir  82  /motion/osw000
# dir  83  /motion/reg010
# dir  84  /motion/reg020
# dir  85  /motion/reg022
# dir  86  /motion/reg023
# dir  87  /motion/reg030
# dir  88  /motion/reg032
# dir  89  /motion/reg040
# dir  90  /motion/reg043
# dir  91  /motion/reg050
# dir  92  /motion/reg053
# dir  93  /motion/reg060
# dir  94  /motion/reg070
# dir  95  /motion/reg080
# dir  96  /motion/reg081
# dir  97  /motion/reg090
# dir  98  /motion/reg100
# dir  99  /motion/reg110
# dir 100  /motion/reg120
# dir 101  /motion/reg130
# dir 102  /motion/reg140
# dir 103  /motion/reg190
# dir 104  /motion/ric000
# dir 105  /motion/ruc000
# dir 106  /motion/ruc001
# dir 107  /motion/sailor00
# dir 108  /motion/sak000
# dir 109  /motion/san000
# dir 110  /motion/san010
# dir 111  /motion/san020
# dir 112  /motion/san030
# dir 113  /motion/san040
# dir 114  /motion/san050
# dir 115  /motion/san060
# dir 116  /motion/san070
# dir 117  /motion/shop00
# dir 118  /motion/shop01
# dir 119  /motion/shop02
# dir 120  /motion/shop03
# dir 121  /motion/sia000
# dir 122  /motion/spa000
# dir 123  /motion/sum200
# dir 124  /motion/tan000
# dir 125  /motion/ten010
# dir 126  /motion/ten020
# dir 127  /motion/ten030
# dir 128  /motion/ten040
# dir 129  /motion/ten050
# dir 130  /motion/ten060
# dir 131  /motion/ten070
# dir 132  /motion/ten080
# dir 133  /motion/ten190
# dir 134  /motion/tit000
# dir 135  /motion/toi000
# dir 136  /motion/toi010
# dir 137  /motion/toi020
# dir 138  /motion/toi030
# dir 139  /motion/toi031
# dir 140  /motion/toi040
# dir 141  /motion/toi041
# dir 142  /motion/toi050
# dir 143  /motion/toi070
# dir 144  /motion/toi071
# dir 145  /motion/vri000
# dir 146  /motion/vul000
# dir 147  /navi
# dir 148  /quest
# dir 149  /sound
# dir 150  /staff
# dir 151  /subdisp
# dir 152  /test
# dir 153  /title
# dir 154  /voice
# dir 155  /weapon
# dir 156  /world
# fat_id	start	end	size	path
3	2393600	2420864	27264	/battle/alb000_mdl.bin
4	2421248	2535464	114216	/battle/alb000_mot.bin
5	2535936	2601904	65968	/battle/alb000_sp.bin
6	2601984	2620140	18156	/battle/alb000_tex.bin
7	2620416	2636756	16340	/battle/amp000_mdl.bin
8	2636800	2722820	86020	/battle/amp000_mot.bin
9	2723328	2728024	4696	/battle/amp000_tex.bin
10	2728448	2744780	16332	/battle/amp001_mdl.bin
11	2744832	2749528	4696	/battle/amp001_tex.bin
12	2749952	2766284	16332	/battle/amp002_mdl.bin
13	2766336	2771032	4696	/battle/amp002_tex.bin
14	2771456	2787788	16332	/battle/amp003_mdl.bin
15	2787840	2792536	4696	/battle/amp003_tex.bin
16	2792960	2810460	17500	/battle/amp00g_mdl.bin
17	2810880	2815528	4648	/battle/amp00g_tex.bin
18	2816000	2829840	13840	/battle/amp010_mdl.bin
19	2830336	2867276	36940	/battle/amp010_mot.bin
20	2867712	2872280	4568	/battle/amp010_tex.bin
21	2872320	2886160	13840	/battle/amp011_mdl.bin
22	2886656	2891224	4568	/battle/amp011_tex.bin
23	2891264	2905104	13840	/battle/amp012_mdl.bin
24	2905600	2910152	4552	/battle/amp012_tex.bin
25	2910208	2924048	13840	/battle/amp013_mdl.bin
26	2924544	2929112	4568	/battle/amp013_tex.bin
27	2929152	2942992	13840	/battle/amp016_mdl.bin
28	2943488	2948088	4600	/battle/amp016_tex.bin
29	2948096	2957920	9824	/battle/amp01g_mdl.bin
30	2958336	2962888	4552	/battle/amp01g_tex.bin
31	2962944	2984864	21920	/battle/amp020_mdl.bin
32	2984960	3135120	150160	/battle/amp020_mot.bin
33	3135488	3140168	4680	/battle/amp020_tex.bin
34	3140608	3162504	21896	/battle/amp021_mdl.bin
35	3162624	3167256	4632	/battle/amp021_tex.bin
36	3167744	3191208	23464	/battle/amp022_mdl.bin
37	3191296	3195944	4648	/battle/amp022_tex.bin
38	3196416	3219868	23452	/battle/amp023_mdl.bin
39	3219968	3224632	4664	/battle/amp023_tex.bin
40	3225088	3247672	22584	/battle/amp02g_mdl.bin
41	3248128	3252728	4600	/battle/amp02g_tex.bin
42	3252736	3271564	18828	/battle/amp030_mdl.bin
43	3271680	3403728	132048	/battle/amp030_mot.bin
44	3403776	3409756	5980	/battle/amp030_tex.bin
45	3409920	3430952	21032	/battle/amp031_mdl.bin
46	3431424	3437372	5948	/battle/amp031_tex.bin
47	3437568	3459776	22208	/battle/amp032_mdl.bin
48	3460096	3466012	5916	/battle/amp032_tex.bin
49	3466240	3491596	25356	/battle/amp033_mdl.bin
50	3491840	3497820	5980	/battle/amp033_tex.bin
51	3497984	3516840	18856	/battle/amp03g_mdl.bin
52	3516928	3522988	6060	/battle/amp03g_tex.bin
53	3523072	3545580	22508	/battle/ang000_mdl.bin
54	3545600	3755056	209456	/battle/ang000_mot.bin
55	3755520	3773820	18300	/battle/ang000_tex.bin
56	3773952	3802344	28392	/battle/ang000_win_mot.bin
57	3802624	3870520	67896	/battle/ange_sp.bin
58	3870720	3900896	30176	/battle/asu000_mdl.bin
59	3900928	3987488	86560	/battle/asu000_mot.bin
60	3987968	4006988	19020	/battle/asu000_tex.bin
61	4007424	4029456	22032	/battle/bst000_mdl.bin
62	4029952	4134312	104360	/battle/bst000_mot.bin
63	4134400	4139160	4760	/battle/bst000_tex.bin
64	4139520	4161568	22048	/battle/bst001_mdl.bin
65	4162048	4166760	4712	/battle/bst001_tex.bin
66	4167168	4191104	23936	/battle/bst002_mdl.bin
67	4191232	4195832	4600	/battle/bst002_tex.bin
68	4195840	4222168	26328	/battle/bst003_mdl.bin
69	4222464	4227112	4648	/battle/bst003_tex.bin
70	4227584	4248816	21232	/battle/bst004_mdl.bin
71	4249088	4253528	4440	/battle/bst004_tex.bin
72	4253696	4274928	21232	/battle/bst005_mdl.bin
73	4275200	4361872	86672	/battle/bst005_mot.bin
74	4362240	4366744	4504	/battle/bst005_tex.bin
75	4366848	4388020	21172	/battle/bst00g_mdl.bin
76	4388352	4392936	4584	/battle/bst00g_tex.bin
77	4392960	4412264	19304	/battle/bst010_mdl.bin
78	4412416	4528084	115668	/battle/bst010_mot.bin
79	4528128	4532856	4728	/battle/bst010_tex.bin
80	4533248	4552552	19304	/battle/bst011_mdl.bin
81	4552704	4557352	4648	/battle/bst011_tex.bin
82	4557824	4577128	19304	/battle/bst012_mdl.bin
83	4577280	4582024	4744	/battle/bst012_tex.bin
84	4582400	4601704	19304	/battle/bst013_mdl.bin
85	4601856	4606568	4712	/battle/bst013_tex.bin
86	4606976	4626280	19304	/battle/bst014_mdl.bin
87	4626432	4631096	4664	/battle/bst014_tex.bin
88	4631552	4648092	16540	/battle/bst01g_mdl.bin
89	4648448	4653016	4568	/battle/bst01g_tex.bin
90	4653056	4674548	21492	/battle/bst020_mdl.bin
91	4674560	4773276	98716	/battle/bst020_mot.bin
92	4773376	4782024	8648	/battle/bst020_tex.bin
93	4782080	4803572	21492	/battle/bst021_mdl.bin
94	4803584	4812264	8680	/battle/bst021_tex.bin
95	4812288	4833780	21492	/battle/bst022_mdl.bin
96	4833792	4842472	8680	/battle/bst022_tex.bin
97	4842496	4863988	21492	/battle/bst023_mdl.bin
98	4864000	4872648	8648	/battle/bst023_tex.bin
99	4872704	4894196	21492	/battle/bst025_mdl.bin
100	4894208	4902952	8744	/battle/bst025_tex.bin
101	4903424	4922128	18704	/battle/bst02g_mdl.bin
102	4922368	4931000	8632	/battle/bst02g_tex.bin
103	4931072	4966100	35028	/battle/bst042_mdl.bin
104	4966400	5169212	202812	/battle/bst042_mot.bin
105	5169664	5179516	9852	/battle/bst042_tex.bin
106	5179904	5209020	29116	/battle/bst04g_mdl.bin
107	5209088	5217784	8696	/battle/bst04g_tex.bin
108	5217792	5245316	27524	/battle/bst050_mdl.bin
109	5245440	5365844	120404	/battle/bst050_mot.bin
110	5366272	5383176	16904	/battle/bst050_tex.bin
111	5383680	5411408	27728	/battle/bst051_mdl.bin
112	5411840	5420504	8664	/battle/bst051_tex.bin
113	5420544	5447048	26504	/battle/bst052_mdl.bin
114	5447168	5456956	9788	/battle/bst052_tex.bin
115	5457408	5485212	27804	/battle/bst053_mdl.bin
116	5485568	5494280	8712	/battle/bst053_tex.bin
117	5494784	5516072	21288	/battle/bst05g_mdl.bin
118	5516288	5524936	8648	/battle/bst05g_tex.bin
119	5524992	5549296	24304	/battle/bst060_mdl.bin
120	5549568	5678328	128760	/battle/bst060_mot.bin
121	5678592	5687320	8728	/battle/bst060_tex.bin
122	5687808	5711044	23236	/battle/bst061_mdl.bin
123	5711360	5720104	8744	/battle/bst061_tex.bin
124	5720576	5744816	24240	/battle/bst062_mdl.bin
125	5745152	5753832	8680	/battle/bst062_tex.bin
126	5753856	5775536	21680	/battle/bst063_mdl.bin
127	5775872	5784632	8760	/battle/bst063_tex.bin
128	5785088	5809048	23960	/battle/bst064_mdl.bin
129	5809152	5817640	8488	/battle/bst064_tex.bin
130	5817856	5841816	23960	/battle/bst065_mdl.bin
131	5841920	5850456	8536	/battle/bst065_tex.bin
132	5850624	5874584	23960	/battle/bst066_mdl.bin
133	5874688	5883256	8568	/battle/bst066_tex.bin
134	5883392	5902488	19096	/battle/bst06g_mdl.bin
135	5902848	5907400	4552	/battle/bst06g_tex.bin
136	5907456	5928532	21076	/battle/bt_common.bin
137	5928960	5940216	11256	/battle/bt_result.bin
138	5940224	5992256	52032	/battle/btleff.bin
139	5992448	6063900	71452	/battle/btmap_001_mdl.bin
140	6064128	6106296	42168	/battle/btmap_001_tex.bin
141	6106624	6161720	55096	/battle/btmap_002_mdl.bin
142	6161920	6189936	28016	/battle/btmap_002_tex.bin
143	6190080	6233784	43704	/battle/btmap_003_mdl.bin
144	6234112	6267092	32980	/battle/btmap_003_tex.bin
145	6267392	6320944	53552	/battle/btmap_004_mdl.bin
146	6321152	6363528	42376	/battle/btmap_004_tex.bin
147	6363648	6407096	43448	/battle/btmap_005_mdl.bin
148	6407168	6439580	32412	/battle/btmap_005_tex.bin
149	6439936	6485544	45608	/battle/btmap_006_mdl.bin
150	6486016	6505896	19880	/battle/btmap_006_tex.bin
151	6505984	6571512	65528	/battle/btmap_007_mdl.bin
152	6571520	6616880	45360	/battle/btmap_007_tex.bin
153	6617088	6674488	57400	/battle/btmap_008_mdl.bin
154	6674944	6703104	28160	/battle/btmap_008_tex.bin
155	6703104	6765260	62156	/battle/btmap_009_mdl.bin
156	6765568	6787888	22320	/battle/btmap_009_tex.bin
157	6788096	6855684	67588	/battle/btmap_010_mdl.bin
158	6856192	6888424	32232	/battle/btmap_010_tex.bin
159	6888448	6918504	30056	/battle/btmap_011_mdl.bin
160	6918656	6935396	16740	/battle/btmap_011_tex.bin
161	6935552	7005468	69916	/battle/btmap_012_mdl.bin
162	7005696	7027668	21972	/battle/btmap_012_tex.bin
163	7027712	7089724	62012	/battle/btmap_013_mdl.bin
164	7090176	7138912	48736	/battle/btmap_013_tex.bin
165	7139328	7207956	68628	/battle/btmap_014_mdl.bin
166	7208448	7255696	47248	/battle/btmap_014_tex.bin
167	7256064	7320536	64472	/battle/btmap_015_mdl.bin
168	7320576	7373188	52612	/battle/btmap_015_tex.bin
169	7373312	7434336	61024	/battle/btmap_016_mdl.bin
170	7434752	7477720	42968	/battle/btmap_016_tex.bin
171	7477760	7547684	69924	/battle/btmap_017_mdl.bin
172	7547904	7569984	22080	/battle/btmap_017_tex.bin
173	7570432	7634972	64540	/battle/btmap_018_mdl.bin
174	7635456	7682096	46640	/battle/btmap_018_tex.bin
175	7682560	7744932	62372	/battle/btmap_019_mdl.bin
176	7745024	7760372	15348	/battle/btmap_019_tex.bin
177	7760384	7814004	53620	/battle/btmap_020_mdl.bin
178	7814144	7825564	11420	/battle/btmap_020_tex.bin
179	7825920	7872048	46128	/battle/btmap_021_mdl.bin
180	7872512	7884412	11900	/battle/btmap_021_tex.bin
181	7884800	7936576	51776	/battle/btmap_022_mdl.bin
182	7937024	7953268	16244	/battle/btmap_022_tex.bin
183	7953408	8004868	51460	/battle/btmap_023_mdl.bin
184	8005120	8014700	9580	/battle/btmap_023_tex.bin
185	8014848	8068780	53932	/battle/btmap_024_mdl.bin
186	8069120	8083664	14544	/battle/btmap_024_tex.bin
187	8083968	8145012	61044	/battle/btmap_025_mdl.bin
188	8145408	8160084	14676	/battle/btmap_025_tex.bin
189	8160256	8212776	52520	/battle/btmap_026_mdl.bin
190	8212992	8228964	15972	/battle/btmap_026_tex.bin
191	8229376	8265344	35968	/battle/btmap_027_mdl.bin
192	8265728	8282828	17100	/battle/btmap_027_tex.bin
193	8283136	8319104	35968	/battle/btmap_028_mdl.bin
194	8319488	8336588	17100	/battle/btmap_028_tex.bin
195	8336896	8372864	35968	/battle/btmap_029_mdl.bin
196	8373248	8390348	17100	/battle/btmap_029_tex.bin
197	8390656	8426624	35968	/battle/btmap_030_mdl.bin
198	8427008	8444108	17100	/battle/btmap_030_tex.bin
199	8444416	8480384	35968	/battle/btmap_031_mdl.bin
200	8480768	8497868	17100	/battle/btmap_031_tex.bin
201	8498176	8534144	35968	/battle/btmap_032_mdl.bin
202	8534528	8551628	17100	/battle/btmap_032_tex.bin
203	8551936	8587904	35968	/battle/btmap_033_mdl.bin
204	8588288	8605388	17100	/battle/btmap_033_tex.bin
205	8605696	8641664	35968	/battle/btmap_034_mdl.bin
206	8642048	8659148	17100	/battle/btmap_034_tex.bin
207	8659456	8695424	35968	/battle/btmap_035_mdl.bin
208	8695808	8712908	17100	/battle/btmap_035_tex.bin
209	8713216	8749184	35968	/battle/btmap_036_mdl.bin
210	8749568	8766668	17100	/battle/btmap_036_tex.bin
211	8766976	8828996	62020	/battle/btmap_037_mdl.bin
212	8829440	8880848	51408	/battle/btmap_037_tex.bin
213	8881152	8947876	66724	/battle/btmap_038_mdl.bin
214	8948224	8996260	48036	/battle/btmap_038_tex.bin
215	8996352	9062032	65680	/battle/btmap_039_mdl.bin
216	9062400	9104180	41780	/battle/btmap_039_tex.bin
217	9104384	9159536	55152	/battle/btmap_040_mdl.bin
218	9159680	9214092	54412	/battle/btmap_040_tex.bin
219	9214464	9275400	60936	/battle/btmap_041_mdl.bin
220	9275904	9320408	44504	/battle/btmap_041_tex.bin
221	9320448	9393992	73544	/battle/btmap_042_mdl.bin
222	9394176	9449384	55208	/battle/btmap_042_tex.bin
223	9449472	9497564	48092	/battle/btmap_043_mdl.bin
224	9497600	9530004	32404	/battle/btmap_043_tex.bin
225	9530368	9550668	20300	/battle/cer000_mdl.bin
226	9550848	9626604	75756	/battle/cer000_mot.bin
227	9626624	9635304	8680	/battle/cer000_tex.bin
228	9635328	9658684	23356	/battle/effmodel.bin
229	9658880	9681820	22940	/battle/enm010_mdl.bin
230	9681920	9789248	107328	/battle/enm010_mot.bin
231	9789440	9798136	8696	/battle/enm010_tex.bin
232	9798144	9821084	22940	/battle/enm011_mdl.bin
233	9821184	9829864	8680	/battle/enm011_tex.bin
234	9829888	9852828	22940	/battle/enm012_mdl.bin
235	9852928	9861608	8680	/battle/enm012_tex.bin
236	9861632	9886200	24568	/battle/enm013_mdl.bin
237	9886208	9894888	8680	/battle/enm013_tex.bin
238	9894912	9915944	21032	/battle/enm01g_mdl.bin
239	9916416	9925128	8712	/battle/enm01g_tex.bin
240	9925632	9943932	18300	/battle/enm040_mdl.bin
241	9944064	10006092	62028	/battle/enm040_mot.bin
242	10006528	10015320	8792	/battle/enm040_tex.bin
243	10015744	10034044	18300	/battle/enm041_mdl.bin
244	10034176	10043000	8824	/battle/enm041_tex.bin
245	10043392	10061692	18300	/battle/enm042_mdl.bin
246	10061824	10070680	8856	/battle/enm042_tex.bin
247	10071040	10089340	18300	/battle/enm043_mdl.bin
248	10089472	10098200	8728	/battle/enm043_tex.bin
249	10098688	10117076	18388	/battle/enm04g_mdl.bin
250	10117120	10121768	4648	/battle/enm04g_tex.bin
251	10122240	10133584	11344	/battle/enm050_mdl.bin
252	10134016	10191608	57592	/battle/enm050_mot.bin
253	10191872	10196552	4680	/battle/enm050_tex.bin
254	10196992	10208336	11344	/battle/enm051_mdl.bin
255	10208768	10213432	4664	/battle/enm051_tex.bin
256	10213888	10225228	11340	/battle/enm052_mdl.bin
257	10225664	10230296	4632	/battle/enm052_tex.bin
258	10230784	10242124	11340	/battle/enm053_mdl.bin
259	10242560	10247176	4616	/battle/enm053_tex.bin
260	10247680	10260224	12544	/battle/enm054_mdl.bin
261	10260480	10265096	4616	/battle/enm054_tex.bin
262	10265600	10278144	12544	/battle/enm055_mdl.bin
263	10278400	10283000	4600	/battle/enm055_tex.bin
264	10283008	10296416	13408	/battle/enm05g_mdl.bin
265	10296832	10301416	4584	/battle/enm05g_tex.bin
266	10301440	10339476	38036	/battle/enm070_mdl.bin
267	10339840	10462696	122856	/battle/enm070_mot.bin
268	10462720	10480396	17676	/battle/enm070_tex.bin
269	10480640	10520732	40092	/battle/enm071_mdl.bin
270	10521088	10538700	17612	/battle/enm071_tex.bin
271	10539008	10556500	17492	/battle/enm080_mdl.bin
272	10556928	10619492	62564	/battle/enm080_mot.bin
273	10619904	10628536	8632	/battle/enm080_tex.bin
274	10628608	10646100	17492	/battle/enm082_mdl.bin
275	10646528	10655224	8696	/battle/enm082_tex.bin
276	10655232	10675760	20528	/battle/enm085_mdl.bin
277	10676224	10684856	8632	/battle/enm085_tex.bin
278	10684928	10702528	17600	/battle/enm08g_mdl.bin
279	10702848	10711528	8680	/battle/enm08g_tex.bin
280	10711552	10727160	15608	/battle/enm090_mdl.bin
281	10727424	10749964	22540	/battle/enm090_mot.bin
282	10750464	10763388	12924	/battle/enm090_tex.bin
283	10763776	10779384	15608	/battle/enm092_mdl.bin
284	10779648	10792780	13132	/battle/enm092_tex.bin
285	10792960	10813556	20596	/battle/enm095_mdl.bin
286	10813952	10826924	12972	/battle/enm095_tex.bin
287	10827264	10843188	15924	/battle/enm09g_mdl.bin
288	10843648	10854588	10940	/battle/enm09g_tex.bin
289	10854912	10874092	19180	/battle/fly000_mdl.bin
290	10874368	10944008	69640	/battle/fly000_mot.bin
291	10944512	10949048	4536	/battle/fly000_tex.bin
292	10949120	10968176	19056	/battle/fly001_mdl.bin
293	10968576	10973176	4600	/battle/fly001_tex.bin
294	10973184	10992240	19056	/battle/fly006_mdl.bin
295	10992640	10997288	4648	/battle/fly006_tex.bin
296	10997760	11016596	18836	/battle/fly009_mdl.bin
297	11016704	11021208	4504	/battle/fly009_tex.bin
298	11021312	11040368	19056	/battle/fly00a_mdl.bin
299	11040768	11045272	4504	/battle/fly00a_tex.bin
300	11045376	11060500	15124	/battle/fly00g_mdl.bin
301	11060736	11065288	4552	/battle/fly00g_tex.bin
302	11065344	11094464	29120	/battle/fly010_mdl.bin
303	11094528	11258912	164384	/battle/fly010_mot.bin
304	11259392	11268120	8728	/battle/fly010_tex.bin
305	11268608	11298000	29392	/battle/fly011_mdl.bin
306	11298304	11307016	8712	/battle/fly011_tex.bin
307	11307520	11338412	30892	/battle/fly012_mdl.bin
308	11338752	11347416	8664	/battle/fly012_tex.bin
309	11347456	11369996	22540	/battle/fly01g_mdl.bin
310	11370496	11379240	8744	/battle/fly01g_tex.bin
311	11379712	11406268	26556	/battle/fly020_mdl.bin
312	11406336	11527040	120704	/battle/fly020_mot.bin
313	11527168	11535896	8728	/battle/fly020_tex.bin
314	11536384	11562940	26556	/battle/fly021_mdl.bin
315	11563008	11571640	8632	/battle/fly021_tex.bin
316	11571712	11598264	26552	/battle/fly022_mdl.bin
317	11598336	11607064	8728	/battle/fly022_tex.bin
318	11607552	11634504	26952	/battle/fly024_mdl.bin
319	11634688	11643416	8728	/battle/fly024_tex.bin
320	11643904	11663396	19492	/battle/fly02g_mdl.bin
321	11663872	11672520	8648	/battle/fly02g_tex.bin
322	11672576	11690088	17512	/battle/fly030_mdl.bin
323	11690496	11735732	45236	/battle/fly030_mot.bin
324	11736064	11738568	2504	/battle/fly030_tex.bin
325	11738624	11756136	17512	/battle/fly031_mdl.bin
326	11756544	11759016	2472	/battle/fly031_tex.bin
327	11759104	11776616	17512	/battle/fly033_mdl.bin
328	11777024	11779528	2504	/battle/fly033_tex.bin
329	11779584	11797096	17512	/battle/fly036_mdl.bin
330	11797504	11800072	2568	/battle/fly036_tex.bin
331	11800576	11815284	14708	/battle/fly03g_mdl.bin
332	11815424	11819992	4568	/battle/fly03g_tex.bin
333	11820032	11842384	22352	/battle/fly044_mdl.bin
334	11842560	11989052	146492	/battle/fly044_mot.bin
335	11989504	11998008	8504	/battle/fly044_tex.bin
336	11998208	12018248	20040	/battle/fly045_mdl.bin
337	12018688	12027208	8520	/battle/fly045_tex.bin
338	12027392	12049744	22352	/battle/fly046_mdl.bin
339	12049920	12058440	8520	/battle/fly046_tex.bin
340	12058624	12082560	23936	/battle/gar000_mdl.bin
341	12082688	12246792	164104	/battle/gar000_mot.bin
342	12247040	12266316	19276	/battle/gar000_tex.bin
343	12266496	12296884	30388	/battle/her000_mdl.bin
344	12297216	12488980	191764	/battle/her000_mot.bin
345	12489216	12507500	18284	/battle/her000_tex.bin
346	12507648	12528488	20840	/battle/her000_win_mot.bin
347	12528640	12600580	71940	/battle/hermana_sp.bin
348	12600832	12631764	30932	/battle/hst000_mdl.bin
349	12632064	12775020	142956	/battle/hst000_mot.bin
350	12775424	12797252	21828	/battle/hst000_tex.bin
351	12797440	12821240	23800	/battle/hum001_mdl.bin
352	12821504	12952100	130596	/battle/hum001_mot.bin
353	12952576	12958912	6336	/battle/hum001_tex.bin
354	12959232	12974888	15656	/battle/hum002_mdl.bin
355	12975104	12980860	5756	/battle/hum002_tex.bin
356	12981248	13000740	19492	/battle/hum00g_mdl.bin
357	13001216	13007100	5884	/battle/hum00g_tex.bin
358	13007360	13031828	24468	/battle/hum011_mdl.bin
359	13031936	13156192	124256	/battle/hum011_mot.bin
360	13156352	13162624	6272	/battle/hum011_tex.bin
361	13163008	13179768	16760	/battle/hum012_mdl.bin
362	13179904	13185852	5948	/battle/hum012_tex.bin
363	13186048	13209680	23632	/battle/hum01g_mdl.bin
364	13210112	13216108	5996	/battle/hum01g_tex.bin
365	13216256	13245908	29652	/battle/hum021_mdl.bin
366	13245952	13400724	154772	/battle/hum021_mot.bin
367	13401088	13407024	5936	/battle/hum021_tex.bin
368	13407232	13425284	18052	/battle/hum022_mdl.bin
369	13425664	13431548	5884	/battle/hum022_tex.bin
370	13431808	13459044	27236	/battle/hum02g_mdl.bin
371	13459456	13465468	6012	/battle/hum02g_tex.bin
372	13465600	13503364	37764	/battle/hum034_mdl.bin
373	13503488	13662992	159504	/battle/hum034_mot.bin
374	13663232	13672024	8792	/battle/hum034_tex.bin
375	13672448	13713312	40864	/battle/hum040_mdl.bin
376	13713408	13995072	281664	/battle/hum040_mot.bin
377	13995520	14012312	16792	/battle/hum040_tex.bin
378	14012416	14054040	41624	/battle/hum042_mdl.bin
379	14054400	14067564	13164	/battle/hum042_tex.bin
380	14067712	14098884	31172	/battle/hum04g_mdl.bin
381	14098944	14116008	17064	/battle/hum04g_tex.bin
382	14116352	14146368	30016	/battle/hyu000_mdl.bin
383	14146560	14209288	62728	/battle/hyu000_mot.bin
384	14209536	14228956	19420	/battle/hyu000_tex.bin
385	14228992	14256076	27084	/battle/iri000_mdl.bin
386	14256128	14468152	212024	/battle/iri000_mot.bin
387	14468608	14489996	21388	/battle/iri000_tex.bin
388	14490112	14508204	18092	/battle/iri000_win_mot.bin
389	14508544	14572724	64180	/battle/iria_sp.bin
390	14573056	14587165	14109	/battle/list
391	14587392	14589488	2096	/battle/lumbering_mdl.bin
392	14589952	14591432	1480	/battle/lumbering_tex.bin
393	14591488	14632664	41176	/battle/mat002_mdl.bin
394	14632960	14874084	241124	/battle/mat002_mot.bin
395	14874112	14910192	36080	/battle/mat002_tex.bin
396	14910464	14973096	62632	/battle/mat00g_mdl.bin
397	14973440	15009296	35856	/battle/mat00g_tex.bin
398	15009792	15016648	6856	/battle/mining_mdl.bin
399	15016960	15018276	1316	/battle/mining_tex.bin
400	15018496	15040112	21616	/battle/pla000_mdl.bin
401	15040512	15205236	164724	/battle/pla000_mot.bin
402	15205376	15210640	5264	/battle/pla000_tex.bin
403	15211008	15233140	22132	/battle/pla001_mdl.bin
404	15233536	15238688	5152	/battle/pla001_tex.bin
405	15239168	15261456	22288	/battle/pla002_mdl.bin
406	15261696	15266864	5168	/battle/pla002_tex.bin
407	15267328	15288876	21548	/battle/pla003_mdl.bin
408	15289344	15294608	5264	/battle/pla003_tex.bin
409	15294976	15317916	22940	/battle/pla00g_mdl.bin
410	15318016	15322728	4712	/battle/pla00g_tex.bin
411	15323136	15345004	21868	/battle/pla010_mdl.bin
412	15345152	15438996	93844	/battle/pla010_mot.bin
413	15439360	15453128	13768	/battle/pla010_tex.bin
414	15453184	15479808	26624	/battle/pla011_mdl.bin
415	15479808	15498220	18412	/battle/pla011_tex.bin
416	15498240	15529424	31184	/battle/pla020_mdl.bin
417	15529472	15672028	142556	/battle/pla020_mot.bin
418	15672320	15685340	13020	/battle/pla020_tex.bin
419	15685632	15717872	32240	/battle/pla021_mdl.bin
420	15717888	15730716	12828	/battle/pla021_tex.bin
421	15731200	15765688	34488	/battle/pla022_mdl.bin
422	15766016	15779100	13084	/battle/pla022_tex.bin
423	15779328	15810496	31168	/battle/pla023_mdl.bin
424	15810560	15823532	12972	/battle/pla023_tex.bin
425	15823872	15852844	28972	/battle/pla02g_mdl.bin
426	15853056	15866060	13004	/battle/pla02g_tex.bin
427	15866368	15877512	11144	/battle/pla030_mdl.bin
428	15877632	15968164	90532	/battle/pla030_mot.bin
429	15968256	15970904	2648	/battle/pla030_tex.bin
430	15971328	15982472	11144	/battle/pla032_mdl.bin
431	15982592	15985256	2664	/battle/pla032_tex.bin
432	15985664	15997776	12112	/battle/pla034_mdl.bin
433	15997952	16000488	2536	/battle/pla034_tex.bin
434	16000512	16011160	10648	/battle/pla03g_mdl.bin
435	16011264	16015816	4552	/battle/pla03g_tex.bin
436	16015872	16042316	26444	/battle/ric000_mdl.bin
437	16042496	16236184	193688	/battle/ric000_mot.bin
438	16236544	16255532	18988	/battle/ric000_tex.bin
439	16256000	16283032	27032	/battle/ric000_win_mot.bin
440	16283136	16364152	81016	/battle/ricardo_sp.bin
441	16364544	16389356	24812	/battle/ruc000_mdl.bin
442	16389632	16559680	170048	/battle/ruc000_mot.bin
443	16560128	16578460	18332	/battle/ruc000_tex.bin
444	16578560	16594264	15704	/battle/ruc000_win_mot.bin
445	16594432	16618800	24368	/battle/ruc001_mdl.bin
446	16619008	16637068	18060	/battle/ruc001_tex.bin
447	16637440	16724364	86924	/battle/ruca_sp.bin
448	16724480	16751012	26532	/battle/sia000_mdl.bin
449	16751104	16856616	105512	/battle/sia000_mot.bin
450	16857088	16884504	27416	/battle/sia000_sp.bin
451	16884736	16901624	16888	/battle/sia000_tex.bin
452	16901632	16930028	28396	/battle/spa000_mdl.bin
453	16930304	17118272	187968	/battle/spa000_mot.bin
454	17118720	17137132	18412	/battle/spa000_tex.bin
455	17137152	17162912	25760	/battle/spa000_win_mot.bin
456	17163264	17181916	18652	/battle/spada_sp.bin
457	17182208	17199832	17624	/battle/spi020_mdl.bin
458	17200128	17297264	97136	/battle/spi020_mot.bin
459	17297408	17308300	10892	/battle/spi020_tex.bin
460	17308672	17330860	22188	/battle/spi021_mdl.bin
461	17331200	17339168	7968	/battle/spi021_tex.bin
462	17339392	17361548	22156	/battle/spi022_mdl.bin
463	17361920	17369920	8000	/battle/spi022_tex.bin
464	17370112	17387836	17724	/battle/spi02g_mdl.bin
465	17388032	17401228	13196	/battle/spi02g_tex.bin
466	17401344	17425272	23928	/battle/tit000_mdl.bin
467	17425408	17554420	129012	/battle/tit000_mot.bin
468	17554432	17619428	64996	/battle/tit000_sp.bin
469	17619456	17636376	16920	/battle/tit000_tex.bin
470	17636864	17660852	23988	/battle/toi000_mdl.bin
471	17660928	17768704	107776	/battle/toi000_mot.bin
472	17768960	17774140	5180	/battle/toi000_tex.bin
473	17774592	17795968	21376	/battle/toi010_mdl.bin
474	17796096	17893280	97184	/battle/toi010_mot.bin
475	17893376	17899084	5708	/battle/toi010_tex.bin
476	17899520	17931348	31828	/battle/toi020_mdl.bin
477	17931776	17982992	51216	/battle/toi020_mot.bin
478	17983488	17996556	13068	/battle/toi020_tex.bin
479	17996800	18036564	39764	/battle/toi030_mdl.bin
480	18036736	18098188	61452	/battle/toi030_mot.bin
481	18098688	18116064	17376	/battle/toi030_tex.bin
482	18116096	18155860	39764	/battle/toi031_mdl.bin
483	18156032	18173664	17632	/battle/toi031_tex.bin
484	18173952	18194816	20864	/battle/toi040_mdl.bin
485	18194944	18194960	16	/battle/toi040_mot.bin
486	18195456	18200072	4616	/battle/toi040_tex.bin
487	18200576	18223784	23208	/battle/toi041_mdl.bin
488	18224128	18346340	122212	/battle/toi041_mot.bin
489	18346496	18351144	4648	/battle/toi041_tex.bin
490	18351616	18372692	21076	/battle/toi050_mdl.bin
491	18373120	18455800	82680	/battle/toi050_mot.bin
492	18456064	18473144	17080	/battle/toi050_tex.bin
493	18473472	18496952	23480	/battle/toi060_mdl.bin
494	18497024	18497040	16	/battle/toi060_mot.bin
495	18497536	18503564	6028	/battle/toi060_tex.bin
496	18503680	18529444	25764	/battle/toi061_mdl.bin
497	18529792	18631612	101820	/battle/toi061_mot.bin
498	18631680	18637740	6060	/battle/toi061_tex.bin
499	18637824	18661236	23412	/battle/toi062_mdl.bin
500	18661376	18667388	6012	/battle/toi062_tex.bin
501	18667520	18688932	21412	/battle/toi063_mdl.bin
502	18689024	18695052	6028	/battle/toi063_tex.bin
503	18695168	18718268	23100	/battle/toi070_mdl.bin
504	18718720	18725484	6764	/battle/toi070_tex.bin
505	18725888	18751328	25440	/battle/toi071_mdl.bin
506	18751488	18858488	107000	/battle/toi071_mot.bin
507	18858496	18865276	6780	/battle/toi071_tex.bin
508	18865664	18888900	23236	/battle/toi072_mdl.bin
509	18889216	18895948	6732	/battle/toi072_tex.bin
510	18896384	18918060	21676	/battle/toi080_mdl.bin
511	18918400	18992412	74012	/battle/toi080_mot.bin
512	18992640	18998572	5932	/battle/toi080_tex.bin
513	18998784	19021024	22240	/battle/toi090_mdl.bin
514	19021312	19104408	83096	/battle/toi090_mot.bin
515	19104768	19109384	4616	/battle/toi090_tex.bin
516	19109888	19132128	22240	/battle/toi091_mdl.bin
517	19132416	19137048	4632	/battle/toi091_tex.bin
518	19137536	19159776	22240	/battle/toi092_mdl.bin
519	19160064	19164664	4600	/battle/toi092_tex.bin
520	19164672	19189444	24772	/battle/toi100_mdl.bin
521	19189760	19313688	123928	/battle/toi100_mot.bin
522	19314176	19323708	9532	/battle/toi100_tex.bin
523	19323904	19348604	24700	/battle/toi101_mdl.bin
524	19348992	19358476	9484	/battle/toi101_tex.bin
525	19358720	19383492	24772	/battle/toi102_mdl.bin
526	19383808	19393308	9500	/battle/toi102_tex.bin
527	19393536	19439068	45532	/chara/alb000.bin
528	19439104	19479896	40792	/chara/ang000.bin
529	19480064	19503400	23336	/chara/ark080.bin
530	19503616	19525116	21500	/chara/ash040.bin
531	19525120	19546604	21484	/chara/ash042.bin
532	19546624	19568124	21500	/chara/ash043.bin
533	19568128	19590892	22764	/chara/ash050.bin
534	19591168	19613948	22780	/chara/ash052.bin
535	19614208	19636988	22780	/chara/ash053.bin
536	19637248	19660280	23032	/chara/ash160.bin
537	19660288	19684876	24588	/chara/ash170.bin
538	19685376	19709964	24588	/chara/ash171.bin
539	19710464	19735052	24588	/chara/ash172.bin
540	19735552	19760140	24588	/chara/ash173.bin
541	19760640	19809820	49180	/chara/asu000.bin
542	19810304	19836380	26076	/chara/cbs000.bin
543	19836416	19874588	38172	/chara/cbs001.bin
544	19874816	19903780	28964	/chara/cer000.bin
545	19904000	19922860	18860	/chara/cod000.bin
546	19922944	19971920	48976	/chara/dummy.bin
547	19972096	19977020	4924	/chara/dur000.bin
548	19977216	19984088	6872	/chara/gae000.bin
549	19984384	20009528	25144	/chara/gal020.bin
550	20009984	20034524	24540	/chara/gal021.bin
551	20034560	20058200	23640	/chara/gal030.bin
552	20058624	20082400	23776	/chara/gal031.bin
553	20082688	20107152	24464	/chara/gal032.bin
554	20107264	20131360	24096	/chara/gal060.bin
555	20131840	20155012	23172	/chara/gal070.bin
556	20155392	20178760	23368	/chara/gal180.bin
557	20178944	20222140	43196	/chara/gar000.bin
558	20222464	20245108	22644	/chara/gar020.bin
559	20245504	20267600	22096	/chara/gar022.bin
560	20268032	20292116	24084	/chara/gar040.bin
561	20292608	20314024	21416	/chara/gar050.bin
562	20314112	20339700	25588	/chara/gar080.bin
563	20339712	20362864	23152	/chara/gar190.bin
564	20363264	20385252	21988	/chara/gri040.bin
565	20385280	20406752	21472	/chara/gri041.bin
566	20406784	20428532	21748	/chara/gri043.bin
567	20428800	20477456	48656	/chara/her000.bin
568	20477952	20519104	41152	/chara/him000.bin
569	20519424	20562928	43504	/chara/hst000.bin
570	20562944	20612364	49420	/chara/hyu000.bin
571	20612608	20653908	41300	/chara/ina000.bin
572	20654080	20702536	48456	/chara/iri000.bin
573	20702720	20740328	37608	/chara/kng000.bin
574	20740608	20764356	23748	/chara/mam000.bin
575	20764672	20786864	22192	/chara/mam010.bin
576	20787200	20809412	22212	/chara/mam020.bin
577	20809728	20831016	21288	/chara/mam030.bin
578	20831232	20854088	22856	/chara/mam040.bin
579	20854272	20897416	43144	/chara/mat000.bin
580	20897792	20941948	44156	/chara/mat001.bin
581	20942336	21019576	77240	/chara/mat002.bin
582	21019648	21064972	45324	/chara/mat003.bin
583	21065216	21163688	98472	/chara/mat00g.bin
584	21164032	21183192	19160	/chara/mgn000.bin
585	21183488	21207360	23872	/chara/mgn001.bin
586	21207552	21231284	23732	/chara/nar000.bin
587	21231616	21256192	24576	/chara/nar010.bin
588	21256192	21278260	22068	/chara/nar020.bin
589	21278720	21299992	21272	/chara/nar030.bin
590	21300224	21324260	24036	/chara/nar040.bin
591	21324288	21345752	21464	/chara/nar050.bin
592	21345792	21370700	24908	/chara/nar060.bin
593	21370880	21392596	21716	/chara/nar070.bin
594	21392896	21413440	20544	/chara/nar150.bin
595	21413888	21424520	10632	/chara/nar70.bin
596	21424640	21429820	5180	/chara/o001.bin
597	21430272	21433832	3560	/chara/o002.bin
598	21433856	21441528	7672	/chara/o003.bin
599	21441536	21446716	5180	/chara/o004.bin
600	21447168	21454040	6872	/chara/o005.bin
601	21454336	21459148	4812	/chara/o006.bin
602	21459456	21470072	10616	/chara/o007.bin
603	21470208	21475032	4824	/chara/o008.bin
604	21475328	21477168	1840	/chara/o009.bin
605	21477376	21482408	5032	/chara/o010.bin
606	21482496	21484720	2224	/chara/obj000.bin
607	21485056	21529304	44248	/chara/obj002.bin
608	21529600	21571724	42124	/chara/obj003.bin
609	21572096	21604020	31924	/chara/obj004.bin
610	21604352	21609124	4772	/chara/obj005.bin
611	21609472	21613004	3532	/chara/obj006.bin
612	21613056	21635368	22312	/chara/obj007.bin
613	21635584	21643832	8248	/chara/obj008.bin
614	21644288	21662520	18232	/chara/obj009.bin
615	21662720	21694248	31528	/chara/obj010.bin
616	21694464	21725344	30880	/chara/obj011.bin
617	21725696	21726548	852	/chara/obj013.bin
618	21726720	21730824	4104	/chara/obj014.bin
619	21731328	21733188	1860	/chara/obj015.bin
620	21733376	21735188	1812	/chara/obj016.bin
621	21735424	21738304	2880	/chara/obj017.bin
622	21738496	21756088	17592	/chara/obj018.bin
623	21756416	21758636	2220	/chara/obj030.bin
624	21758976	21799440	40464	/chara/ori000.bin
625	21799936	21839036	39100	/chara/osw000.bin
626	21839360	21861900	22540	/chara/reg010.bin
627	21862400	21885348	22948	/chara/reg020.bin
628	21885440	21908752	23312	/chara/reg022.bin
629	21908992	21936696	27704	/chara/reg023.bin
630	21937152	21959752	22600	/chara/reg030.bin
631	21960192	21985940	25748	/chara/reg032.bin
632	21986304	22008704	22400	/chara/reg040.bin
633	22008832	22032264	23432	/chara/reg043.bin
634	22032384	22055360	22976	/chara/reg050.bin
635	22055424	22080740	25316	/chara/reg053.bin
636	22081024	22105276	24252	/chara/reg060.bin
637	22105600	22129776	24176	/chara/reg070.bin
638	22130176	22158016	27840	/chara/reg080.bin
639	22158336	22186944	28608	/chara/reg081.bin
640	22187008	22217512	30504	/chara/reg090.bin
641	22217728	22246380	28652	/chara/reg100.bin
642	22246400	22270168	23768	/chara/reg110.bin
643	22270464	22307928	37464	/chara/reg120.bin
644	22308352	22330452	22100	/chara/reg130.bin
645	22330880	22357684	26804	/chara/reg140.bin
646	22358016	22381508	23492	/chara/reg190.bin
647	22381568	22426984	45416	/chara/ric000.bin
648	22427136	22470264	43128	/chara/ruc000.bin
649	22470656	22513068	42412	/chara/ruc001.bin
650	22513152	22533072	19920	/chara/sailor00.bin
651	22533120	22574716	41596	/chara/sak000.bin
652	22575104	22598836	23732	/chara/san000.bin
653	22599168	22623744	24576	/chara/san010.bin
654	22623744	22645476	21732	/chara/san020.bin
655	22645760	22667360	21600	/chara/san030.bin
656	22667776	22689984	22208	/chara/san040.bin
657	22690304	22710660	20356	/chara/san050.bin
658	22710784	22735692	24908	/chara/san060.bin
659	22735872	22757604	21732	/chara/san070.bin
660	22757888	22784648	26760	/chara/shop00.bin
661	22785024	22810648	25624	/chara/shop01.bin
662	22811136	22837248	26112	/chara/shop02.bin
663	22837248	22862764	25516	/chara/shop03.bin
664	22862848	22903536	40688	/chara/sia000.bin
665	22903808	22950600	46792	/chara/spa000.bin
666	22950912	22975792	24880	/chara/sum200.bin
667	22976000	22976048	48	/chara/symbol__mot.bin
668	22976512	22984304	7792	/chara/symbol_alb000_mot.bin
669	22984704	22994252	9548	/chara/symbol_amp000_mot.bin
670	22994432	22997268	2836	/chara/symbol_amp010_mot.bin
671	22997504	23015544	18040	/chara/symbol_amp020_mot.bin
672	23015936	23025868	9932	/chara/symbol_amp030_mot.bin
673	23026176	23037340	11164	/chara/symbol_ang000_mot.bin
674	23037440	23044528	7088	/chara/symbol_bst000_mot.bin
675	23044608	23051180	6572	/chara/symbol_bst005_mot.bin
676	23051264	23057000	5736	/chara/symbol_bst010_mot.bin
677	23057408	23064768	7360	/chara/symbol_bst020_mot.bin
678	23065088	23089132	24044	/chara/symbol_bst042_mot.bin
679	23089152	23096292	7140	/chara/symbol_bst050_mot.bin
680	23096320	23111600	15280	/chara/symbol_bst060_mot.bin
681	23111680	23118628	6948	/chara/symbol_cer000_mot.bin
682	23118848	23130204	11356	/chara/symbol_enm010_mot.bin
683	23130624	23138916	8292	/chara/symbol_enm040_mot.bin
684	23139328	23143392	4064	/chara/symbol_enm050_mot.bin
685	23143424	23155424	12000	/chara/symbol_enm070_mot.bin
686	23155712	23161276	5564	/chara/symbol_enm080_mot.bin
687	23161344	23163480	2136	/chara/symbol_enm090_mot.bin
688	23163904	23168960	5056	/chara/symbol_fly000_mot.bin
689	23169024	23181616	12592	/chara/symbol_fly010_mot.bin
690	23181824	23190944	9120	/chara/symbol_fly020_mot.bin
691	23191040	23194120	3080	/chara/symbol_fly030_mot.bin
692	23194624	23208032	13408	/chara/symbol_fly044_mot.bin
693	23208448	23218200	9752	/chara/symbol_gar000_mot.bin
694	23218688	23229064	10376	/chara/symbol_hst000_mot.bin
695	23229440	23240044	10604	/chara/symbol_hum001_mot.bin
696	23240192	23250324	10132	/chara/symbol_hum011_mot.bin
697	23250432	23269832	19400	/chara/symbol_hum021_mot.bin
698	23269888	23285356	15468	/chara/symbol_hum034_mot.bin
699	23285760	23319152	33392	/chara/symbol_hum040_mot.bin
700	23319552	23327784	8232	/chara/symbol_hyu000_mot.bin
701	23328256	23349244	20988	/chara/symbol_mat002_mot.bin
702	23349248	23364332	15084	/chara/symbol_pla000_mot.bin
703	23364608	23369964	5356	/chara/symbol_pla010_mot.bin
704	23370240	23382100	11860	/chara/symbol_pla020_mot.bin
705	23382528	23387468	4940	/chara/symbol_pla030_mot.bin
706	23387648	23397008	9360	/chara/symbol_ric000_mot.bin
707	23397376	23405024	7648	/chara/symbol_sia000_mot.bin
708	23405056	23414144	9088	/chara/symbol_spi020_mot.bin
709	23414272	23420404	6132	/chara/symbol_tit000_mot.bin
710	23420416	23431116	10700	/chara/symbol_toi000_mot.bin
711	23431168	23441728	10560	/chara/symbol_toi010_mot.bin
712	23441920	23445748	3828	/chara/symbol_toi020_mot.bin
713	23446016	23448896	2880	/chara/symbol_toi030_mot.bin
714	23449088	23461660	12572	/chara/symbol_toi041_mot.bin
715	23461888	23469484	7596	/chara/symbol_toi050_mot.bin
716	23469568	23480136	10568	/chara/symbol_toi061_mot.bin
717	23480320	23488888	8568	/chara/symbol_toi071_mot.bin
718	23489024	23497260	8236	/chara/symbol_toi080_mot.bin
719	23497728	23512072	14344	/chara/symbol_toi090_mot.bin
720	23512576	23526788	14212	/chara/symbol_toi100_mot.bin
721	23526912	23561392	34480	/chara/tan000.bin
722	23561728	23582824	21096	/chara/ten010.bin
723	23583232	23606440	23208	/chara/ten020.bin
724	23606784	23627416	20632	/chara/ten030.bin
725	23627776	23651836	24060	/chara/ten040.bin
726	23651840	23673296	21456	/chara/ten050.bin
727	23673344	23696220	22876	/chara/ten060.bin
728	23696384	23718728	22344	/chara/ten070.bin
729	23718912	23744392	25480	/chara/ten080.bin
730	23744512	23768928	24416	/chara/ten190.bin
731	23769088	23809920	40832	/chara/tit000.bin
732	23810048	23839200	29152	/chara/toi000.bin
733	23839232	23866300	27068	/chara/toi010.bin
734	23866368	23911248	44880	/chara/toi020.bin
735	23911424	23968548	57124	/chara/toi030.bin
736	23968768	24026148	57380	/chara/toi031.bin
737	24026624	24052088	25464	/chara/toi040.bin
738	24052224	24080064	27840	/chara/toi041.bin
739	24080384	24118524	38140	/chara/toi050.bin
740	24118784	24148632	29848	/chara/toi070.bin
741	24148992	24181196	32204	/chara/toi071.bin
742	24181248	24221504	40256	/chara/vri000.bin
743	24221696	24251076	29380	/chara/vul000.bin
744	24251392	24410064	158672	/cutin/cutin_000.bin
745	24410112	24462000	51888	/cutin/cutin_001.bin
746	24462336	24514224	51888	/cutin/cutin_002.bin
747	24514560	24711632	197072	/cutin/cutin_003.bin
748	24711680	24751728	40048	/cutin/cutin_004.bin
749	24752128	24866928	114800	/cutin/cutin_005.bin
750	24867328	25012240	144912	/cutin/cutin_006.bin
751	25012736	25168368	155632	/cutin/cutin_007.bin
752	25168384	25306448	138064	/cutin/cutin_008.bin
753	25306624	25312504	5880	/facechat/ev0101.scr
754	25312768	25314810	2042	/facechat/ev0102.scr
755	25314816	25315713	897	/facechat/ev0103.scr
756	25315840	25319273	3433	/facechat/ev0104.scr
757	25319424	25320370	946	/facechat/ev0105.scr
758	25320448	25321066	618	/facechat/ev0106.scr
759	25321472	25322922	1450	/facechat/ev0107.scr
760	25323008	25327964	4956	/facechat/ev0108.scr
761	25328128	25333988	5860	/facechat/ev0109.scr
762	25334272	25338291	4019	/facechat/ev0110.scr
763	25338368	25341105	2737	/facechat/ev0111.scr
764	25341440	25342559	1119	/facechat/ev0112.scr
765	25342976	25346343	3367	/facechat/ev0113.scr
766	25346560	25348824	2264	/facechat/ev0114.scr
767	25349120	25349331	211	/facechat/ev0115.scr
768	25349632	25351657	2025	/facechat/ev0116.scr
769	25351680	25352923	1243	/facechat/ev0117.scr
770	25353216	25353576	360	/facechat/ev0118.scr
771	25353728	25353938	210	/facechat/ev0119.scr
772	25354240	25354320	80	/facechat/ev0120.scr
773	25354752	25354832	80	/facechat/ev0121.scr
774	25355264	25355336	72	/facechat/ev0122.scr
775	25355776	25355816	40	/facechat/ev0123.scr
776	25356288	25361963	5675	/facechat/ev0124.scr
777	25362432	25362655	223	/facechat/ev0125.scr
778	25362944	25365830	2886	/facechat/ev0201.scr
779	25366016	25368982	2966	/facechat/ev0202.scr
780	25369088	25370483	1395	/facechat/ev0203.scr
781	25370624	25372980	2356	/facechat/ev0204.scr
782	25373184	25374920	1736	/facechat/ev0205.scr
783	25375232	25377068	1836	/facechat/ev0206.scr
784	25377280	25381387	4107	/facechat/ev0207.scr
785	25381888	25382494	606	/facechat/ev0208.scr
786	25382912	25383894	982	/facechat/ev0209.scr
787	25383936	25384582	646	/facechat/ev0210.scr
788	25384960	25387321	2361	/facechat/ev0211.scr
789	25387520	25390369	2849	/facechat/ev0212.scr
790	25390592	25394310	3718	/facechat/ev0301.scr
791	25394688	25398818	4130	/facechat/ev0302.scr
792	25399296	25400860	1564	/facechat/ev0303.scr
793	25401344	25402921	1577	/facechat/ev0304.scr
794	25403392	25405176	1784	/facechat/ev0305.scr
795	25405440	25408467	3027	/facechat/ev0306.scr
796	25408512	25411231	2719	/facechat/ev0307.scr
797	25411584	25413628	2044	/facechat/ev0308.scr
798	25413632	25416639	3007	/facechat/ev0309.scr
799	25416704	25421783	5079	/facechat/ev0310.scr
800	25421824	25428606	6782	/facechat/ev0311.scr
801	25428992	25430854	1862	/facechat/ev0312.scr
802	25431040	25432240	1200	/facechat/ev0313.scr
803	25432576	25435493	2917	/facechat/ev0314.scr
804	25435648	25435728	80	/facechat/ev0315.scr
805	25436160	25436408	248	/facechat/ev0316.scr
806	25436672	25438304	1632	/facechat/ev0401.scr
807	25438720	25439721	1001	/facechat/ev0402.scr
808	25439744	25443552	3808	/facechat/ev0403.scr
809	25443840	25445983	2143	/facechat/ev0404.scr
810	25446400	25451257	4857	/facechat/ev0405.scr
811	25451520	25459303	7783	/facechat/ev0406.scr
812	25459712	25459897	185	/facechat/ev0407.scr
813	25460224	25460690	466	/facechat/ev0501.scr
814	25460736	25461968	1232	/facechat/ev0502.scr
815	25462272	25463833	1561	/facechat/ev0503.scr
816	25464320	25466537	2217	/facechat/ev0504.scr
817	25466880	25467596	716	/facechat/ev0505.scr
818	25467904	25474461	6557	/facechat/ev0506.scr
819	25474560	25475541	981	/facechat/ev0507.scr
820	25475584	25482093	6509	/facechat/ev0508.scr
821	25482240	25485022	2782	/facechat/ev0509.scr
822	25485312	25487134	1822	/facechat/ev0510.scr
823	25487360	25487977	617	/facechat/ev0511.scr
824	25488384	25495997	7613	/facechat/ev0512.scr
825	25496064	25496828	764	/facechat/ev0513.scr
826	25497088	25499174	2086	/facechat/ev0514.scr
827	25499648	25501930	2282	/facechat/ev0515.scr
828	25502208	25504826	2618	/facechat/ev0516.scr
829	25505280	25507291	2011	/facechat/ev0517.scr
830	25507328	25507424	96	/facechat/ev0518.scr
831	25507840	25507912	72	/facechat/ev0519.scr
832	25508352	25508559	207	/facechat/ev0520.scr
833	25508864	25509057	193	/facechat/ev0521.scr
834	25509376	25511395	2019	/facechat/ev0601.scr
835	25511424	25511489	65	/facechat/ev0602.scr
836	25511936	25514709	2773	/facechat/ev0603.scr
837	25515008	25519553	4545	/facechat/ev0604.scr
838	25519616	25525823	6207	/facechat/ev0605.scr
839	25526272	25528596	2324	/facechat/ev0606.scr
840	25528832	25529452	620	/facechat/ev0607.scr
841	25529856	25529896	40	/facechat/ev0608.scr
842	25530368	25531078	710	/facechat/ev0609.scr
843	25531392	25533760	2368	/facechat/ev0610.scr
844	25533952	25537951	3999	/facechat/ev0611.scr
845	25538048	25538346	298	/facechat/ev0612.scr
846	25538560	25538858	298	/facechat/ev0613.scr
847	25539072	25540851	1779	/facechat/ev0701.scr
848	25541120	25545186	4066	/facechat/ev0702.scr
849	25545216	25546847	1631	/facechat/ev0703.scr
850	25547264	25554855	7591	/facechat/ev0704.scr
851	25554944	25560246	5302	/facechat/ev0705.scr
852	25560576	25564044	3468	/facechat/ev0706.scr
853	25564160	25570381	6221	/facechat/ev0707.scr
854	25570816	25571838	1022	/facechat/ev0801.scr
855	25571840	25576594	4754	/facechat/ev0802.scr
856	25576960	25586861	9901	/facechat/ev0803.scr
857	25587200	25587665	465	/facechat/ev0804.scr
858	25587712	25591949	4237	/facechat/ev0805.scr
859	25592320	25594079	1759	/facechat/ev0901.scr
860	25594368	25594620	252	/facechat/ev0902.scr
861	25594880	25597200	2320	/facechat/ev0903.scr
862	25597440	25600230	2790	/facechat/ev0904.scr
863	25600512	25603282	2770	/facechat/ev0905.scr
864	25603584	25603855	271	/facechat/ev0906.scr
865	25604096	25605259	1163	/facechat/ev0907.scr
866	25605632	25611323	5691	/facechat/ev0908.scr
867	25611776	25613873	2097	/facechat/ev0909.scr
868	25614336	25615932	1596	/facechat/ev0910.scr
869	25616384	25617412	1028	/facechat/ev1001.scr
870	25617920	25619328	1408	/facechat/ev1002.scr
871	25619456	25621271	1815	/facechat/ev1003.scr
872	25621504	25624131	2627	/facechat/ev1004.scr
873	25624576	25629796	5220	/facechat/ev1005.scr
874	25630208	25633745	3537	/facechat/ev1006.scr
875	25633792	25634617	825	/facechat/ev1007.scr
876	25634816	25636576	1760	/facechat/ev1008.scr
877	25636864	25637368	504	/facechat/ev1009.scr
878	25637376	25638596	1220	/facechat/ev1010.scr
879	25638912	25640565	1653	/facechat/ev1011.scr
880	25640960	25646451	5491	/facechat/ev1012.scr
881	25646592	25646904	312	/facechat/ev1013.scr
882	25647104	25648231	1127	/facechat/ev1014.scr
883	25648640	25650951	2311	/facechat/ev1101.scr
884	25651200	25655963	4763	/facechat/ev1102.scr
885	25656320	25657580	1260	/facechat/ev1103.scr
886	25657856	25663070	5214	/facechat/ev1104.scr
887	25663488	25664691	1203	/facechat/ev1105.scr
888	25665024	25669780	4756	/facechat/ev1106.scr
889	25670144	25670368	224	/facechat/ev1107.scr
890	25670656	25671791	1135	/facechat/ev1108.scr
891	25672192	25672930	738	/facechat/ev1109.scr
892	25673216	25676815	3599	/facechat/ev1110.scr
893	25677312	25681604	4292	/facechat/ev1201.scr
894	25681920	25682595	675	/facechat/ev1202.scr
895	25682944	25685095	2151	/facechat/ev1203.scr
896	25685504	25686447	943	/facechat/ev1204.scr
897	25686528	25691840	5312	/facechat/ev1205.scr
898	25692160	25694527	2367	/facechat/ev1206.scr
899	25694720	25695769	1049	/facechat/ev1301.scr
900	25696256	25699976	3720	/facechat/ev1302.scr
901	25700352	25701131	779	/facechat/ev1303.scr
902	25701376	25705097	3721	/facechat/ev1304.scr
903	25705472	25712714	7242	/facechat/ev1305.scr
904	25713152	25714903	1751	/facechat/ev1306.scr
905	25715200	25716286	1086	/facechat/ev1307.scr
906	25716736	25718051	1315	/facechat/ev1308.scr
907	25718272	25719714	1442	/facechat/ev1309.scr
908	25719808	25720710	902	/facechat/ev1310.scr
909	25720832	25725116	4284	/facechat/ev1311.scr
910	25725440	25725995	555	/facechat/ev1401.scr
911	25726464	25726823	359	/facechat/ev1402.scr
912	25726976	25727418	442	/facechat/ev1403.scr
913	25727488	25730769	3281	/facechat/ev1404.scr
914	25731072	25739112	8040	/facechat/ev1405.scr
915	25739264	25742224	2960	/facechat/ev1501.scr
916	25742336	25744701	2365	/facechat/ev1502.scr
917	25744896	25747743	2847	/facechat/ev1503.scr
918	25747968	25748833	865	/facechat/ev1504.scr
919	25748992	25749359	367	/facechat/ev1505.scr
920	25749504	25756832	7328	/facechat/ev1601.scr
921	25757184	25758621	1437	/facechat/ev1602.scr
922	25758720	25759753	1033	/facechat/ev1603.scr
923	25760256	25762111	1855	/facechat/ev1604.scr
924	25762304	25768786	6482	/facechat/ev1605.scr
925	25768960	25769104	144	/facechat/ev1606.scr
926	25769472	25772209	2737	/facechat/ev1701.scr
927	25772544	25775853	3309	/facechat/ev1702.scr
928	25776128	25779692	3564	/facechat/ev1801.scr
929	25779712	25787692	7980	/facechat/ev1802.scr
930	25787904	25788308	404	/facechat/ev1803.scr
931	25788416	25791117	2701	/facechat/ev1901.scr
932	25791488	25791976	488	/facechat/ev1902.scr
933	25792000	25792520	520	/facechat/ev1903.scr
934	25793024	25795491	2467	/facechat/ev1904.scr
935	25795584	25801213	5629	/facechat/ev1905.scr
936	25801216	25802255	1039	/facechat/ev1906.scr
937	25802752	25804490	1738	/facechat/ev1907.scr
938	25804800	25812757	7957	/facechat/ev2001.scr
939	25812992	25814373	1381	/facechat/ev2002.scr
940	25814528	25816410	1882	/facechat/ev2003.scr
941	25816576	25818485	1909	/facechat/ev2004.scr
942	25818624	25820557	1933	/facechat/ev2005.scr
943	25820672	25822701	2029	/facechat/ev2006.scr
944	25822720	25828606	5886	/facechat/ev2007.scr
945	25828864	25833600	4736	/facechat/ev2008.scr
946	25833984	25837355	3371	/facechat/ev2009.scr
947	25837568	25837961	393	/facechat/ev2010.scr
948	25838080	25839148	1068	/facechat/ev2101.scr
949	25839616	25840393	777	/facechat/ev2102.scr
950	25840640	25841461	821	/facechat/ev2201.scr
951	25841664	25845057	3393	/facechat/ev2202.scr
952	25845248	25848182	2934	/facechat/ev2203.scr
953	25848320	25850343	2023	/facechat/ev2204.scr
954	25850368	25852392	2024	/facechat/ev2205.scr
955	25852416	25852512	96	/facechat/ev2206.scr
956	25852928	25853444	516	/facechat/ev2207.scr
957	25853952	25854395	443	/facechat/ev2208.scr
958	25854464	25854740	276	/facechat/ev2301.scr
959	25854976	25855702	726	/facechat/ev2302.scr
960	25856000	25860891	4891	/facechat/ev2303.scr
961	25861120	25863110	1990	/facechat/ev2304.scr
962	25863168	25863534	366	/facechat/ev2305.scr
963	25863680	25865380	1700	/facechat/ev2306.scr
964	25865728	25866470	742	/facechat/ev2307.scr
965	25866752	25866816	64	/facechat/ev2308.scr
966	25867264	25869242	1978	/facechat/ev2401.scr
967	25869312	25871187	1875	/facechat/ev2402.scr
968	25871360	25872068	708	/facechat/ev2403.scr
969	25872384	25873324	940	/facechat/ev2404.scr
970	25873408	25874096	688	/facechat/ev2405.scr
971	25874432	25875464	1032	/facechat/ev2406.scr
972	25875968	25877814	1846	/facechat/ev2407.scr
973	25878016	25878531	515	/facechat/ev2408.scr
974	25879040	25880012	972	/facechat/ev2409.scr
975	25880064	25890166	10102	/facechat/ev2410.scr
976	25890304	25890616	312	/facechat/ev2411.scr
977	25890816	25891182	366	/facechat/ev2412.scr
978	25891328	25891716	388	/facechat/ev2501.scr
979	25891840	25892211	371	/facechat/ev2601.scr
980	25892352	25893741	1389	/facechat/ev2602.scr
981	25893888	25897405	3517	/facechat/ev2603.scr
982	25897472	25902722	5250	/facechat/ev2604.scr
983	25903104	25903696	592	/facechat/ev2605.scr
984	25904128	25904627	499	/facechat/ev2606.scr
985	25904640	25904757	117	/facechat/ev2607.scr
986	25905152	25905374	222	/facechat/ev2608.scr
987	25905664	25907126	1462	/facechat/ev2609.scr
988	25907200	25909308	2108	/facechat/ev2610.scr
989	25909760	25909859	99	/facechat/ev2611.scr
990	25910272	25910371	99	/facechat/ev2612.scr
991	25910784	25911976	1192	/facechat/ev2701.scr
992	25912320	25913044	724	/facechat/ev2702.scr
993	25913344	25916226	2882	/facechat/ev2703.scr
994	25916416	25916977	561	/facechat/ev2704.scr
995	25917440	25919120	1680	/facechat/ev2705.scr
996	25919488	25929889	10401	/facechat/ev2706.scr
997	25930240	25933003	2763	/facechat/ev2707.scr
998	25933312	25937346	4034	/facechat/ev2708.scr
999	25937408	25938431	1023	/facechat/ev2709.scr
1000	25938432	25938928	496	/facechat/ev2710.scr
1001	25938944	25939448	504	/facechat/ev2711.scr
1002	25939456	25940027	571	/facechat/ev2712.scr
1003	25940480	25941383	903	/facechat/ev2713.scr
1004	25941504	25942933	1429	/facechat/ev2714.scr
1005	25943040	25945734	2694	/facechat/ev2801.scr
1006	25946112	25950116	4004	/facechat/ev2802.scr
1007	25950208	25951297	1089	/facechat/ev2803.scr
1008	25951744	25955841	4097	/facechat/ev2804.scr
1009	25956352	25957009	657	/facechat/ev2901.scr
1010	25957376	25959674	2298	/facechat/ev2902.scr
1011	25959936	25962966	3030	/facechat/ev2903.scr
1012	25963008	25967847	4839	/facechat/ev2904.scr
1013	25968128	25970161	2033	/facechat/ev2905.scr
1014	25970176	25977830	7654	/facechat/ev2906.scr
1015	25977856	25992145	14289	/facechat/ev2907.scr
1016	25992192	25992452	260	/facechat/ev2908.scr
1017	25992704	25996705	4001	/facechat/ev2909.scr
1018	25996800	26003310	6510	/facechat/ev3001.scr
1019	26003456	26005742	2286	/facechat/ev3002.scr
1020	26006016	26007680	1664	/facechat/ev3003.scr
1021	26008064	26014184	6120	/facechat/ev3004.scr
1022	26014208	26014407	199	/facechat/ev3005.scr
1023	26014720	26016191	1471	/facechat/ev3101.scr
1024	26016256	26017392	1136	/facechat/ev3102.scr
1025	26017792	26018490	698	/facechat/ev3103.scr
1026	26018816	26020991	2175	/facechat/ev3105.scr
1027	26021376	26022035	659	/facechat/ev3106.scr
1028	26022400	26037242	14842	/facechat/npc_a.scr
1029	26037248	26037859	611	/facechat/npc_b.scr
1030	26038272	26040014	1742	/facechat/npc_c.scr
1031	26040320	26047538	7218	/facechat/npc_d.scr
1032	26048000	26052096	4096	/facechat/npc_e.scr
1033	26052096	26058364	6268	/facechat/npc_f.scr
1034	26058752	26062713	3961	/facechat/npc_g.scr
1035	26062848	26064120	1272	/facechat/npc_h.scr
1036	26064384	26064988	604	/facechat/npc_i.scr
1037	26065408	26069092	3684	/facechat/npc_j.scr
1038	26069504	26070258	754	/facechat/npc_k.scr
1039	26070528	26074420	3892	/facechat/npc_l.scr
1040	26074624	26077176	2552	/facechat/npc_m.scr
1041	26077184	26078515	1331	/facechat/npc_n.scr
1042	26078720	26079240	520	/facechat/npc_o.scr
1043	26079744	26081686	1942	/facechat/sb01-0001.scr
1044	26081792	26082971	1179	/facechat/sb01-0002.scr
1045	26083328	26084740	1412	/facechat/sb01-0003.scr
1046	26084864	26084896	32	/facechat/sb01-0004.scr
1047	26085376	26086935	1559	/facechat/sb01-0005.scr
1048	26087424	26087464	40	/facechat/sb01-0006.scr
1049	26087936	26088994	1058	/facechat/sb01-0007.scr
1050	26089472	26090637	1165	/facechat/sb01-0008.scr
1051	26091008	26092029	1021	/facechat/sb01-0009.scr
1052	26092032	26093331	1299	/facechat/sb01-0010.scr
1053	26093568	26096548	2980	/facechat/sb01-0011.scr
1054	26096640	26098572	1932	/facechat/sb01-0012.scr
1055	26098688	26099585	897	/facechat/sb01-0013.scr
1056	26099712	26101219	1507	/facechat/sb01-0014.scr
1057	26101248	26102618	1370	/facechat/sb01-0015.scr
1058	26102784	26105338	2554	/facechat/sb01-0016.scr
1059	26105344	26106078	734	/facechat/sb01-0017.scr
1060	26106368	26107655	1287	/facechat/sb01-0018.scr
1061	26107904	26110136	2232	/facechat/sb01-0019.scr
1062	26110464	26113476	3012	/facechat/sb01-0020.scr
1063	26113536	26115136	1600	/facechat/sb01-0021.scr
1064	26115584	26116996	1412	/facechat/sb01-0022.scr
1065	26117120	26118166	1046	/facechat/sb01-0023.scr
1066	26118656	26120258	1602	/facechat/sb01-0024.scr
1067	26120704	26121840	1136	/facechat/sb01-0025.scr
1068	26122240	26123839	1599	/facechat/sb01-0027.scr
1069	26124288	26124842	554	/facechat/sb01-0028.scr
1070	26125312	26126065	753	/facechat/sb01-0029.scr
1071	26126336	26127178	842	/facechat/sb01-0030.scr
1072	26127360	26128638	1278	/facechat/sb01-0031.scr
1073	26128896	26129765	869	/facechat/sb01-0032.scr
1074	26129920	26131575	1655	/facechat/sb01-0033.scr
1075	26131968	26132917	949	/facechat/sb01-0034.scr
1076	26132992	26134052	1060	/facechat/sb01-0035.scr
1077	26134528	26135549	1021	/facechat/sb01-0036.scr
1078	26135552	26136875	1323	/facechat/sb01-0037.scr
1079	26137088	26138078	990	/facechat/sb01-0038.scr
1080	26138112	26139995	1883	/facechat/sb01-0039.scr
1081	26140160	26140192	32	/facechat/sb01-0040.scr
1082	26140672	26142884	2212	/facechat/sb01-0041.scr
1083	26143232	26144636	1404	/facechat/sb01-0042.scr
1084	26144768	26145604	836	/facechat/sb01-0043.scr
1085	26145792	26146791	999	/facechat/sb01-0044.scr
1086	26146816	26147780	964	/facechat/sb01-0045.scr
1087	26147840	26147872	32	/facechat/sb01-0046.scr
1088	26148352	26148384	32	/facechat/sb01-0047.scr
1089	26148864	26150430	1566	/facechat/sb01-0048.scr
1090	26150912	26150944	32	/facechat/sb01-0049.scr
1091	26151424	26153810	2386	/facechat/sb01-0050.scr
1092	26153984	26154777	793	/facechat/sb01-0051.scr
1093	26155008	26156647	1639	/facechat/sb01-0052.scr
1094	26157056	26157920	864	/facechat/sb01-0053.scr
1095	26158080	26159417	1337	/facechat/sb01-0054.scr
1096	26159616	26161953	2337	/facechat/sb01-0055.scr
1097	26162176	26163263	1087	/facechat/sb01-0056.scr
1098	26163712	26166086	2374	/facechat/sb01-0057.scr
1099	26166272	26167662	1390	/facechat/sb01-0058.scr
1100	26167808	26169140	1332	/facechat/sb01-0059.scr
1101	26169344	26170867	1523	/facechat/sb01-0060.scr
1102	26170880	26172920	2040	/facechat/sb01-0061.scr
1103	26172928	26172960	32	/facechat/sb01-0062.scr
1104	26173440	26174411	971	/facechat/sb01-0063.scr
1105	26174464	26175978	1514	/facechat/sb01-0064.scr
1106	26176000	26178050	2050	/facechat/sb01-0065.scr
1107	26178560	26180230	1670	/facechat/sb01-0066.scr
1108	26180608	26180640	32	/facechat/sb02-0001.scr
1109	26181120	26182806	1686	/facechat/sb02-0002.scr
1110	26183168	26184261	1093	/facechat/sb02-0003.scr
1111	26184704	26186758	2054	/facechat/sb02-0004.scr
1112	26187264	26189328	2064	/facechat/sb02-0005.scr
1113	26189824	26192237	2413	/facechat/sb02-0006.scr
1114	26192384	26193259	875	/facechat/sb02-0007.scr
1115	26193408	26194871	1463	/facechat/sb02-0008.scr
1116	26194944	26196491	1547	/facechat/sb02-0009.scr
1117	26196992	26198841	1849	/facechat/sb02-0010.scr
1118	26199040	26200575	1535	/facechat/sb02-0011.scr
1119	26200576	26202902	2326	/facechat/sb02-0012.scr
1120	26203136	26204467	1331	/facechat/sb02-0013.scr
1121	26204672	26207756	3084	/facechat/sb02-0014.scr
1122	26208256	26209564	1308	/facechat/sb02-0015.scr
1123	26209792	26211191	1399	/facechat/sb02-0016.scr
1124	26211328	26211821	493	/facechat/sb02-0017.scr
1125	26211840	26211872	32	/facechat/sb02-0018.scr
1126	26212352	26212384	32	/facechat/sb02-0019.scr
1127	26212864	26214251	1387	/facechat/sb02-0020.scr
1128	26214400	26217012	2612	/facechat/sb02-0021.scr
1129	26217472	26218298	826	/facechat/sb02-0022.scr
1130	26218496	26219475	979	/facechat/sb02-0023.scr
1131	26219520	26220933	1413	/facechat/sb02-0024.scr
1132	26221056	26222290	1234	/facechat/sb02-0025.scr
1133	26222592	26222624	32	/facechat/sb02-0026.scr
1134	26223104	26224524	1420	/facechat/sb02-0027.scr
1135	26224640	26226418	1778	/facechat/sb02-0028.scr
1136	26226688	26227728	1040	/facechat/sb02-0029.scr
1137	26228224	26229465	1241	/facechat/sb02-0030.scr
1138	26229760	26231549	1789	/facechat/sb02-0031.scr
1139	26231808	26232988	1180	/facechat/sb02-0032.scr
1140	26233344	26234830	1486	/facechat/sb02-0033.scr
1141	26234880	26236293	1413	/facechat/sb02-0034.scr
1142	26236416	26238122	1706	/facechat/sb02-0035.scr
1143	26238464	26239766	1302	/facechat/sb02-0036.scr
1144	26240000	26240032	32	/facechat/sb02-0037.scr
1145	26240512	26242437	1925	/facechat/sb02-0038.scr
1146	26242560	26243842	1282	/facechat/sb02-0039.scr
1147	26244096	26245684	1588	/facechat/sb02-0040.scr
1148	26246144	26247806	1662	/facechat/sb02-0041.scr
1149	26248192	26249132	940	/facechat/sb02-0042.scr
1150	26249216	26250754	1538	/facechat/sb02-0043.scr
1151	26251264	26252492	1228	/facechat/sb02-0044.scr
1152	26252800	26254178	1378	/facechat/sb02-0045.scr
1153	26254336	26254709	373	/facechat/sb04-0001.scr
1154	26254848	26256302	1454	/facechat/sb04-0002.scr
1155	26256384	26257790	1406	/facechat/sb04-0003.scr
1156	26257920	26259287	1367	/facechat/sb04-0004.scr
1157	26259456	26260862	1406	/facechat/sb04-0005.scr
1158	26260992	26263586	2594	/facechat/sb04-0006.scr
1159	26264064	26264096	32	/facechat/sb04-0007.scr
1160	26264576	26265711	1135	/facechat/sb04-0008.scr
1161	26266112	26267511	1399	/facechat/sb04-0009.scr
1162	26267648	26269547	1899	/facechat/sb04-0010.scr
1163	26269696	26270305	609	/facechat/sb04-0011.scr
1164	26270720	26271558	838	/facechat/sb04-0012.scr
1165	26271744	26273418	1674	/facechat/sb04-0013.scr
1166	26273792	26274627	835	/facechat/sb04-0014.scr
1167	26274816	26277197	2381	/facechat/sb04-0015.scr
1168	26277376	26278213	837	/facechat/sb04-0016.scr
1169	26278400	26279954	1554	/facechat/sb04-0017.scr
1170	26280448	26281168	720	/facechat/sb04-0018.scr
1171	26281472	26283134	1662	/facechat/sb04-0019.scr
1172	26283520	26284357	837	/facechat/sb04-0020.scr
1173	26284544	26285062	518	/facechat/sb04-0021.scr
1174	26285568	26286261	693	/facechat/sb04-0022.scr
1175	26286592	26287458	866	/facechat/sb04-0023.scr
1176	26287616	26289108	1492	/facechat/sb04-0024.scr
1177	26289152	26289800	648	/facechat/sb04-0025.scr
1178	26290176	26290926	750	/facechat/sb04-0026.scr
1179	26291200	26293066	1866	/facechat/sb04-0027.scr
1180	26293248	26294870	1622	/facechat/sb04-0028.scr
1181	26295296	26296245	949	/facechat/sb04-0029.scr
1182	26296320	26298072	1752	/facechat/sb04-0030.scr
1183	26298368	26299002	634	/facechat/sb04-0031.scr
1184	26299392	26299976	584	/facechat/sb04-0032.scr
1185	26300416	26301194	778	/facechat/sb04-0033.scr
1186	26301440	26303870	2430	/facechat/sb04-0034.scr
1187	26304000	26304589	589	/facechat/sb04-0035.scr
1188	26305024	26306816	1792	/facechat/sb04-0036.scr
1189	26307072	26308805	1733	/facechat/sb04-0037.scr
1190	26309120	26310942	1822	/facechat/sb04-0038.scr
1191	26311168	26312457	1289	/facechat/sb04-0039.scr
1192	26312704	26314506	1802	/facechat/sb04-0040.scr
1193	26314752	26315743	991	/facechat/sb04-0041.scr
1194	26315776	26315808	32	/facechat/sb04-0042.scr
1195	26316288	26318341	2053	/facechat/sb04-0043.scr
1196	26318848	26318880	32	/facechat/sb04-0044.scr
1197	26319360	26321106	1746	/facechat/sb04-0045.scr
1198	26321408	26323236	1828	/facechat/sb04-0046.scr
1199	26323456	26326352	2896	/facechat/sb04-0047.scr
1200	26326528	26327568	1040	/facechat/sb04-0048.scr
1201	26328064	26328567	503	/facechat/sb04-0049.scr
1202	26328576	26330145	1569	/facechat/sb04-0050.scr
1203	26330624	26331716	1092	/facechat/sb04-0051.scr
1204	26332160	26333058	898	/facechat/sb04-0052.scr
1205	26333184	26334140	956	/facechat/sb04-0053.scr
1206	26334208	26336326	2118	/facechat/sb04-0054.scr
1207	26336768	26338094	1326	/facechat/sb04-0055.scr
1208	26338304	26340539	2235	/facechat/sb04-0056.scr
1209	26340864	26340896	32	/facechat/sb04-0057.scr
1210	26341376	26343465	2089	/facechat/sb04-0058.scr
1211	26343936	26344203	267	/facechat/sb04-0059.scr
1212	26344448	26345116	668	/facechat/sb04-0060.scr
1213	26345472	26346873	1401	/facechat/sb04-0061.scr
1214	26347008	26348635	1627	/facechat/sb04-0062.scr
1215	26349056	26349954	898	/facechat/sb04-0063.scr
1216	26350080	26352102	2022	/facechat/sb04-0064.scr
1217	26352128	26355161	3033	/facechat/sb04-0065.scr
1218	26355200	26356296	1096	/facechat/sb04-0066.scr
1219	26356736	26357221	485	/facechat/sb04-0067.scr
1220	26357248	26358097	849	/facechat/sb04-0068.scr
1221	26358272	26359239	967	/facechat/sb04-0069.scr
1222	26359296	26361017	1721	/facechat/sb04-0070.scr
1223	26361344	26362218	874	/facechat/sb04-0071.scr
1224	26362368	26363851	1483	/facechat/sb04-0072.scr
1225	26363904	26364930	1026	/facechat/sb04-0073.scr
1226	26365440	26367744	2304	/facechat/sb04-0074.scr
1227	26368000	26369837	1837	/facechat/sb04-0075.scr
1228	26370048	26370700	652	/facechat/sb04-0076.scr
1229	26371072	26375422	4350	/facechat/sb04-0077.scr
1230	26375680	26376761	1081	/facechat/sb04-0078.scr
1231	26377216	26379906	2690	/facechat/sb04-0079.scr
1232	26380288	26383133	2845	/facechat/sb04-0080.scr
1233	26383360	26384263	903	/facechat/sb04-0081.scr
1234	26384384	26385551	1167	/facechat/sb04-0082.scr
1235	26385920	26387967	2047	/facechat/sb04-0083.scr
1236	26387968	26389318	1350	/facechat/sb04-0084.scr
1237	26389504	26391310	1806	/facechat/sb04-0085.scr
1238	26391552	26392253	701	/facechat/sb04-0086.scr
1239	26392576	26394046	1470	/facechat/sb04-0087.scr
1240	26394112	26396762	2650	/facechat/sb04-0088.scr
1241	26397184	26398528	1344	/facechat/sb04-0089.scr
1242	26398720	26399704	984	/facechat/sb04-0090.scr
1243	26399744	26402119	2375	/facechat/sb04-0091.scr
1244	26402304	26402336	32	/facechat/sb04-0092.scr
1245	26402816	26403766	950	/facechat/sb04-0093.scr
1246	26403840	26404619	779	/facechat/sb04-0094.scr
1247	26404864	26406030	1166	/facechat/sb04-0095.scr
1248	26406400	26406432	32	/facechat/sb04-0096.scr
1249	26406912	26408833	1921	/facechat/sb04-0097.scr
1250	26408960	26409886	926	/facechat/sb04-0098.scr
1251	26409984	26411208	1224	/facechat/sb04-0099.scr
1252	26411520	26414004	2484	/facechat/sb04-0100.scr
1253	26414080	26414531	451	/facechat/sb04-0101.scr
1254	26414592	26416371	1779	/facechat/sb04-0102.scr
1255	26416640	26418125	1485	/facechat/sb04-0103.scr
1256	26418176	26419568	1392	/facechat/sb04-0104.scr
1257	26419712	26420550	838	/facechat/sb04-0105.scr
1258	26420736	26421628	892	/facechat/sb04-0106.scr
1259	26421760	26423600	1840	/facechat/sb04-0107.scr
1260	26423808	26425800	1992	/facechat/sb04-0108.scr
1261	26425856	26427218	1362	/facechat/sb04-0109.scr
1262	26427392	26428232	840	/facechat/sb04-0110.scr
1263	26428416	26429779	1363	/facechat/sb04-0111.scr
1264	26429952	26430820	868	/facechat/sb04-0112.scr
1265	26430976	26433321	2345	/facechat/sb04-0113.scr
1266	26433536	26434210	674	/facechat/sb04-0114.scr
1267	26434560	26435677	1117	/facechat/sb04-0115.scr
1268	26436096	26437150	1054	/facechat/sb04-0116.scr
1269	26437632	26440720	3088	/facechat/sb04-0117.scr
1270	26441216	26443379	2163	/facechat/sb04-0118.scr
1271	26443776	26445626	1850	/facechat/sb04-0119.scr
1272	26445824	26447538	1714	/facechat/sb04-0120.scr
1273	26447872	26448945	1073	/facechat/sb04-0121.scr
1274	26449408	26449440	32	/facechat/sb04-0122.scr
1275	26449920	26451056	1136	/facechat/sb04-0123.scr
1276	26451456	26452954	1498	/facechat/sb04-0124.scr
1277	26452992	26454062	1070	/facechat/sb04-0125.scr
1278	26454528	26456141	1613	/facechat/sb04-0126.scr
1279	26456576	26457916	1340	/facechat/sb04-0127.scr
1280	26458112	26458144	32	/facechat/sb04-0128.scr
1281	26458624	26459323	699	/facechat/sb04-0129.scr
1282	26459648	26460556	908	/facechat/sb04-0130.scr
1283	26460672	26461437	765	/facechat/sb04-0131.scr
1284	26461696	26462911	1215	/facechat/sb04-0132.scr
1285	26463232	26463264	32	/facechat/sb04-0133.scr
1286	26463744	26465628	1884	/facechat/sb04-0134.scr
1287	26465792	26467452	1660	/facechat/sb04-0135.scr
1288	26467840	26468792	952	/facechat/sb04-0136.scr
1289	26468864	26470012	1148	/facechat/sb04-0137.scr
1290	26470400	26471279	879	/facechat/sb04-0138.scr
1291	26471424	26472341	917	/facechat/sb04-0139.scr
1292	26472448	26472480	32	/facechat/sb04-0140.scr
1293	26472960	26474213	1253	/facechat/sb04-0141.scr
1294	26474496	26475031	535	/facechat/sb04-0142.scr
1295	26475520	26476474	954	/facechat/sb04-0143.scr
1296	26476544	26478041	1497	/facechat/sb04-0144.scr
1297	26478080	26479809	1729	/facechat/sb04-0145.scr
1298	26480128	26481676	1548	/facechat/sb04-0146.scr
1299	26482176	26483709	1533	/facechat/sb04-0147.scr
1300	26483712	26485018	1306	/facechat/sb04-0148.scr
1301	26485248	26485417	169	/facechat/sb04-0149.scr
1302	26485760	26485962	202	/facechat/sb04-0150.scr
1303	26486272	26487457	1185	/facechat/sb04-0151.scr
1304	26487808	26488807	999	/facechat/sb04-0152.scr
1305	26488832	26489221	389	/facechat/sb04-0153.scr
1306	26489344	26489534	190	/facechat/sb04-0154.scr
1307	26489856	26490092	236	/facechat/sb04-0155.scr
1308	26490368	26490598	230	/facechat/sb04-0156.scr
1309	26490880	26491118	238	/facechat/sb04-0157.scr
1310	26491392	26491859	467	/facechat/sb04-0158.scr
1311	26491904	26492695	791	/facechat/sb04-0159.scr
1312	26492928	26493444	516	/facechat/sb04-0160.scr
1313	26493952	26494229	277	/facechat/sb04-0161.scr
1314	26494464	26495496	1032	/facechat/sb05-0001.scr
1315	26496000	26497787	1787	/facechat/sb05-0002.scr
1316	26498048	26499092	1044	/facechat/sb05-0003.scr
1317	26499584	26501354	1770	/facechat/sb05-0004.scr
1318	26501632	26502911	1279	/facechat/sb05-0005.scr
1319	26503168	26505506	2338	/facechat/sb05-0006.scr
1320	26505728	26506777	1049	/facechat/sb05-0007.scr
1321	26507264	26508153	889	/facechat/sb05-0008.scr
1322	26508288	26509360	1072	/facechat/sb05-0009.scr
1323	26509824	26510655	831	/facechat/sb05-0010.scr
1324	26510848	26512199	1351	/facechat/sb05-0011.scr
1325	26512384	26513120	736	/facechat/sb05-0012.scr
1326	26513408	26514110	702	/facechat/sb05-0013.scr
1327	26514432	26516093	1661	/facechat/sb05-0014.scr
1328	26516480	26518661	2181	/facechat/sb05-0015.scr
1329	26519040	26519733	693	/facechat/sb05-0016.scr
1330	26520064	26521135	1071	/facechat/sb05-0017.scr
1331	26521600	26523528	1928	/facechat/sb05-0018.scr
1332	26523648	26525719	2071	/facechat/sb05-0019.scr
1333	26526208	26528143	1935	/facechat/sb05-0020.scr
1334	26528256	26529529	1273	/facechat/sb05-0021.scr
1335	26529792	26530456	664	/facechat/sb05-0022.scr
1336	26530816	26532639	1823	/facechat/sb05-0023.scr
1337	26532864	26534858	1994	/facechat/sb05-0024.scr
1338	26534912	26536091	1179	/facechat/sb05-0025.scr
1339	26536448	26538015	1567	/facechat/sb05-0026.scr
1340	26538496	26539807	1311	/facechat/sb05-0027.scr
1341	26540032	26541694	1662	/facechat/sb05-0028.scr
1342	26542080	26543584	1504	/facechat/sb05-0029.scr
1343	26543616	26545275	1659	/facechat/sb05-0030.scr
1344	26545664	26546825	1161	/facechat/sb05-0031.scr
1345	26547200	26548139	939	/facechat/sb05-0032.scr
1346	26548224	26549683	1459	/facechat/sb05-0033.scr
1347	26549760	26550861	1101	/facechat/sb05-0034.scr
1348	26551296	26552278	982	/facechat/sb05-0035.scr
1349	26552320	26552833	513	/facechat/sb05-0036.scr
1350	26553344	26554878	1534	/facechat/sb05-0037.scr
1351	26554880	26556007	1127	/facechat/sb05-0038.scr
1352	26556416	26557914	1498	/facechat/sb05-0039.scr
1353	26557952	26559326	1374	/facechat/sb05-0040.scr
1354	26559488	26560404	916	/facechat/sb05-0041.scr
1355	26560512	26561637	1125	/facechat/sb05-0042.scr
1356	26562048	26563467	1419	/facechat/sb05-0043.scr
1357	26563584	26564621	1037	/facechat/sb05-0044.scr
1358	26565120	26566113	993	/facechat/sb05-0045.scr
1359	26566144	26567856	1712	/facechat/sb05-0046.scr
1360	26568192	26569986	1794	/facechat/sb05-0047.scr
1361	26570240	26571473	1233	/facechat/sb05-0048.scr
1362	26571776	26573217	1441	/facechat/sb05-0049.scr
1363	26573312	26575396	2084	/facechat/sb05-0050.scr
1364	26575872	26577502	1630	/facechat/sb05-0051.scr
1365	26577920	26579697	1777	/facechat/sb05-0052.scr
1366	26579968	26582158	2190	/facechat/sb05-0053.scr
1367	26582528	26583872	1344	/facechat/sb05-0054.scr
1368	26584064	26585657	1593	/facechat/sb05-0055.scr
1369	26586112	26587250	1138	/facechat/sb05-0056.scr
1370	26587648	26589324	1676	/facechat/sb05-0057.scr
1371	26589696	26592135	2439	/facechat/sb05-0058.scr
1372	26592256	26593814	1558	/facechat/sb05-0059.scr
1373	26594304	26595266	962	/facechat/sb05-0060.scr
1374	26595328	26596746	1418	/facechat/sb05-0061.scr
1375	26596864	26598071	1207	/facechat/sb05-0062.scr
1376	26598400	26599359	959	/facechat/sb05-0063.scr
1377	26599424	26601379	1955	/facechat/sb05-0064.scr
1378	26601472	26603286	1814	/facechat/sb05-0065.scr
1379	26603520	26604537	1017	/facechat/sb05-0066.scr
1380	26604544	26605870	1326	/facechat/sb05-0067.scr
1381	26606080	26607923	1843	/facechat/sb05-0068.scr
1382	26608128	26609486	1358	/facechat/sb05-0069.scr
1383	26609664	26611199	1535	/facechat/sb05-0070.scr
1384	26611200	26612961	1761	/facechat/sb05-0071.scr
1385	26613248	26614611	1363	/facechat/sb05-0072.scr
1386	26614784	26616362	1578	/facechat/sb05-0073.scr
1387	26616832	26618149	1317	/facechat/sb05-0074.scr
1388	26618368	26619477	1109	/facechat/sb05-0075.scr
1389	26619904	26622042	2138	/facechat/sb05-0076.scr
1390	26622464	26624489	2025	/facechat/sb05-0077.scr
1391	26624512	26626096	1584	/facechat/sb05-0078.scr
1392	26626560	26627577	1017	/facechat/sb05-0079.scr
1393	26627584	26629092	1508	/facechat/sb05-0080.scr
1394	26629120	26630782	1662	/facechat/sb05-0081.scr
1395	26631168	26633045	1877	/facechat/sb05-0082.scr
1396	26633216	26635132	1916	/facechat/sb05-0083.scr
1397	26635264	26636458	1194	/facechat/sb05-0084.scr
1398	26636800	26638437	1637	/facechat/sb05-0085.scr
1399	26638848	26640520	1672	/facechat/sb05-0086.scr
1400	26640896	26641634	738	/facechat/sb05-0087.scr
1401	26641920	26644389	2469	/facechat/sb05-0088.scr
1402	26644480	26645894	1414	/facechat/sb05-0089.scr
1403	26646016	26647621	1605	/facechat/sb05-0090.scr
1404	26648064	26649422	1358	/facechat/sb05-0091.scr
1405	26649600	26651275	1675	/facechat/sb05-0092.scr
1406	26651648	26653147	1499	/facechat/sb05-0093.scr
1407	26653184	26654680	1496	/facechat/sb05-0094.scr
1408	26654720	26656548	1828	/facechat/sb05-0095.scr
1409	26656768	26659515	2747	/facechat/sb05-0096.scr
1410	26659840	26661783	1943	/facechat/sb05-0097.scr
1411	26661888	26663459	1571	/facechat/sb05-0098.scr
1412	26663936	26666598	2662	/facechat/sb05-0099.scr
1413	26667008	26668659	1651	/facechat/sb05-0100.scr
1414	26669056	26671210	2154	/facechat/sb05-0101.scr
1415	26671616	26673200	1584	/facechat/sb05-0102.scr
1416	26673664	26675114	1450	/facechat/sb05-0103.scr
1417	26675200	26676154	954	/facechat/sb05-0104.scr
1418	26676224	26678074	1850	/facechat/sb05-0105.scr
1419	26678272	26679903	1631	/facechat/sb05-0106.scr
1420	26680320	26681906	1586	/facechat/sb05-0107.scr
1421	26682368	26684896	2528	/facechat/sb05-0108.scr
1422	26684928	26685693	765	/facechat/sb06-0001.scr
1423	26685952	26686755	803	/facechat/sb06-0002.scr
1424	26686976	26687825	849	/facechat/sb06-0003.scr
1425	26688000	26688528	528	/facechat/sb06-0004.scr
1426	26689024	26689865	841	/facechat/sb06-0005.scr
1427	26690048	26690786	738	/facechat/sb06-0006.scr
1428	26691072	26691975	903	/facechat/sb06-0007.scr
1429	26692096	26692713	617	/facechat/sb06-0008.scr
1430	26693120	26694108	988	/facechat/sb06-0009.scr
1431	26694144	26694695	551	/facechat/sb06-0010.scr
1432	26695168	26695961	793	/facechat/sb06-0011.scr
1433	26696192	26696721	529	/facechat/sb06-0012.scr
1434	26697216	26697894	678	/facechat/sb06-0013.scr
1435	26698240	26698984	744	/facechat/sb06-0014.scr
1436	26699264	26700035	771	/facechat/sb06-0015.scr
1437	26700288	26701265	977	/facechat/sb06-0016.scr
1438	26701312	26701914	602	/facechat/sb06-0017.scr
1439	26702336	26703246	910	/facechat/sb06-0018.scr
1440	26703360	26704108	748	/facechat/sb06-0019.scr
1441	26704384	26705274	890	/facechat/sb06-0020.scr
1442	26705408	26706534	1126	/facechat/sb06-0021.scr
1443	26706944	26707747	803	/facechat/sb06-0022.scr
1444	26707968	26708823	855	/facechat/sb06-0023.scr
1445	26708992	26709788	796	/facechat/sb06-0024.scr
1446	26710016	26710961	945	/facechat/sb06-0025.scr
1447	26711040	26711521	481	/facechat/sb06-0026.scr
1448	26711552	26712218	666	/facechat/sb06-0027.scr
1449	26712576	26713315	739	/facechat/sb06-0028.scr
1450	26713600	26714449	849	/facechat/sb06-0029.scr
1451	26714624	26715705	1081	/facechat/sb06-0030.scr
1452	26716160	26717002	842	/facechat/sb06-0031.scr
1453	26717184	26718327	1143	/facechat/sb06-0032.scr
1454	26718720	26720130	1410	/facechat/sb06-0033.scr
1455	26720256	26720833	577	/facechat/sb06-0034.scr
1456	26721280	26722212	932	/facechat/sb06-0035.scr
1457	26722304	26723092	788	/facechat/sb06-0036.scr
1458	26723328	26723907	579	/facechat/sb06-0037.scr
1459	26724352	26725174	822	/facechat/sb06-0038.scr
1460	26725376	26726547	1171	/facechat/sb06-0039.scr
1461	26726912	26727927	1015	/facechat/sb06-0040.scr
1462	26727936	26729288	1352	/facechat/sb06-0041.scr
1463	26729472	26730221	749	/facechat/sb06-0042.scr
1464	26730496	26731626	1130	/facechat/sb06-0043.scr
1465	26732032	26733341	1309	/facechat/sb06-0044.scr
1466	26733568	26735013	1445	/facechat/sb06-0045.scr
1467	26735104	26736397	1293	/facechat/sb06-0046.scr
1468	26736640	26737678	1038	/facechat/sb06-0047.scr
1469	26738176	26739562	1386	/facechat/sb06-0048.scr
1470	26739712	26740888	1176	/facechat/sb06-0049.scr
1471	26741248	26742418	1170	/facechat/sb06-0050.scr
1472	26742784	26743610	826	/facechat/sb06-0051.scr
1473	26743808	26745315	1507	/facechat/sb06-0052.scr
1474	26745344	26746179	835	/facechat/sb06-0053.scr
1475	26746368	26752381	6013	/facechat/sb07-0001.scr
1476	26752512	26754426	1914	/facechat/sb07-0002.scr
1477	26754560	26756143	1583	/facechat/sb07-0003.scr
1478	26756608	26757952	1344	/facechat/sb07-0004.scr
1479	26758144	26762927	4783	/facechat/sb07-0005.scr
1480	26763264	26767376	4112	/facechat/sb07-0006.scr
1481	26767872	26769049	1177	/facechat/sb07-0007.scr
1482	26769408	26769826	418	/facechat/sb07-0008.scr
1483	26769920	26773583	3663	/facechat/sb07-0009.scr
1484	26774016	26775268	1252	/facechat/sb07-0010.scr
1485	26775552	26776289	737	/facechat/sb07-0011.scr
1486	26776576	26781087	4511	/facechat/sb07-0012.scr
1487	26781184	26782239	1055	/facechat/sb07-0013.scr
1488	26782720	26784970	2250	/facechat/sb07-0014.scr
1489	26785280	26790849	5569	/facechat/sb07-0015.scr
1490	26790912	26792282	1370	/facechat/sb07-0016.scr
1491	26792448	26794476	2028	/facechat/sb07-0017.scr
1492	26794496	26798119	3623	/facechat/sb07-0018.scr
1493	26798592	26799861	1269	/facechat/sb07-0019.scr
1494	26800128	26802328	2200	/facechat/sb07-0020.scr
1495	26802688	26804892	2204	/facechat/sb07-0021.scr
1496	26805248	26808255	3007	/facechat/sb07-0022.scr
1497	26808320	26812125	3805	/facechat/sb07-0023.scr
1498	26812416	26813912	1496	/facechat/sb07-0024.scr
1499	26813952	26815849	1897	/facechat/sb08-0001.scr
1500	26816000	26817703	1703	/facechat/sb08-0002.scr
1501	26818048	26820403	2355	/facechat/sb08-0003.scr
1502	26820608	26821794	1186	/facechat/sb08-0004.scr
1503	26822144	26824085	1941	/facechat/sb08-0005.scr
1504	26824192	26826436	2244	/facechat/sb08-0006.scr
1505	26826752	26828444	1692	/facechat/sb08-0007.scr
1506	26828800	26830705	1905	/facechat/sb08-0008.scr
1507	26830848	26832992	2144	/facechat/sb08-0009.scr
1508	26833408	26836039	2631	/facechat/sb08-0010.scr
1509	26836480	26837342	862	/facechat/sb08-0011.scr
1510	26837504	26839017	1513	/facechat/sb08-0012.scr
1511	26839040	26839855	815	/facechat/sb08-0013.scr
1512	26840064	26841491	1427	/facechat/sb08-0014.scr
1513	26841600	26842968	1368	/facechat/sb08-0015.scr
1514	26843136	26844832	1696	/facechat/sb08-0016.scr
1515	26845184	26847486	2302	/facechat/sb08-0017.scr
1516	26847744	26849162	1418	/facechat/sb08-0018.scr
1517	26849280	26850617	1337	/facechat/sb08-0019.scr
1518	26850816	26851465	649	/facechat/sb08-0020.scr
1519	26851840	26853306	1466	/facechat/sb08-0021.scr
1520	26853376	26853747	371	/facechat/sb08-0022.scr
1521	26853888	26855133	1245	/facechat/sb08-0023.scr
1522	26855424	26856772	1348	/facechat/sb08-0024.scr
1523	26856960	26857385	425	/facechat/sb08-0025.scr
1524	26857472	26857810	338	/facechat/sb08-0026.scr
1525	26857984	26859181	1197	/facechat/sb09-0001.scr
1526	26859520	26860619	1099	/facechat/sb09-0002.scr
1527	26861056	26862283	1227	/facechat/sb09-0003.scr
1528	26862592	26863787	1195	/facechat/sb09-0004.scr
1529	26864128	26864983	855	/facechat/sb09-0005.scr
1530	26865152	26865460	308	/facechat/sb09-0006.scr
1531	26865664	26866513	849	/facechat/sb09-0007.scr
1532	26866688	26867340	652	/facechat/sb09-0008.scr
1533	26867712	26868585	873	/facechat/sb09-0009.scr
1534	26868736	26869423	687	/facechat/sb09-0010.scr
1535	26869760	26876217	6457	/facechat/sb09-0011.scr
1536	26876416	26877440	1024	/facechat/skit.nbfc
1537	26877440	26877952	512	/facechat/skit.nbfp
1538	26877952	26877984	32	/facechat/skit.nbfs
1539	26878464	26890944	12480	/facedata/EB.bin
1540	26891264	26908176	16912	/facedata/face00_1.fdt
1541	26908672	26925584	16912	/facedata/face01_1.fdt
1542	26926080	26942992	16912	/facedata/face01_2.fdt
1543	26943488	26960400	16912	/facedata/face01_3.fdt
1544	26960896	26977808	16912	/facedata/face01_4.fdt
1545	26978304	26995216	16912	/facedata/face01_5.fdt
1546	26995712	27012624	16912	/facedata/face01_6.fdt
1547	27013120	27030032	16912	/facedata/face02_1.fdt
1548	27030528	27047440	16912	/facedata/face02_2.fdt
1549	27047936	27064848	16912	/facedata/face02_3.fdt
1550	27065344	27082256	16912	/facedata/face02_4.fdt
1551	27082752	27099664	16912	/facedata/face02_5.fdt
1552	27100160	27117072	16912	/facedata/face02_6.fdt
1553	27117568	27134480	16912	/facedata/face03_1.fdt
1554	27134976	27151888	16912	/facedata/face03_2.fdt
1555	27152384	27169296	16912	/facedata/face03_3.fdt
1556	27169792	27186704	16912	/facedata/face03_4.fdt
1557	27187200	27204112	16912	/facedata/face03_5.fdt
1558	27204608	27221520	16912	/facedata/face03_6.fdt
1559	27222016	27238928	16912	/facedata/face04_1.fdt
1560	27239424	27256336	16912	/facedata/face04_2.fdt
1561	27256832	27273744	16912	/facedata/face04_3.fdt
1562	27274240	27291152	16912	/facedata/face04_4.fdt
1563	27291648	27308560	16912	/facedata/face04_5.fdt
1564	27309056	27325968	16912	/facedata/face04_6.fdt
1565	27326464	27343376	16912	/facedata/face05_1.fdt
1566	27343872	27360784	16912	/facedata/face05_2.fdt
1567	27361280	27378192	16912	/facedata/face05_3.fdt
1568	27378688	27395600	16912	/facedata/face05_4.fdt
1569	27396096	27413008	16912	/facedata/face05_5.fdt
1570	27413504	27430416	16912	/facedata/face05_6.fdt
1571	27430912	27447824	16912	/facedata/face06_1.fdt
1572	27448320	27465232	16912	/facedata/face06_2.fdt
1573	27465728	27482640	16912	/facedata/face06_3.fdt
1574	27483136	27500048	16912	/facedata/face06_4.fdt
1575	27500544	27517456	16912	/facedata/face06_5.fdt
1576	27517952	27534864	16912	/facedata/face06_6.fdt
1577	27535360	27552272	16912	/facedata/face07_1.fdt
1578	27552768	27569680	16912	/facedata/face07_2.fdt
1579	27570176	27587088	16912	/facedata/face07_3.fdt
1580	27587584	27604496	16912	/facedata/face07_4.fdt
1581	27604992	27621904	16912	/facedata/face07_5.fdt
1582	27622400	27639312	16912	/facedata/face08_1.fdt
1583	27639808	27656720	16912	/facedata/face08_3.fdt
1584	27657216	27674128	16912	/facedata/face08_5.fdt
1585	27674624	27691536	16912	/facedata/face09_1.fdt
1586	27692032	27708944	16912	/facedata/face09_3.fdt
1587	27709440	27726352	16912	/facedata/face09_4.fdt
1588	27726848	27743760	16912	/facedata/face10_1.fdt
1589	27744256	27761168	16912	/facedata/face10_2.fdt
1590	27761664	27778576	16912	/facedata/face10_3.fdt
1591	27779072	27795984	16912	/facedata/face10_5.fdt
1592	27796480	27813392	16912	/facedata/face11_1.fdt
1593	27813888	27830800	16912	/facedata/face11_3.fdt
1594	27831296	27848208	16912	/facedata/face11_4.fdt
1595	27848704	27865616	16912	/facedata/face12_1.fdt
1596	27866112	27883024	16912	/facedata/face13_1.fdt
1597	27883520	27900432	16912	/facedata/face13_4.fdt
1598	27900928	27917840	16912	/facedata/face14_1.fdt
1599	27918336	27935248	16912	/facedata/face14_3.fdt
1600	27935744	27952656	16912	/facedata/face15_1.fdt
1601	27953152	27970064	16912	/facedata/face15_6.fdt
1602	27970560	27987472	16912	/facedata/face16_1.fdt
1603	27987968	28004880	16912	/facedata/face18_1.fdt
1604	28005376	28022288	16912	/facedata/face18_5.fdt
1605	28022784	28039696	16912	/facedata/face18_6.fdt
1606	28040192	28057104	16912	/facedata/face20_1.fdt
1607	28057600	28074512	16912	/facedata/face22_1.fdt
1608	28075008	28091920	16912	/facedata/face22_3.fdt
1609	28092416	28109328	16912	/facedata/face22_5.fdt
1610	28109824	28126736	16912	/facedata/face51_1.fdt
1611	28127232	28144144	16912	/facedata/face51_2.fdt
1612	28144640	28161552	16912	/facedata/face51_3.fdt
1613	28162048	28178960	16912	/facedata/face51_4.fdt
1614	28179456	28196368	16912	/facedata/face51_5.fdt
1615	28196864	28213776	16912	/facedata/face51_6.fdt
1616	28214272	28218544	4272	/facedata/guide.bin
1617	28218880	28221624	2744	/facedata/name_d_1.bin
1618	28221952	28223928	1976	/facedata/name_d_10.bin
1619	28224000	28226488	2488	/facedata/name_d_11.bin
1620	28226560	28228020	1460	/facedata/name_d_12.bin
1621	28228096	28229812	1716	/facedata/name_d_13.bin
1622	28230144	28232120	1976	/facedata/name_d_2.bin
1623	28232192	28234420	2228	/facedata/name_d_3.bin
1624	28234752	28237240	2488	/facedata/name_d_4.bin
1625	28237312	28239540	2228	/facedata/name_d_5.bin
1626	28239872	28241848	1976	/facedata/name_d_6.bin
1627	28241920	28244924	3004	/facedata/name_d_7.bin
1628	28244992	28247736	2744	/facedata/name_d_8.bin
1629	28248064	28250040	1976	/facedata/name_d_9.bin
1630	28250112	28263268	13156	/facedata/name_g.bin
1631	28263424	28266680	3256	/facedata/name_g_1.bin
1632	28267008	28270264	3256	/facedata/name_g_2.bin
1633	28270592	28273848	3256	/facedata/name_g_3.bin
1634	28274176	28277432	3256	/facedata/name_g_4.bin
1635	28277760	28281016	3256	/facedata/name_g_5.bin
1636	28281344	28284600	3256	/facedata/name_g_6.bin
1637	28284928	28288184	3256	/facedata/name_g_7.bin
1638	28288512	28292284	3772	/facedata/name_g_8.bin
1639	28292608	28294704	2096	/facedata/name_t_1.bin
1640	28295168	28297264	2096	/facedata/name_t_2.bin
1641	28297728	28300084	2356	/facedata/name_t_3.bin
1642	28300288	28302384	2096	/facedata/name_t_4.bin
1643	28302848	28305204	2356	/facedata/name_t_5.bin
1644	28305408	28307504	2096	/facedata/name_t_6.bin
1645	28307968	28310580	2612	/facedata/name_t_7.bin
1646	28311040	28313136	2096	/facedata/name_t_8.bin
1647	28313600	28315184	1584	/facedata/name_t_9.bin
1648	28315648	28316080	432	/facedata/skit16.bin
1649	28316160	28324540	8380	/facedata/town01.bin
1650	28324864	28324892	28	/field/e000t000.dat
1651	28325376	28325592	216	/field/e002t000.dat
1652	28325888	28325928	40	/field/e003t000.dat
1653	28326400	28326440	40	/field/e004t000.dat
1654	28326912	28326952	40	/field/e006t000.dat
1655	28327424	28327480	56	/field/e007t000.dat
1656	28327936	28327976	40	/field/e008t000.dat
1657	28328448	28328488	40	/field/e009t000.dat
1658	28328960	28329032	72	/field/e010t000.dat
1659	28329472	28329528	56	/field/e011t000.dat
1660	28329984	28330040	56	/field/e012t000.dat
1661	28330496	28330680	184	/field/e013t000.dat
1662	28331008	28331032	24	/field/e014t000.dat
1663	28331520	28331544	24	/field/e016t000.dat
1664	28332032	28332056	24	/field/e017t000.dat
1665	28332544	28332584	40	/field/e018t000.dat
1666	28333056	28333080	24	/field/e019t000.dat
1667	28333568	28333800	232	/field/e022t000.dat
1668	28334080	28334104	24	/field/e023t000.dat
1669	28334592	28334632	40	/field/e024t000.dat
1670	28335104	28335160	56	/field/e025t000.dat
1671	28335616	28335656	40	/field/e026t000.dat
1672	28336128	28336312	184	/field/e028t000.dat
1673	28336640	28336680	40	/field/e029t000.dat
1674	28337152	28337192	40	/field/e030t000.dat
1675	28337664	28337704	40	/field/e031t000.dat
1676	28338176	28338216	40	/field/e032t000.dat
1677	28338688	28338840	152	/field/e034t000.dat
1678	28339200	28339240	40	/field/e035t000.dat
1679	28339712	28339752	40	/field/e036t000.dat
1680	28340224	28340264	40	/field/e037t000.dat
1681	28340736	28340792	56	/field/e038t000.dat
1682	28341248	28341352	104	/field/e040t000.dat
1683	28341760	28341864	104	/field/e042t000.dat
1684	28342272	28342424	152	/field/e043t000.dat
1685	28342784	28342824	40	/field/e044t000.dat
1686	28343296	28343336	40	/field/e045t000.dat
1687	28343808	28343848	40	/field/e046t000.dat
1688	28344320	28344360	40	/field/e047t000.dat
1689	28344832	28345048	216	/field/e050t000.dat
1690	28345344	28345368	24	/field/e051t000.dat
1691	28345856	28345880	24	/field/e052t000.dat
1692	28346368	28346408	40	/field/e053t000.dat
1693	28346880	28346920	40	/field/e054t000.dat
1694	28347392	28347544	152	/field/e059t000.dat
1695	28347904	28347960	56	/field/e060t000.dat
1696	28348416	28348440	24	/field/e115t000.dat
1697	28348928	28348968	40	/field/e131t000.dat
1698	28349440	28349496	56	/field/e141t000.dat
1699	28349952	28350008	56	/field/e155t000.dat
1700	28350464	28350520	56	/field/e156t000.dat
1701	28350976	28351064	88	/field/e163t000.dat
1702	28351488	28715507	364019	/field/f002.bin
1703	28715520	28778620	63100	/field/f003.bin
1704	28779008	28818084	39076	/field/f004.bin
1705	28818432	28864546	46114	/field/f005.bin
1706	28865024	28919037	54013	/field/f006.bin
1707	28919296	28969752	50456	/field/f007.bin
1708	28969984	29032962	62978	/field/f008.bin
1709	29033472	29085958	52486	/field/f009.bin
1710	29086208	29190903	104695	/field/f010.bin
1711	29191168	29455126	263958	/field/f011.bin
1712	29455360	29566639	111279	/field/f012.bin
1713	29566976	29887007	320031	/field/f013.bin
1714	29887488	29944792	57304	/field/f014.bin
1715	29944832	30014369	69537	/field/f015.bin
1716	30014464	30068527	54063	/field/f016.bin
1717	30068736	30120225	51489	/field/f017.bin
1718	30120448	30179887	59439	/field/f018.bin
1719	30180352	30240097	59745	/field/f019.bin
1720	30240256	30567346	327090	/field/f020.bin
1721	30567424	30986136	418712	/field/f021.bin
1722	30986240	31277846	291606	/field/f022.bin
1723	31278080	31326801	48721	/field/f023.bin
1724	31327232	31376392	49160	/field/f024.bin
1725	31376896	31437671	60775	/field/f025.bin
1726	31437824	31491360	53536	/field/f026.bin
1727	31491584	31914240	422656	/field/f027.bin
1728	31914496	32170526	256030	/field/f028.bin
1729	32171008	32222147	51139	/field/f029.bin
1730	32222208	32267109	44901	/field/f030.bin
1731	32267264	32323304	56040	/field/f031.bin
1732	32323584	32372101	48517	/field/f032.bin
1733	32372224	32850698	478474	/field/f033.bin
1734	32850944	33034920	183976	/field/f034.bin
1735	33035264	33080696	45432	/field/f035.bin
1736	33080832	33122164	41332	/field/f036.bin
1737	33122304	33169829	47525	/field/f037.bin
1738	33169920	33224861	54941	/field/f038.bin
1739	33225216	33727775	502559	/field/f039.bin
1740	33728000	33850671	122671	/field/f040.bin
1741	33850880	33912085	61205	/field/f041.bin
1742	33912320	33994096	81776	/field/f042.bin
1743	33994240	34194609	200369	/field/f043.bin
1744	34194944	34240618	45674	/field/f044.bin
1745	34241024	34292402	51378	/field/f045.bin
1746	34292736	34345492	52756	/field/f046.bin
1747	34345984	34404620	58636	/field/f047.bin
1748	34404864	34991616	586752	/field/f048.bin
1749	34991616	35518059	526443	/field/f049.bin
1750	35518464	35898940	380476	/field/f050.bin
1751	35899392	35954356	54964	/field/f051.bin
1752	35954688	36009823	55135	/field/f052.bin
1753	36009984	36066350	56366	/field/f053.bin
1754	36066816	36128405	61589	/field/f054.bin
1755	36128768	36530410	401642	/field/f055.bin
1756	36530688	36923665	392977	/field/f056.bin
1757	36923904	37442056	518152	/field/f058.bin
1758	37442560	37640219	197659	/field/f059.bin
1759	37640704	37689832	49128	/field/f060.bin
1760	37689856	38163931	474075	/field/f062.bin
1761	38163968	38218109	54141	/field/f063.bin
1762	38218240	38277353	59113	/field/f064.bin
1763	38277632	38316279	38647	/field/f065.bin
1764	38316544	38348749	32205	/field/f066.bin
1765	38348800	38367130	18330	/field/f067.bin
1766	38367232	38472895	105663	/field/f068.bin
1767	38473216	38483246	10030	/field/f069.bin
1768	38483456	38554103	70647	/field/f070.bin
1769	38554112	38592885	38773	/field/f072.bin
1770	38593024	39070395	477371	/field/f074.bin
1771	39070720	39417413	346693	/field/f075.bin
1772	39417856	39786319	368463	/field/f076.bin
1773	39786496	40208509	422013	/field/f077.bin
1774	40208896	40666748	457852	/field/f078.bin
1775	40667136	41109162	442026	/field/f079.bin
1776	41109504	41565915	456411	/field/f080.bin
1777	41566208	41996503	430295	/field/f081.bin
1778	41996800	42149520	152720	/field/f089.bin
1779	42149888	42302608	152720	/field/f091.bin
1780	42302976	42353256	50280	/field/f139.bin
1781	42353664	42406453	52789	/field/f140.bin
1782	42406912	42524449	117537	/field/f141.bin
1783	42524672	42617858	93186	/field/f143.bin
1784	42618368	42761260	142892	/field/f144.bin
1785	42761728	42889076	127348	/field/f150.bin
1786	42889216	42973662	84446	/field/f151.bin
1787	42973696	43050865	77169	/field/f152.bin
1788	43051008	43119156	68148	/field/f155.bin
1789	43119616	43383574	263958	/field/f156.bin
1790	43383808	43507320	123512	/field/f157.bin
1791	43507712	43542999	35287	/field/f158.bin
1792	43543040	43611930	68890	/field/f159.bin
1793	43612160	43652997	40837	/field/f160.bin
1794	43653120	44244199	591079	/field/f161.bin
1795	44244480	44831272	586792	/field/f162.bin
1796	44831744	44883057	51313	/field/f163.bin
1797	44883456	44943800	60344	/field/f164.bin
1798	44943872	44991568	47696	/field/f165.bin
1799	44992000	45036858	44858	/field/f166.bin
1800	45037056	45068286	31230	/field/f167.bin
1801	45068288	45276757	208469	/field/f168.bin
1802	45277184	45381006	103822	/field/f169.bin
1803	45381120	45491735	110615	/field/f170.bin
1804	45492224	45579222	86998	/field/f172.bin
1805	45579264	45590812	11548	/field/fldeff.bin
1806	45591040	45591042	2	/field/kage.ntfp
1807	45591552	45592576	1024	/field/kage.ntft
1808	45592576	45596984	4408	/font/lc08.NFTR
1809	45597184	45638244	41060	/font/lc10.NFTR
1810	45638656	45691328	52672	/font/lc12.NFTR
1811	45691392	45696664	5272	/font/lh08.NFTR
1812	45697024	45703344	6320	/font/lh10.NFTR
1813	45703680	45711572	7892	/font/lh12.NFTR
1814	45711872	45720752	8880	/menu/acsicon.arc
1815	45721088	45746936	25848	/menu/amricon.arc
1816	45747200	45781684	34484	/menu/bgdata.arc
1817	45782016	45874612	92596	/menu/charastand.arc
1818	45874688	45939472	64784	/menu/episode.bin
1819	45939712	45979800	40088	/menu/itemicon.arc
1820	45980160	45990348	10188	/menu/objdata.arc
1821	45990400	46033152	42752	/menu/rcpicon.arc
1822	46033408	46081928	48520	/menu/wpnicon.arc
1823	46082048	46085424	3376	/motion/alb000/00.nsbca
1824	46085632	46088928	3296	/motion/alb000/00_HUFF.bin
1825	46089216	46095952	6736	/motion/alb000/01.nsbca
1826	46096384	46103124	6740	/motion/alb000/01_DIFF.bin
1827	46103552	46109660	6108	/motion/alb000/01_HUFF.bin
1828	46109696	46115870	6174	/motion/alb000/01_LZ.bin
1829	46116352	46123009	6657	/motion/alb000/01_RL.bin
1830	46123520	46127048	3528	/motion/alb000/11.nsbca
1831	46127104	46130944	3840	/motion/alb000/50.nsbca
1832	46131200	46135908	4708	/motion/alb000/51.nsbca
1833	46136320	46145764	9444	/motion/alb000/52.nsbca
1834	46146048	46151104	5056	/motion/alb000/53.nsbca
1835	46151168	46154808	3640	/motion/alb000/54.nsbca
1836	46155264	46165208	9944	/motion/alb000/55.nsbca
1837	46165504	46170516	5012	/motion/alb000/56.nsbca
1838	46170624	46174712	4088	/motion/alb000/57.nsbca
1839	46174720	46177936	3216	/motion/alb000/58.nsbca
1840	46178304	46183700	5396	/motion/alb000/59.nsbca
1841	46183936	46187540	3604	/motion/ang000/00.nsbca
1842	46188032	46196692	8660	/motion/ang000/01.nsbca
1843	46196736	46200916	4180	/motion/ang000/02.nsbca
1844	46201344	46216296	14952	/motion/ang000/03.nsbca
1845	46216704	46220212	3508	/motion/ang000/04.nsbca
1846	46220288	46225720	5432	/motion/ang000/05.nsbca
1847	46225920	46229672	3752	/motion/ang000/06.nsbca
1848	46230016	46233868	3852	/motion/ang000/07.nsbca
1849	46234112	46238724	4612	/motion/ang000/08.nsbca
1850	46239232	46243468	4236	/motion/ang000/09.nsbca
1851	46243840	46247288	3448	/motion/ang000/11.nsbca
1852	46247424	46250504	3080	/motion/ang000/12.nsbca
1853	46251008	46254728	3720	/motion/ang000/13.nsbca
1854	46255104	46258416	3312	/motion/ang000/18.nsbca
1855	46258688	46264800	6112	/motion/ang000/19.nsbca
1856	46264832	46271972	7140	/motion/ang000/23.nsbca
1857	46272000	46275444	3444	/motion/ang000/27.nsbca
1858	46275584	46280716	5132	/motion/ang000/31.nsbca
1859	46281216	46284908	3692	/motion/ang000/32.nsbca
1860	46285312	46290596	5284	/motion/ang000/33.nsbca
1861	46290944	46297648	6704	/motion/ang000/34.nsbca
1862	46298112	46304964	6852	/motion/ang000/35.nsbca
1863	46305280	46308928	3648	/motion/ang000/36.nsbca
1864	46309376	46314452	5076	/motion/ang000/37.nsbca
1865	46314496	46315456	960	/motion/ang000/48.nsbca
1866	46315520	46319428	3908	/motion/ang000/50.nsbca
1867	46319616	46322820	3204	/motion/ang000/51.nsbca
1868	46323200	46327428	4228	/motion/ang000/52.nsbca
1869	46327808	46332224	4416	/motion/ang000/53.nsbca
1870	46332416	46336748	4332	/motion/ang000/54.nsbca
1871	46337024	46340436	3412	/motion/ang000/57.nsbca
1872	46340608	46343788	3180	/motion/ang000/58.nsbca
1873	46344192	46349024	4832	/motion/ang000/59.nsbca
1874	46349312	46355208	5896	/motion/ang000/60.nsbca
1875	46355456	46359428	3972	/motion/ang000/61.nsbca
1876	46359552	46363960	4408	/motion/ang000/62.nsbca
1877	46364160	46368260	4100	/motion/ang000/63.nsbca
1878	46368768	46371548	2780	/motion/ang000/64.nsbca
1879	46371840	46376192	4352	/motion/ang000/65.nsbca
1880	46376448	46382084	5636	/motion/ang000/66.nsbca
1881	46382592	46387888	5296	/motion/ang000/67.nsbca
1882	46388224	46393588	5364	/motion/ang000/68.nsbca
1883	46393856	46398224	4368	/motion/ang000/69.nsbca
1884	46398464	46412148	13684	/motion/ang000/70.nsbca
1885	46412288	46422272	9984	/motion/ang000/71.nsbca
1886	46422528	46428136	5608	/motion/ang000/72.nsbca
1887	46428160	46435136	6976	/motion/ang000/73.nsbca
1888	46435328	46441032	5704	/motion/ang000/74.nsbca
1889	46441472	46447400	5928	/motion/ang000/75.nsbca
1890	46447616	46450780	3164	/motion/ang000/76.nsbca
1891	46451200	46455796	4596	/motion/ang000/77.nsbca
1892	46455808	46460948	5140	/motion/ang000/78.nsbca
1893	46461440	46465040	3600	/motion/ang000/79.nsbca
1894	46465536	46469712	4176	/motion/ang000/80.nsbca
1895	46470144	46473608	3464	/motion/ang000/81.nsbca
1896	46473728	46477740	4012	/motion/ark080/00.nsbca
1897	46477824	46485292	7468	/motion/ark080/01.nsbca
1898	46485504	46489504	4000	/motion/ark080/02.nsbca
1899	46489600	46491412	1812	/motion/ark080/39.nsbca
1900	46491648	46493788	2140	/motion/ark080/40.nsbca
1901	46494208	46496100	1892	/motion/ark080/41.nsbca
1902	46496256	46498876	2620	/motion/ark080/50.nsbca
1903	46499328	46503048	3720	/motion/ark080/51.nsbca
1904	46503424	46507388	3964	/motion/ark080/52.nsbca
1905	46507520	46516928	9408	/motion/ark080/53.nsbca
1906	46517248	46521640	4392	/motion/ark080/54.nsbca
1907	46521856	46523732	1876	/motion/ark080/55.nsbca
1908	46523904	46528544	4640	/motion/ark080/56.nsbca
1909	46529024	46532256	3232	/motion/ark080/57.nsbca
1910	46532608	46535784	3176	/motion/ash040/00.nsbca
1911	46536192	46542148	5956	/motion/ash040/01.nsbca
1912	46542336	46546500	4164	/motion/ash040/02.nsbca
1913	46546944	46548948	2004	/motion/ash040/28.nsbca
1914	46548992	46554128	5136	/motion/ash040/29.nsbca
1915	46554624	46556584	1960	/motion/ash040/30.nsbca
1916	46556672	46558728	2056	/motion/ash040/39.nsbca
1917	46559232	46561356	2124	/motion/ash040/40.nsbca
1918	46561792	46563760	1968	/motion/ash040/41.nsbca
1919	46563840	46566972	3132	/motion/ash040/50.nsbca
1920	46567424	46571600	4176	/motion/ash040/51.nsbca
1921	46572032	46575208	3176	/motion/ash042/00.nsbca
1922	46575616	46581572	5956	/motion/ash042/01.nsbca
1923	46581760	46585924	4164	/motion/ash042/02.nsbca
1924	46586368	46588372	2004	/motion/ash042/28.nsbca
1925	46588416	46593552	5136	/motion/ash042/29.nsbca
1926	46594048	46596008	1960	/motion/ash042/30.nsbca
1927	46596096	46598152	2056	/motion/ash042/39.nsbca
1928	46598656	46600780	2124	/motion/ash042/40.nsbca
1929	46601216	46603184	1968	/motion/ash042/41.nsbca
1930	46603264	46606396	3132	/motion/ash042/50.nsbca
1931	46606848	46611024	4176	/motion/ash042/51.nsbca
1932	46611456	46614632	3176	/motion/ash043/00.nsbca
1933	46615040	46620996	5956	/motion/ash043/01.nsbca
1934	46621184	46625348	4164	/motion/ash043/02.nsbca
1935	46625792	46627796	2004	/motion/ash043/28.nsbca
1936	46627840	46632976	5136	/motion/ash043/29.nsbca
1937	46633472	46635432	1960	/motion/ash043/30.nsbca
1938	46635520	46637576	2056	/motion/ash043/39.nsbca
1939	46638080	46640204	2124	/motion/ash043/40.nsbca
1940	46640640	46642608	1968	/motion/ash043/41.nsbca
1941	46642688	46645820	3132	/motion/ash043/50.nsbca
1942	46646272	46650448	4176	/motion/ash043/51.nsbca
1943	46650880	46654076	3196	/motion/ash050/00.nsbca
1944	46654464	46659292	4828	/motion/ash050/01.nsbca
1945	46659584	46662780	3196	/motion/ash052/00.nsbca
1946	46663168	46667996	4828	/motion/ash052/01.nsbca
1947	46668288	46671484	3196	/motion/ash053/00.nsbca
1948	46671872	46676700	4828	/motion/ash053/01.nsbca
1949	46676992	46680776	3784	/motion/ash160/00.nsbca
1950	46681088	46684564	3476	/motion/ash160/38.nsbca
1951	46684672	46688916	4244	/motion/ash170/00.nsbca
1952	46689280	46693572	4292	/motion/ash170/50.nsbca
1953	46693888	46697060	3172	/motion/ash170/51.nsbca
1954	46697472	46701836	4364	/motion/ash170/52.nsbca
1955	46702080	46705476	3396	/motion/ash170/53.nsbca
1956	46705664	46709860	4196	/motion/ash171/00.nsbca
1957	46710272	46713396	3124	/motion/ash172/00.nsbca
1958	46713856	46717196	3340	/motion/ash173/00.nsbca
1959	46717440	46722800	5360	/motion/asu000/00.nsbca
1960	46723072	46730896	7824	/motion/asu000/01.nsbca
1961	46731264	46735324	4060	/motion/asu000/50.nsbca
1962	46735360	46743532	8172	/motion/asu000/51.nsbca
1963	46743552	46747188	3636	/motion/asu000/52.nsbca
1964	46747648	46751652	4004	/motion/asu000/53.nsbca
1965	46751744	46757572	5828	/motion/asu000/54.nsbca
1966	46757888	46762164	4276	/motion/asu000/55.nsbca
1967	46762496	46770248	7752	/motion/asu000/56.nsbca
1968	46770688	46782728	12040	/motion/asu000/57.nsbca
1969	46782976	46783900	924	/motion/asu000/58.nsbca
1970	46784000	46788176	4176	/motion/asu000/59.nsbca
1971	46788608	46793628	5020	/motion/asu000/60.nsbca
1972	46793728	46808996	15268	/motion/asu000/61.nsbca
1973	46809088	46813068	3980	/motion/asu000/62.nsbca
1974	46813184	46820760	7576	/motion/asu000/63.nsbca
1975	46820864	46826772	5908	/motion/asu000/64.nsbca
1976	46827008	46846520	19512	/motion/asu000/66.nsbca
1977	46846976	46854520	7544	/motion/asu000/67.nsbca
1978	46854656	46861404	6748	/motion/asu000/68.nsbca
1979	46861824	46875792	13968	/motion/asu000/69.nsbca
1980	46876160	46879472	3312	/motion/asu000/70.nsbca
1981	46879744	46889140	9396	/motion/asu000/71.nsbca
1982	46889472	46898224	8752	/motion/asu000/72.nsbca
1983	46898688	46906988	8300	/motion/asu000/73.nsbca
1984	46907392	46915060	7668	/motion/asu000/74.nsbca
1985	46915072	46921308	6236	/motion/asu000/76.nsbca
1986	46921728	46927992	6264	/motion/asu000/77.nsbca
1987	46928384	46930144	1760	/motion/cbs001/00.nsbca
1988	46930432	46933056	2624	/motion/cer000/00.nsbca
1989	46933504	46938592	5088	/motion/cer000/01.nsbca
1990	46938624	46942088	3464	/motion/cer000/02.nsbca
1991	46942208	46945468	3260	/motion/cer000/50.nsbca
1992	46945792	46948664	2872	/motion/cod000/00.nsbca
1993	46948864	46953304	4440	/motion/cod000/01.nsbca
1994	46953472	46956340	2868	/motion/cod000/02.nsbca
1995	46956544	46961000	4456	/motion/cod000/50.nsbca
1996	46961152	46964712	3560	/motion/cod000/51.nsbca
1997	46964736	46968536	3800	/motion/cod000/52.nsbca
1998	46968832	46974472	5640	/motion/cod000/53.nsbca
1999	46974976	46979076	4100	/motion/cod000/54.nsbca
2000	46979584	46982940	3356	/motion/cod000/55.nsbca
2001	46983168	46985244	2076	/motion/dur000/50.nsbca
2002	46985728	46987280	1552	/motion/dur000/51.nsbca
2003	46987776	46989308	1532	/motion/dur000/52.nsbca
2004	46989312	46990844	1532	/motion/dur000/53.nsbca
2005	46990848	46992912	2064	/motion/dur000/54.nsbca
2006	46993408	46993544	136	/motion/dur000/58.nsbca
2007	46993920	46994448	528	/motion/gae000/00.nsbca
2008	46994944	46998356	3412	/motion/gal020/00.nsbca
2009	46998528	47004652	6124	/motion/gal020/01.nsbca
2010	47004672	47008668	3996	/motion/gal020/02.nsbca
2011	47008768	47011844	3076	/motion/gal020/20.nsbca
2012	47012352	47015096	2744	/motion/gal020/21.nsbca
2013	47015424	47020356	4932	/motion/gal020/22.nsbca
2014	47020544	47022592	2048	/motion/gal020/28.nsbca
2015	47022592	47027644	5052	/motion/gal020/29.nsbca
2016	47027712	47029756	2044	/motion/gal020/30.nsbca
2017	47029760	47031680	1920	/motion/gal020/39.nsbca
2018	47031808	47033912	2104	/motion/gal020/40.nsbca
2019	47034368	47036360	1992	/motion/gal020/41.nsbca
2020	47036416	47038636	2220	/motion/gal020/50.nsbca
2021	47038976	47041196	2220	/motion/gal020/51.nsbca
2022	47041536	47045676	4140	/motion/gal020/52.nsbca
2023	47046144	47049588	3444	/motion/gal020/53.nsbca
2024	47049728	47057828	8100	/motion/gal020/54.nsbca
2025	47057920	47061332	3412	/motion/gal021/00.nsbca
2026	47061504	47067628	6124	/motion/gal021/01.nsbca
2027	47067648	47071644	3996	/motion/gal021/02.nsbca
2028	47071744	47074820	3076	/motion/gal021/20.nsbca
2029	47075328	47078072	2744	/motion/gal021/21.nsbca
2030	47078400	47083332	4932	/motion/gal021/22.nsbca
2031	47083520	47085568	2048	/motion/gal021/28.nsbca
2032	47085568	47090620	5052	/motion/gal021/29.nsbca
2033	47090688	47092732	2044	/motion/gal021/30.nsbca
2034	47092736	47094656	1920	/motion/gal021/39.nsbca
2035	47094784	47096888	2104	/motion/gal021/40.nsbca
2036	47097344	47099336	1992	/motion/gal021/41.nsbca
2037	47099392	47101612	2220	/motion/gal021/50.nsbca
2038	47101952	47104172	2220	/motion/gal021/51.nsbca
2039	47104512	47108652	4140	/motion/gal021/52.nsbca
2040	47109120	47112564	3444	/motion/gal021/53.nsbca
2041	47112704	47120804	8100	/motion/gal021/54.nsbca
2042	47120896	47124300	3404	/motion/gal030/00.nsbca
2043	47124480	47129476	4996	/motion/gal030/01.nsbca
2044	47129600	47131856	2256	/motion/gal030/50.nsbca
2045	47132160	47134416	2256	/motion/gal030/51.nsbca
2046	47134720	47137776	3056	/motion/gal030/52.nsbca
2047	47137792	47142780	4988	/motion/gal030/53.nsbca
2048	47142912	47146316	3404	/motion/gal031/00.nsbca
2049	47146496	47151492	4996	/motion/gal031/01.nsbca
2050	47151616	47153872	2256	/motion/gal031/50.nsbca
2051	47154176	47156432	2256	/motion/gal031/51.nsbca
2052	47156736	47159792	3056	/motion/gal031/52.nsbca
2053	47159808	47164796	4988	/motion/gal031/53.nsbca
2054	47164928	47168332	3404	/motion/gal032/00.nsbca
2055	47168512	47173508	4996	/motion/gal032/01.nsbca
2056	47173632	47175888	2256	/motion/gal032/50.nsbca
2057	47176192	47178448	2256	/motion/gal032/51.nsbca
2058	47178752	47181808	3056	/motion/gal032/52.nsbca
2059	47181824	47186812	4988	/motion/gal032/53.nsbca
2060	47186944	47191104	4160	/motion/gal060/00.nsbca
2061	47191552	47198552	7000	/motion/gal060/01.nsbca
2062	47198720	47201632	2912	/motion/gal060/11.nsbca
2063	47201792	47204792	3000	/motion/gal060/27.nsbca
2064	47204864	47207956	3092	/motion/gal060/50.nsbca
2065	47208448	47214512	6064	/motion/gal060/51.nsbca
2066	47214592	47217852	3260	/motion/gal070/00.nsbca
2067	47218176	47225468	7292	/motion/gal070/01.nsbca
2068	47225856	47228888	3032	/motion/gal070/11.nsbca
2069	47228928	47231912	2984	/motion/gal070/27.nsbca
2070	47232000	47234840	2840	/motion/gal070/50.nsbca
2071	47235072	47241556	6484	/motion/gal070/51.nsbca
2072	47241728	47249012	7284	/motion/gal180/00.nsbca
2073	47249408	47259904	10496	/motion/gal180/01.nsbca
2074	47260160	47264200	4040	/motion/gar000/00.nsbca
2075	47264256	47275536	11280	/motion/gar000/01.nsbca
2076	47276032	47279204	3172	/motion/gar000/11.nsbca
2077	47279616	47283440	3824	/motion/gar000/49.nsbca
2078	47283712	47286020	2308	/motion/gar000/50.nsbca
2079	47286272	47291576	5304	/motion/gar000/51.nsbca
2080	47291904	47299336	7432	/motion/gar000/52.nsbca
2081	47299584	47303168	3584	/motion/gar000/53.nsbca
2082	47303168	47307500	4332	/motion/gar000/55.nsbca
2083	47307776	47312452	4676	/motion/gar000/56.nsbca
2084	47312896	47319944	7048	/motion/gar000/57.nsbca
2085	47320064	47324944	4880	/motion/gar000/58.nsbca
2086	47325184	47331212	6028	/motion/gar000/59.nsbca
2087	47331328	47335804	4476	/motion/gar000/60.nsbca
2088	47335936	47340932	4996	/motion/gar000/61.nsbca
2089	47341056	47349840	8784	/motion/gar000/62.nsbca
2090	47350272	47360184	9912	/motion/gar000/63.nsbca
2091	47360512	47369544	9032	/motion/gar000/64.nsbca
2092	47369728	47374560	4832	/motion/gar000/65.nsbca
2093	47374848	47378296	3448	/motion/gar000/66.nsbca
2094	47378432	47381316	2884	/motion/gar000/67.nsbca
2095	47381504	47388428	6924	/motion/gar000/68.nsbca
2096	47388672	47402072	13400	/motion/gar000/69.nsbca
2097	47402496	47405908	3412	/motion/gar020/00.nsbca
2098	47406080	47412204	6124	/motion/gar020/01.nsbca
2099	47412224	47416220	3996	/motion/gar020/02.nsbca
2100	47416320	47419396	3076	/motion/gar020/20.nsbca
2101	47419904	47422648	2744	/motion/gar020/21.nsbca
2102	47422976	47427908	4932	/motion/gar020/22.nsbca
2103	47428096	47430144	2048	/motion/gar020/28.nsbca
2104	47430144	47435196	5052	/motion/gar020/29.nsbca
2105	47435264	47437308	2044	/motion/gar020/30.nsbca
2106	47437312	47439232	1920	/motion/gar020/39.nsbca
2107	47439360	47441464	2104	/motion/gar020/40.nsbca
2108	47441920	47443912	1992	/motion/gar020/41.nsbca
2109	47443968	47446188	2220	/motion/gar020/50.nsbca
2110	47446528	47448748	2220	/motion/gar020/51.nsbca
2111	47449088	47453228	4140	/motion/gar020/52.nsbca
2112	47453696	47457140	3444	/motion/gar020/53.nsbca
2113	47457280	47465380	8100	/motion/gar020/54.nsbca
2114	47465472	47468884	3412	/motion/gar022/00.nsbca
2115	47469056	47475180	6124	/motion/gar022/01.nsbca
2116	47475200	47479196	3996	/motion/gar022/02.nsbca
2117	47479296	47482372	3076	/motion/gar022/20.nsbca
2118	47482880	47485624	2744	/motion/gar022/21.nsbca
2119	47485952	47490884	4932	/motion/gar022/22.nsbca
2120	47491072	47493120	2048	/motion/gar022/28.nsbca
2121	47493120	47498172	5052	/motion/gar022/29.nsbca
2122	47498240	47500284	2044	/motion/gar022/30.nsbca
2123	47500288	47502208	1920	/motion/gar022/39.nsbca
2124	47502336	47504440	2104	/motion/gar022/40.nsbca
2125	47504896	47506888	1992	/motion/gar022/41.nsbca
2126	47506944	47509164	2220	/motion/gar022/50.nsbca
2127	47509504	47511724	2220	/motion/gar022/51.nsbca
2128	47512064	47516204	4140	/motion/gar022/52.nsbca
2129	47516672	47520116	3444	/motion/gar022/53.nsbca
2130	47520256	47528356	8100	/motion/gar022/54.nsbca
2131	47528448	47531624	3176	/motion/gar040/00.nsbca
2132	47532032	47537988	5956	/motion/gar040/01.nsbca
2133	47538176	47542340	4164	/motion/gar040/02.nsbca
2134	47542784	47544788	2004	/motion/gar040/28.nsbca
2135	47544832	47549968	5136	/motion/gar040/29.nsbca
2136	47550464	47552424	1960	/motion/gar040/30.nsbca
2137	47552512	47554568	2056	/motion/gar040/39.nsbca
2138	47555072	47557196	2124	/motion/gar040/40.nsbca
2139	47557632	47559600	1968	/motion/gar040/41.nsbca
2140	47559680	47562812	3132	/motion/gar040/50.nsbca
2141	47563264	47567440	4176	/motion/gar040/51.nsbca
2142	47567872	47571068	3196	/motion/gar050/00.nsbca
2143	47571456	47576284	4828	/motion/gar050/01.nsbca
2144	47576576	47580588	4012	/motion/gar080/00.nsbca
2145	47580672	47588140	7468	/motion/gar080/01.nsbca
2146	47588352	47592352	4000	/motion/gar080/02.nsbca
2147	47592448	47594260	1812	/motion/gar080/39.nsbca
2148	47594496	47596636	2140	/motion/gar080/40.nsbca
2149	47597056	47598948	1892	/motion/gar080/41.nsbca
2150	47599104	47601724	2620	/motion/gar080/50.nsbca
2151	47602176	47605896	3720	/motion/gar080/51.nsbca
2152	47606272	47610236	3964	/motion/gar080/52.nsbca
2153	47610368	47619776	9408	/motion/gar080/53.nsbca
2154	47620096	47624488	4392	/motion/gar080/54.nsbca
2155	47624704	47626580	1876	/motion/gar080/55.nsbca
2156	47626752	47631392	4640	/motion/gar080/56.nsbca
2157	47631872	47635104	3232	/motion/gar080/57.nsbca
2158	47635456	47641768	6312	/motion/gar190/00.nsbca
2159	47642112	47650004	7892	/motion/gar190/01.nsbca
2160	47650304	47653896	3592	/motion/gri040/00.nsbca
2161	47654400	47661444	7044	/motion/gri040/01.nsbca
2162	47661568	47665952	4384	/motion/gri040/02.nsbca
2163	47666176	47668084	1908	/motion/gri040/28.nsbca
2164	47668224	47672244	4020	/motion/gri040/29.nsbca
2165	47672320	47674232	1912	/motion/gri040/30.nsbca
2166	47674368	47676424	2056	/motion/gri040/39.nsbca
2167	47676928	47679052	2124	/motion/gri040/40.nsbca
2168	47679488	47681456	1968	/motion/gri040/41.nsbca
2169	47681536	47691052	9516	/motion/gri040/50.nsbca
2170	47691264	47694976	3712	/motion/gri040/51.nsbca
2171	47695360	47698952	3592	/motion/gri041/00.nsbca
2172	47699456	47706500	7044	/motion/gri041/01.nsbca
2173	47706624	47711008	4384	/motion/gri041/02.nsbca
2174	47711232	47713140	1908	/motion/gri041/28.nsbca
2175	47713280	47717300	4020	/motion/gri041/29.nsbca
2176	47717376	47719288	1912	/motion/gri041/30.nsbca
2177	47719424	47721480	2056	/motion/gri041/39.nsbca
2178	47721984	47724108	2124	/motion/gri041/40.nsbca
2179	47724544	47726512	1968	/motion/gri041/41.nsbca
2180	47726592	47736108	9516	/motion/gri041/50.nsbca
2181	47736320	47740032	3712	/motion/gri041/51.nsbca
2182	47740416	47744008	3592	/motion/gri043/00.nsbca
2183	47744512	47751556	7044	/motion/gri043/01.nsbca
2184	47751680	47756064	4384	/motion/gri043/02.nsbca
2185	47756288	47758196	1908	/motion/gri043/28.nsbca
2186	47758336	47762356	4020	/motion/gri043/29.nsbca
2187	47762432	47764344	1912	/motion/gri043/30.nsbca
2188	47764480	47766536	2056	/motion/gri043/39.nsbca
2189	47767040	47769164	2124	/motion/gri043/40.nsbca
2190	47769600	47771568	1968	/motion/gri043/41.nsbca
2191	47771648	47781164	9516	/motion/gri043/50.nsbca
2192	47781376	47785088	3712	/motion/gri043/51.nsbca
2193	47785472	47789436	3964	/motion/gri043/52.nsbca
2194	47789568	47798976	9408	/motion/gri043/53.nsbca
2195	47799296	47803688	4392	/motion/gri043/54.nsbca
2196	47803904	47805780	1876	/motion/gri043/55.nsbca
2197	47805952	47810592	4640	/motion/gri043/56.nsbca
2198	47811072	47813908	2836	/motion/her000/00.nsbca
2199	47814144	47822484	8340	/motion/her000/01.nsbca
2200	47822848	47827352	4504	/motion/her000/02.nsbca
2201	47827456	47838952	11496	/motion/her000/03.nsbca
2202	47839232	47843272	4040	/motion/her000/04.nsbca
2203	47843328	47861688	18360	/motion/her000/05.nsbca
2204	47861760	47867792	6032	/motion/her000/06.nsbca
2205	47867904	47871832	3928	/motion/her000/07.nsbca
2206	47872000	47875376	3376	/motion/her000/08.nsbca
2207	47875584	47881632	6048	/motion/her000/09.nsbca
2208	47881728	47885212	3484	/motion/her000/10.nsbca
2209	47885312	47890600	5288	/motion/her000/11.nsbca
2210	47890944	47895048	4104	/motion/her000/12.nsbca
2211	47895552	47898692	3140	/motion/her000/13.nsbca
2212	47899136	47908220	9084	/motion/her000/14.nsbca
2213	47908352	47910896	2544	/motion/her000/15.nsbca
2214	47910912	47917792	6880	/motion/her000/16.nsbca
2215	47918080	47920620	2540	/motion/her000/17.nsbca
2216	47920640	47925548	4908	/motion/her000/18.nsbca
2217	47925760	47936848	11088	/motion/her000/19.nsbca
2218	47937024	47940880	3856	/motion/her000/20.nsbca
2219	47941120	47944692	3572	/motion/her000/21.nsbca
2220	47944704	47949364	4660	/motion/her000/22.nsbca
2221	47949824	47957744	7920	/motion/her000/23.nsbca
2222	47958016	47962684	4668	/motion/her000/24.nsbca
2223	47963136	47965540	2404	/motion/her000/25.nsbca
2224	47965696	47970540	4844	/motion/her000/27.nsbca
2225	47970816	47973048	2232	/motion/her000/28.nsbca
2226	47973376	47978140	4764	/motion/her000/29.nsbca
2227	47978496	47981292	2796	/motion/her000/30.nsbca
2228	47981568	47988864	7296	/motion/her000/31.nsbca
2229	47989248	47993784	4536	/motion/her000/32.nsbca
2230	47993856	47997912	4056	/motion/her000/33.nsbca
2231	47997952	48003468	5516	/motion/her000/34.nsbca
2232	48003584	48012020	8436	/motion/her000/35.nsbca
2233	48012288	48016096	3808	/motion/her000/36.nsbca
2234	48016384	48021568	5184	/motion/her000/37.nsbca
2235	48022016	48024088	2072	/motion/her000/39.nsbca
2236	48024576	48027060	2484	/motion/her000/40.nsbca
2237	48027136	48029308	2172	/motion/her000/41.nsbca
2238	48029696	48030552	856	/motion/her000/48.nsbca
2239	48030720	48036236	5516	/motion/her000/49.nsbca
2240	48036352	48041456	5104	/motion/her000/50.nsbca
2241	48041472	48046616	5144	/motion/her000/51.nsbca
2242	48047104	48051780	4676	/motion/her000/52.nsbca
2243	48052224	48056676	4452	/motion/her000/54.nsbca
2244	48056832	48061560	4728	/motion/her000/55.nsbca
2245	48061952	48064884	2932	/motion/her000/57.nsbca
2246	48065024	48070908	5884	/motion/her000/58.nsbca
2247	48071168	48074388	3220	/motion/her000/59.nsbca
2248	48074752	48079200	4448	/motion/her000/60.nsbca
2249	48079360	48084816	5456	/motion/her000/61.nsbca
2250	48084992	48089944	4952	/motion/her000/62.nsbca
2251	48090112	48093828	3716	/motion/her000/63.nsbca
2252	48094208	48097456	3248	/motion/her000/64.nsbca
2253	48097792	48101648	3856	/motion/her000/65.nsbca
2254	48101888	48106692	4804	/motion/her000/66.nsbca
2255	48107008	48111280	4272	/motion/her000/67.nsbca
2256	48111616	48119200	7584	/motion/her000/68.nsbca
2257	48119296	48123868	4572	/motion/her000/69.nsbca
2258	48123904	48128996	5092	/motion/her000/70.nsbca
2259	48129024	48134572	5548	/motion/her000/71.nsbca
2260	48134656	48139688	5032	/motion/her000/72.nsbca
2261	48139776	48149116	9340	/motion/her000/73.nsbca
2262	48149504	48155824	6320	/motion/her000/74.nsbca
2263	48156160	48160452	4292	/motion/her000/75.nsbca
2264	48160768	48164608	3840	/motion/her000/76.nsbca
2265	48164864	48168784	3920	/motion/her000/77.nsbca
2266	48168960	48171948	2988	/motion/her000/78.nsbca
2267	48172032	48178968	6936	/motion/her000/79.nsbca
2268	48179200	48183216	4016	/motion/her000/80.nsbca
2269	48183296	48189640	6344	/motion/her000/81.nsbca
2270	48189952	48195244	5292	/motion/him000/50.nsbca
2271	48195584	48199860	4276	/motion/him000/51.nsbca
2272	48200192	48204208	4016	/motion/hst000/00.nsbca
2273	48204288	48213356	9068	/motion/hst000/01.nsbca
2274	48213504	48216672	3168	/motion/hst000/50.nsbca
2275	48217088	48220712	3624	/motion/hst000/51.nsbca
2276	48221184	48224768	3584	/motion/hst000/52.nsbca
2277	48224768	48228552	3784	/motion/hst000/53.nsbca
2278	48228864	48234940	6076	/motion/hst000/54.nsbca
2279	48235008	48237696	2688	/motion/hst000/55.nsbca
2280	48238080	48243176	5096	/motion/hst000/56.nsbca
2281	48243200	48247952	4752	/motion/hst000/57.nsbca
2282	48248320	48253696	5376	/motion/hst000/58.nsbca
2283	48253952	48261584	7632	/motion/hst000/61.nsbca
2284	48261632	48265212	3580	/motion/hst000/62.nsbca
2285	48265216	48269096	3880	/motion/hst000/63.nsbca
2286	48269312	48273624	4312	/motion/hst000/64.nsbca
2287	48273920	48277136	3216	/motion/hst000/65.nsbca
2288	48277504	48282412	4908	/motion/hst000/66.nsbca
2289	48282624	48292180	9556	/motion/hst000/67.nsbca
2290	48292352	48299088	6736	/motion/hst000/68.nsbca
2291	48299520	48311124	11604	/motion/hst000/69.nsbca
2292	48311296	48314432	3136	/motion/hst000/70.nsbca
2293	48314880	48327612	12732	/motion/hst000/71.nsbca
2294	48327680	48335728	8048	/motion/hst000/72.nsbca
2295	48335872	48339052	3180	/motion/hyu000/00.nsbca
2296	48339456	48346076	6620	/motion/hyu000/01.nsbca
2297	48346112	48352448	6336	/motion/hyu000/33.nsbca
2298	48352768	48356932	4164	/motion/hyu000/34.nsbca
2299	48357376	48366336	8960	/motion/hyu000/35.nsbca
2300	48366592	48373528	6936	/motion/hyu000/50.nsbca
2301	48373760	48374564	804	/motion/hyu000/51.nsbca
2302	48374784	48378896	4112	/motion/ina000/00.nsbca
2303	48379392	48385740	6348	/motion/ina000/01.nsbca
2304	48386048	48389184	3136	/motion/ina000/50.nsbca
2305	48389632	48392528	2896	/motion/ina000/51.nsbca
2306	48392704	48397268	4564	/motion/ina000/60.nsbca
2307	48397312	48400824	3512	/motion/ina000/61.nsbca
2308	48400896	48403428	2532	/motion/ina000/62.nsbca
2309	48403456	48418204	14748	/motion/ina000/63.nsbca
2310	48418304	48423160	4856	/motion/ina000/64.nsbca
2311	48423424	48424644	1220	/motion/ina000/65.nsbca
2312	48424960	48430228	5268	/motion/ina000/66.nsbca
2313	48430592	48432460	1868	/motion/ina000/67.nsbca
2314	48432640	48434508	1868	/motion/ina000/68.nsbca
2315	48434688	48439700	5012	/motion/iri000/00.nsbca
2316	48439808	48448908	9100	/motion/iri000/01.nsbca
2317	48449024	48453272	4248	/motion/iri000/02.nsbca
2318	48453632	48464880	11248	/motion/iri000/03.nsbca
2319	48464896	48470136	5240	/motion/iri000/04.nsbca
2320	48470528	48480052	9524	/motion/iri000/05.nsbca
2321	48480256	48487272	7016	/motion/iri000/06.nsbca
2322	48487424	48491656	4232	/motion/iri000/07.nsbca
2323	48492032	48495552	3520	/motion/iri000/08.nsbca
2324	48495616	48503244	7628	/motion/iri000/09.nsbca
2325	48503296	48507556	4260	/motion/iri000/10.nsbca
2326	48507904	48511472	3568	/motion/iri000/11.nsbca
2327	48511488	48516880	5392	/motion/iri000/12.nsbca
2328	48517120	48519640	2520	/motion/iri000/13.nsbca
2329	48519680	48525744	6064	/motion/iri000/14.nsbca
2330	48525824	48530260	4436	/motion/iri000/15.nsbca
2331	48530432	48536608	6176	/motion/iri000/16.nsbca
2332	48537088	48540108	3020	/motion/iri000/17.nsbca
2333	48540160	48543024	2864	/motion/iri000/18.nsbca
2334	48543232	48546640	3408	/motion/iri000/19.nsbca
2335	48546816	48550316	3500	/motion/iri000/20.nsbca
2336	48550400	48554132	3732	/motion/iri000/21.nsbca
2337	48554496	48560104	5608	/motion/iri000/22.nsbca
2338	48560128	48567924	7796	/motion/iri000/23.nsbca
2339	48568320	48572880	4560	/motion/iri000/24.nsbca
2340	48572928	48575624	2696	/motion/iri000/25.nsbca
2341	48576000	48581764	5764	/motion/iri000/26.nsbca
2342	48582144	48587404	5260	/motion/iri000/27.nsbca
2343	48587776	48590412	2636	/motion/iri000/28.nsbca
2344	48590848	48594160	3312	/motion/iri000/29.nsbca
2345	48594432	48596956	2524	/motion/iri000/30.nsbca
2346	48596992	48603524	6532	/motion/iri000/31.nsbca
2347	48603648	48605968	2320	/motion/iri000/32.nsbca
2348	48606208	48610708	4500	/motion/iri000/33.nsbca
2349	48610816	48613476	2660	/motion/iri000/34.nsbca
2350	48613888	48625160	11272	/motion/iri000/35.nsbca
2351	48625664	48630984	5320	/motion/iri000/36.nsbca
2352	48631296	48636448	5152	/motion/iri000/37.nsbca
2353	48636928	48639220	2292	/motion/iri000/45.nsbca
2354	48639488	48643840	4352	/motion/iri000/46.nsbca
2355	48644096	48650188	6092	/motion/iri000/47.nsbca
2356	48650240	48651168	928	/motion/iri000/48.nsbca
2357	48651264	48655724	4460	/motion/iri000/49.nsbca
2358	48655872	48660652	4780	/motion/iri000/50.nsbca
2359	48660992	48664268	3276	/motion/iri000/51.nsbca
2360	48664576	48668140	3564	/motion/iri000/52.nsbca
2361	48668160	48676592	8432	/motion/iri000/53.nsbca
2362	48676864	48686756	9892	/motion/iri000/54.nsbca
2363	48687104	48691616	4512	/motion/iri000/55.nsbca
2364	48691712	48695688	3976	/motion/iri000/56.nsbca
2365	48695808	48699936	4128	/motion/iri000/57.nsbca
2366	48700416	48704808	4392	/motion/iri000/59.nsbca
2367	48705024	48709160	4136	/motion/iri000/60.nsbca
2368	48709632	48713828	4196	/motion/iri000/61.nsbca
2369	48714240	48724748	10508	/motion/iri000/62.nsbca
2370	48724992	48729712	4720	/motion/iri000/63.nsbca
2371	48730112	48733964	3852	/motion/iri000/64.nsbca
2372	48734208	48736908	2700	/motion/iri000/65.nsbca
2373	48737280	48742456	5176	/motion/iri000/66.nsbca
2374	48742912	48745624	2712	/motion/iri000/67.nsbca
2375	48745984	48750344	4360	/motion/iri000/68.nsbca
2376	48750592	48756676	6084	/motion/iri000/69.nsbca
2377	48756736	48758316	1580	/motion/iri000/70.nsbca
2378	48758784	48764588	5804	/motion/iri000/71.nsbca
2379	48764928	48775460	10532	/motion/iri000/72.nsbca
2380	48775680	48781352	5672	/motion/iri000/73.nsbca
2381	48781824	48786180	4356	/motion/iri000/74.nsbca
2382	48786432	48790624	4192	/motion/iri000/75.nsbca
2383	48791040	48798412	7372	/motion/iri000/76.nsbca
2384	48798720	48807524	8804	/motion/iri000/77.nsbca
2385	48807936	48814144	6208	/motion/iri000/78.nsbca
2386	48814592	48818844	4252	/motion/iri000/79.nsbca
2387	48819200	48824192	4992	/motion/iri000/80.nsbca
2388	48824320	48829832	5512	/motion/iri000/81.nsbca
2389	48829952	48833996	4044	/motion/iri000/82.nsbca
2390	48834048	48839124	5076	/motion/iri000/83.nsbca
2391	48839168	48843224	4056	/motion/iri000/84.nsbca
2392	48843264	48852244	8980	/motion/iri000/85.nsbca
2393	48852480	48856452	3972	/motion/iri000/86.nsbca
2394	48856576	48861016	4440	/motion/iri000/87.nsbca
2395	48861184	48865604	4420	/motion/iri000/88.nsbca
2396	48865792	48876804	11012	/motion/iri000/89.nsbca
2397	48877056	48878992	1936	/motion/iri000/90.nsbca
2398	48879104	48881532	2428	/motion/iri000/91.nsbca
2399	48881664	48886496	4832	/motion/iri000/92.nsbca
2400	48886784	48894740	7956	/motion/iri000/93.nsbca
2401	48894976	48898820	3844	/motion/iri000/94.nsbca
2402	48899072	48903800	4728	/motion/iri000/95.nsbca
2403	48904192	48905984	1792	/motion/kng000/00.nsbca
2404	48906240	48910616	4376	/motion/kng000/50.nsbca
2405	48910848	48914540	3692	/motion/kng000/51.nsbca
2406	48914944	48923040	8096	/motion/kng000/52.nsbca
2407	48923136	48929564	6428	/motion/mam000/00.nsbca
2408	48929792	48935728	5936	/motion/mam000/01.nsbca
2409	48935936	48940740	4804	/motion/mam010/00.nsbca
2410	48941056	48946784	5728	/motion/mam010/01.nsbca
2411	48947200	48950612	3412	/motion/mam020/00.nsbca
2412	48950784	48956908	6124	/motion/mam020/01.nsbca
2413	48956928	48960924	3996	/motion/mam020/02.nsbca
2414	48961024	48964100	3076	/motion/mam020/20.nsbca
2415	48964608	48967352	2744	/motion/mam020/21.nsbca
2416	48967680	48972612	4932	/motion/mam020/22.nsbca
2417	48972800	48974848	2048	/motion/mam020/28.nsbca
2418	48974848	48979900	5052	/motion/mam020/29.nsbca
2419	48979968	48982012	2044	/motion/mam020/30.nsbca
2420	48982016	48983936	1920	/motion/mam020/39.nsbca
2421	48984064	48986168	2104	/motion/mam020/40.nsbca
2422	48986624	48988616	1992	/motion/mam020/41.nsbca
2423	48988672	48990892	2220	/motion/mam020/50.nsbca
2424	48991232	48993452	2220	/motion/mam020/51.nsbca
2425	48993792	48997932	4140	/motion/mam020/52.nsbca
2426	48998400	49001844	3444	/motion/mam020/53.nsbca
2427	49001984	49010084	8100	/motion/mam020/54.nsbca
2428	49010176	49013580	3404	/motion/mam030/00.nsbca
2429	49013760	49018952	5192	/motion/mam030/01.nsbca
2430	49019392	49021648	2256	/motion/mam030/50.nsbca
2431	49021952	49025128	3176	/motion/mam040/00.nsbca
2432	49025536	49031492	5956	/motion/mam040/01.nsbca
2433	49031680	49035844	4164	/motion/mam040/02.nsbca
2434	49036288	49038292	2004	/motion/mam040/28.nsbca
2435	49038336	49043472	5136	/motion/mam040/29.nsbca
2436	49043968	49045928	1960	/motion/mam040/30.nsbca
2437	49046016	49048072	2056	/motion/mam040/39.nsbca
2438	49048576	49050700	2124	/motion/mam040/40.nsbca
2439	49051136	49053104	1968	/motion/mam040/41.nsbca
2440	49053184	49056316	3132	/motion/mam040/50.nsbca
2441	49056768	49060944	4176	/motion/mam040/51.nsbca
2442	49061376	49064672	3296	/motion/mat000/00.nsbca
2443	49064960	49071884	6924	/motion/mat000/01.nsbca
2444	49072128	49075864	3736	/motion/mat000/11.nsbca
2445	49076224	49085596	9372	/motion/mat000/50.nsbca
2446	49085952	49089632	3680	/motion/mat000/51.nsbca
2447	49090048	49093152	3104	/motion/mat000/52.nsbca
2448	49093632	49097176	3544	/motion/mat000/53.nsbca
2449	49097216	49103848	6632	/motion/mat000/54.nsbca
2450	49103872	49106580	2708	/motion/mat000/55.nsbca
2451	49106944	49109652	2708	/motion/mat001/00.nsbca
2452	49110016	49116648	6632	/motion/mat001/01.nsbca
2453	49116672	49120840	4168	/motion/mat001/24.nsbca
2454	49121280	49122032	752	/motion/mat001/25.nsbca
2455	49122304	49125280	2976	/motion/mat001/39.nsbca
2456	49125376	49127924	2548	/motion/mat001/40.nsbca
2457	49127936	49132004	4068	/motion/mat001/41.nsbca
2458	49132032	49134756	2724	/motion/mat001/50.nsbca
2459	49135104	49139552	4448	/motion/mat001/51.nsbca
2460	49139712	49143636	3924	/motion/mat001/52.nsbca
2461	49143808	49146012	2204	/motion/mat001/53.nsbca
2462	49146368	49150724	4356	/motion/mat001/54.nsbca
2463	49150976	49158500	7524	/motion/mat001/55.nsbca
2464	49158656	49162496	3840	/motion/mat001/56.nsbca
2465	49162752	49164328	1576	/motion/mat001/57.nsbca
2466	49164800	49167528	2728	/motion/mat001/58.nsbca
2467	49167872	49173372	5500	/motion/mat001/59.nsbca
2468	49173504	49177372	3868	/motion/mat001/60.nsbca
2469	49177600	49186016	8416	/motion/mat001/61.nsbca
2470	49186304	49191320	5016	/motion/mat001/62.nsbca
2471	49191424	49194240	2816	/motion/mat001/63.nsbca
2472	49194496	49202732	8236	/motion/mat001/64.nsbca
2473	49203200	49212420	9220	/motion/mat002/00.nsbca
2474	49212928	49215636	2708	/motion/mat003/00.nsbca
2475	49216000	49222632	6632	/motion/mat003/01.nsbca
2476	49222656	49226824	4168	/motion/mat003/24.nsbca
2477	49227264	49228016	752	/motion/mat003/25.nsbca
2478	49228288	49231264	2976	/motion/mat003/39.nsbca
2479	49231360	49233908	2548	/motion/mat003/40.nsbca
2480	49233920	49237988	4068	/motion/mat003/41.nsbca
2481	49238016	49240740	2724	/motion/mat003/50.nsbca
2482	49241088	49245536	4448	/motion/mat003/51.nsbca
2483	49245696	49249620	3924	/motion/mat003/52.nsbca
2484	49249792	49251996	2204	/motion/mat003/53.nsbca
2485	49252352	49256708	4356	/motion/mat003/54.nsbca
2486	49256960	49264484	7524	/motion/mat003/55.nsbca
2487	49264640	49268480	3840	/motion/mat003/56.nsbca
2488	49268736	49270312	1576	/motion/mat003/57.nsbca
2489	49270784	49273512	2728	/motion/mat003/58.nsbca
2490	49273856	49279356	5500	/motion/mat003/59.nsbca
2491	49279488	49283356	3868	/motion/mat003/60.nsbca
2492	49283584	49292000	8416	/motion/mat003/61.nsbca
2493	49292288	49297304	5016	/motion/mat003/62.nsbca
2494	49297408	49306628	9220	/motion/mat00g/00.nsbca
2495	49307136	49316544	9408	/motion/mat00g/01.nsbca
2496	49316864	49328552	11688	/motion/mat00g/03.nsbca
2497	49328640	49336988	8348	/motion/mat00g/04.nsbca
2498	49337344	49338632	1288	/motion/mat00g/06.nsbca
2499	49338880	49340144	1264	/motion/mat00g/07.nsbca
2500	49340416	49341704	1288	/motion/mat00g/15.nsbca
2501	49341952	49355352	13400	/motion/mat00g/19.nsbca
2502	49355776	49369464	13688	/motion/mat00g/40.nsbca
2503	49369600	49391464	21864	/motion/mat00g/41.nsbca
2504	49391616	49404632	13016	/motion/mat00g/42.nsbca
2505	49404928	49423224	18296	/motion/mat00g/43.nsbca
2506	49423360	49439196	15836	/motion/mat00g/44.nsbca
2507	49439232	49458096	18864	/motion/mat00g/45.nsbca
2508	49458176	49464604	6428	/motion/nar000/00.nsbca
2509	49464832	49470768	5936	/motion/nar000/01.nsbca
2510	49470976	49476188	5212	/motion/nar010/00.nsbca
2511	49476608	49482452	5844	/motion/nar010/01.nsbca
2512	49482752	49486164	3412	/motion/nar020/00.nsbca
2513	49486336	49492460	6124	/motion/nar020/01.nsbca
2514	49492480	49496476	3996	/motion/nar020/02.nsbca
2515	49496576	49499652	3076	/motion/nar020/20.nsbca
2516	49500160	49502904	2744	/motion/nar020/21.nsbca
2517	49503232	49508164	4932	/motion/nar020/22.nsbca
2518	49508352	49510400	2048	/motion/nar020/28.nsbca
2519	49510400	49515452	5052	/motion/nar020/29.nsbca
2520	49515520	49517564	2044	/motion/nar020/30.nsbca
2521	49517568	49519488	1920	/motion/nar020/39.nsbca
2522	49519616	49521720	2104	/motion/nar020/40.nsbca
2523	49522176	49524168	1992	/motion/nar020/41.nsbca
2524	49524224	49526444	2220	/motion/nar020/50.nsbca
2525	49526784	49529004	2220	/motion/nar020/51.nsbca
2526	49529344	49533484	4140	/motion/nar020/52.nsbca
2527	49533952	49537396	3444	/motion/nar020/53.nsbca
2528	49537536	49545636	8100	/motion/nar020/54.nsbca
2529	49545728	49549132	3404	/motion/nar030/00.nsbca
2530	49549312	49554504	5192	/motion/nar030/01.nsbca
2531	49554944	49557200	2256	/motion/nar030/50.nsbca
2532	49557504	49560680	3176	/motion/nar040/00.nsbca
2533	49561088	49567044	5956	/motion/nar040/01.nsbca
2534	49567232	49571396	4164	/motion/nar040/02.nsbca
2535	49571840	49573844	2004	/motion/nar040/28.nsbca
2536	49573888	49579024	5136	/motion/nar040/29.nsbca
2537	49579520	49581480	1960	/motion/nar040/30.nsbca
2538	49581568	49583624	2056	/motion/nar040/39.nsbca
2539	49584128	49586252	2124	/motion/nar040/40.nsbca
2540	49586688	49588656	1968	/motion/nar040/41.nsbca
2541	49588736	49591868	3132	/motion/nar040/50.nsbca
2542	49592320	49596496	4176	/motion/nar040/51.nsbca
2543	49596928	49600124	3196	/motion/nar050/00.nsbca
2544	49600512	49605340	4828	/motion/nar050/01.nsbca
2545	49605632	49609792	4160	/motion/nar060/00.nsbca
2546	49610240	49617240	7000	/motion/nar060/01.nsbca
2547	49617408	49620320	2912	/motion/nar060/11.nsbca
2548	49620480	49623480	3000	/motion/nar060/27.nsbca
2549	49623552	49626644	3092	/motion/nar060/50.nsbca
2550	49627136	49633200	6064	/motion/nar060/51.nsbca
2551	49633280	49636540	3260	/motion/nar070/00.nsbca
2552	49636864	49644156	7292	/motion/nar070/01.nsbca
2553	49644544	49647576	3032	/motion/nar070/11.nsbca
2554	49647616	49650600	2984	/motion/nar070/27.nsbca
2555	49650688	49653528	2840	/motion/nar070/50.nsbca
2556	49653760	49660244	6484	/motion/nar070/51.nsbca
2557	49660416	49664680	4264	/motion/nar150/00.nsbca
2558	49665024	49671948	6924	/motion/nar150/01.nsbca
2559	49672192	49682192	10000	/motion/nar150/50.nsbca
2560	49682432	49685692	3260	/motion/nar70/00.nsbca
2561	49686016	49693308	7292	/motion/nar70/01.nsbca
2562	49693696	49696536	2840	/motion/nar70/50.nsbca
2563	49696768	49696976	208	/motion/obj003/116.nsbca
2564	49697280	49697632	352	/motion/obj005/50.nsbca
2565	49697792	49698516	724	/motion/obj005/51.nsbca
2566	49698816	49699168	352	/motion/obj006/50.nsbca
2567	49699328	49700356	1028	/motion/obj008/50.nsbca
2568	49700864	49701248	384	/motion/obj008/51.nsbca
2569	49701376	49701548	172	/motion/obj015/00.nsbca
2570	49701888	49702764	876	/motion/obj015/50.nsbca
2571	49702912	49703788	876	/motion/obj015/51.nsbca
2572	49703936	49704460	524	/motion/obj016/00.nsbca
2573	49704960	49709524	4564	/motion/ori000/00.nsbca
2574	49709568	49717904	8336	/motion/ori000/01.nsbca
2575	49718272	49720900	2628	/motion/ori000/32.nsbca
2576	49721344	49726640	5296	/motion/ori000/50.nsbca
2577	49726976	49731256	4280	/motion/ori000/51.nsbca
2578	49731584	49734060	2476	/motion/osw000/00.nsbca
2579	49734144	49740320	6176	/motion/osw000/01.nsbca
2580	49740800	49744236	3436	/motion/osw000/49.nsbca
2581	49744384	49750448	6064	/motion/osw000/50.nsbca
2582	49750528	49753164	2636	/motion/osw000/51.nsbca
2583	49753600	49761304	7704	/motion/osw000/52.nsbca
2584	49761792	49764752	2960	/motion/osw000/53.nsbca
2585	49764864	49769032	4168	/motion/osw000/54.nsbca
2586	49769472	49771696	2224	/motion/osw000/55.nsbca
2587	49772032	49776084	4052	/motion/osw000/56.nsbca
2588	49776128	49780932	4804	/motion/reg010/00.nsbca
2589	49781248	49786976	5728	/motion/reg010/01.nsbca
2590	49787392	49790804	3412	/motion/reg020/00.nsbca
2591	49790976	49797100	6124	/motion/reg020/01.nsbca
2592	49797120	49801116	3996	/motion/reg020/02.nsbca
2593	49801216	49804292	3076	/motion/reg020/20.nsbca
2594	49804800	49807544	2744	/motion/reg020/21.nsbca
2595	49807872	49812804	4932	/motion/reg020/22.nsbca
2596	49812992	49815040	2048	/motion/reg020/28.nsbca
2597	49815040	49820092	5052	/motion/reg020/29.nsbca
2598	49820160	49822204	2044	/motion/reg020/30.nsbca
2599	49822208	49824128	1920	/motion/reg020/39.nsbca
2600	49824256	49826360	2104	/motion/reg020/40.nsbca
2601	49826816	49828808	1992	/motion/reg020/41.nsbca
2602	49828864	49831084	2220	/motion/reg020/50.nsbca
2603	49831424	49833644	2220	/motion/reg020/51.nsbca
2604	49833984	49838124	4140	/motion/reg020/52.nsbca
2605	49838592	49842036	3444	/motion/reg020/53.nsbca
2606	49842176	49850276	8100	/motion/reg020/54.nsbca
2607	49850368	49853780	3412	/motion/reg022/00.nsbca
2608	49853952	49860076	6124	/motion/reg022/01.nsbca
2609	49860096	49864092	3996	/motion/reg022/02.nsbca
2610	49864192	49867268	3076	/motion/reg022/20.nsbca
2611	49867776	49870520	2744	/motion/reg022/21.nsbca
2612	49870848	49875780	4932	/motion/reg022/22.nsbca
2613	49875968	49878016	2048	/motion/reg022/28.nsbca
2614	49878016	49883068	5052	/motion/reg022/29.nsbca
2615	49883136	49885180	2044	/motion/reg022/30.nsbca
2616	49885184	49887104	1920	/motion/reg022/39.nsbca
2617	49887232	49889336	2104	/motion/reg022/40.nsbca
2618	49889792	49891784	1992	/motion/reg022/41.nsbca
2619	49891840	49894060	2220	/motion/reg022/50.nsbca
2620	49894400	49896620	2220	/motion/reg022/51.nsbca
2621	49896960	49901100	4140	/motion/reg022/52.nsbca
2622	49901568	49905012	3444	/motion/reg022/53.nsbca
2623	49905152	49913252	8100	/motion/reg022/54.nsbca
2624	49913344	49916756	3412	/motion/reg023/00.nsbca
2625	49916928	49923052	6124	/motion/reg023/01.nsbca
2626	49923072	49927068	3996	/motion/reg023/02.nsbca
2627	49927168	49930244	3076	/motion/reg023/20.nsbca
2628	49930752	49933496	2744	/motion/reg023/21.nsbca
2629	49933824	49938756	4932	/motion/reg023/22.nsbca
2630	49938944	49940992	2048	/motion/reg023/28.nsbca
2631	49940992	49946044	5052	/motion/reg023/29.nsbca
2632	49946112	49948156	2044	/motion/reg023/30.nsbca
2633	49948160	49950080	1920	/motion/reg023/39.nsbca
2634	49950208	49952312	2104	/motion/reg023/40.nsbca
2635	49952768	49954760	1992	/motion/reg023/41.nsbca
2636	49954816	49957036	2220	/motion/reg023/50.nsbca
2637	49957376	49959596	2220	/motion/reg023/51.nsbca
2638	49959936	49964076	4140	/motion/reg023/52.nsbca
2639	49964544	49967988	3444	/motion/reg023/53.nsbca
2640	49968128	49976228	8100	/motion/reg023/54.nsbca
2641	49976320	49979724	3404	/motion/reg030/00.nsbca
2642	49979904	49985096	5192	/motion/reg030/01.nsbca
2643	49985536	49987792	2256	/motion/reg030/50.nsbca
2644	49988096	49991500	3404	/motion/reg032/00.nsbca
2645	49991680	49996676	4996	/motion/reg032/01.nsbca
2646	49996800	49999056	2256	/motion/reg032/50.nsbca
2647	49999360	50001616	2256	/motion/reg032/51.nsbca
2648	50001920	50004976	3056	/motion/reg032/52.nsbca
2649	50004992	50009980	4988	/motion/reg032/53.nsbca
2650	50010112	50013288	3176	/motion/reg040/00.nsbca
2651	50013696	50019652	5956	/motion/reg040/01.nsbca
2652	50019840	50024004	4164	/motion/reg040/02.nsbca
2653	50024448	50026452	2004	/motion/reg040/28.nsbca
2654	50026496	50031632	5136	/motion/reg040/29.nsbca
2655	50032128	50034088	1960	/motion/reg040/30.nsbca
2656	50034176	50036232	2056	/motion/reg040/39.nsbca
2657	50036736	50038860	2124	/motion/reg040/40.nsbca
2658	50039296	50041264	1968	/motion/reg040/41.nsbca
2659	50041344	50044476	3132	/motion/reg040/50.nsbca
2660	50044928	50049104	4176	/motion/reg040/51.nsbca
2661	50049536	50052712	3176	/motion/reg043/00.nsbca
2662	50053120	50059076	5956	/motion/reg043/01.nsbca
2663	50059264	50063428	4164	/motion/reg043/02.nsbca
2664	50063872	50065876	2004	/motion/reg043/28.nsbca
2665	50065920	50071056	5136	/motion/reg043/29.nsbca
2666	50071552	50073512	1960	/motion/reg043/30.nsbca
2667	50073600	50075656	2056	/motion/reg043/39.nsbca
2668	50076160	50078284	2124	/motion/reg043/40.nsbca
2669	50078720	50080688	1968	/motion/reg043/41.nsbca
2670	50080768	50083900	3132	/motion/reg043/50.nsbca
2671	50084352	50088528	4176	/motion/reg043/51.nsbca
2672	50088960	50092156	3196	/motion/reg050/00.nsbca
2673	50092544	50097372	4828	/motion/reg050/01.nsbca
2674	50097664	50100860	3196	/motion/reg053/00.nsbca
2675	50101248	50106076	4828	/motion/reg053/01.nsbca
2676	50106368	50110528	4160	/motion/reg060/00.nsbca
2677	50110976	50117976	7000	/motion/reg060/01.nsbca
2678	50118144	50121056	2912	/motion/reg060/11.nsbca
2679	50121216	50124216	3000	/motion/reg060/27.nsbca
2680	50124288	50127380	3092	/motion/reg060/50.nsbca
2681	50127872	50133936	6064	/motion/reg060/51.nsbca
2682	50134016	50137276	3260	/motion/reg070/00.nsbca
2683	50137600	50144892	7292	/motion/reg070/01.nsbca
2684	50145280	50148312	3032	/motion/reg070/11.nsbca
2685	50148352	50151336	2984	/motion/reg070/27.nsbca
2686	50151424	50154264	2840	/motion/reg070/50.nsbca
2687	50154496	50160980	6484	/motion/reg070/51.nsbca
2688	50161152	50165164	4012	/motion/reg080/00.nsbca
2689	50165248	50172716	7468	/motion/reg080/01.nsbca
2690	50172928	50176928	4000	/motion/reg080/02.nsbca
2691	50177024	50178836	1812	/motion/reg080/39.nsbca
2692	50179072	50181212	2140	/motion/reg080/40.nsbca
2693	50181632	50183524	1892	/motion/reg080/41.nsbca
2694	50183680	50186300	2620	/motion/reg080/50.nsbca
2695	50186752	50190472	3720	/motion/reg080/51.nsbca
2696	50190848	50194812	3964	/motion/reg080/52.nsbca
2697	50194944	50204352	9408	/motion/reg080/53.nsbca
2698	50204672	50209064	4392	/motion/reg080/54.nsbca
2699	50209280	50211156	1876	/motion/reg080/55.nsbca
2700	50211328	50215968	4640	/motion/reg080/56.nsbca
2701	50216448	50219680	3232	/motion/reg080/57.nsbca
2702	50220032	50224044	4012	/motion/reg081/00.nsbca
2703	50224128	50231596	7468	/motion/reg081/01.nsbca
2704	50231808	50235808	4000	/motion/reg081/02.nsbca
2705	50235904	50237716	1812	/motion/reg081/39.nsbca
2706	50237952	50240092	2140	/motion/reg081/40.nsbca
2707	50240512	50242404	1892	/motion/reg081/41.nsbca
2708	50242560	50245180	2620	/motion/reg081/50.nsbca
2709	50245632	50249352	3720	/motion/reg081/51.nsbca
2710	50249728	50253692	3964	/motion/reg081/52.nsbca
2711	50253824	50263232	9408	/motion/reg081/53.nsbca
2712	50263552	50267944	4392	/motion/reg081/54.nsbca
2713	50268160	50270036	1876	/motion/reg081/55.nsbca
2714	50270208	50274848	4640	/motion/reg081/56.nsbca
2715	50275328	50278560	3232	/motion/reg081/57.nsbca
2716	50278912	50282904	3992	/motion/reg090/00.nsbca
2717	50283008	50292164	9156	/motion/reg090/01.nsbca
2718	50292224	50298292	6068	/motion/reg090/02.nsbca
2719	50298368	50302692	4324	/motion/reg090/11.nsbca
2720	50302976	50307524	4548	/motion/reg090/12.nsbca
2721	50307584	50310876	3292	/motion/reg090/13.nsbca
2722	50311168	50314524	3356	/motion/reg090/50.nsbca
2723	50314752	50318556	3804	/motion/reg090/51.nsbca
2724	50318848	50323972	5124	/motion/reg090/52.nsbca
2725	50324480	50328488	4008	/motion/reg100/00.nsbca
2726	50328576	50338284	9708	/motion/reg100/01.nsbca
2727	50338304	50343988	5684	/motion/reg100/02.nsbca
2728	50344448	50348152	3704	/motion/reg100/11.nsbca
2729	50348544	50352368	3824	/motion/reg100/12.nsbca
2730	50352640	50357340	4700	/motion/reg100/13.nsbca
2731	50357760	50361896	4136	/motion/reg100/50.nsbca
2732	50362368	50366464	4096	/motion/reg100/51.nsbca
2733	50366464	50370232	3768	/motion/reg100/52.nsbca
2734	50370560	50376356	5796	/motion/reg110/00.nsbca
2735	50376704	50386788	10084	/motion/reg110/01.nsbca
2736	50386944	50391580	4636	/motion/reg110/36.nsbca
2737	50392064	50397352	5288	/motion/reg110/39.nsbca
2738	50397696	50404552	6856	/motion/reg110/50.nsbca
2739	50404864	50411376	6512	/motion/reg110/51.nsbca
2740	50411520	50415324	3804	/motion/reg110/52.nsbca
2741	50415616	50418332	2716	/motion/reg110/53.nsbca
2742	50418688	50426064	7376	/motion/reg110/54.nsbca
2743	50426368	50432752	6384	/motion/reg110/55.nsbca
2744	50433024	50438160	5136	/motion/reg110/56.nsbca
2745	50438656	50451768	13112	/motion/reg120/00.nsbca
2746	50451968	50462860	10892	/motion/reg130/00.nsbca
2747	50463232	50472808	9576	/motion/reg130/01.nsbca
2748	50472960	50476956	3996	/motion/reg130/02.nsbca
2749	50477056	50480948	3892	/motion/reg140/00.nsbca
2750	50481152	50489820	8668	/motion/reg140/01.nsbca
2751	50489856	50493816	3960	/motion/reg140/50.nsbca
2752	50493952	50497388	3436	/motion/reg140/51.nsbca
2753	50497536	50502932	5396	/motion/reg140/52.nsbca
2754	50503168	50509480	6312	/motion/reg190/00.nsbca
2755	50509824	50517716	7892	/motion/reg190/01.nsbca
2756	50518016	50522980	4964	/motion/ric000/00.nsbca
2757	50523136	50530152	7016	/motion/ric000/01.nsbca
2758	50530304	50535292	4988	/motion/ric000/02.nsbca
2759	50535424	50548912	13488	/motion/ric000/03.nsbca
2760	50549248	50553076	3828	/motion/ric000/04.nsbca
2761	50553344	50558156	4812	/motion/ric000/05.nsbca
2762	50558464	50562172	3708	/motion/ric000/06.nsbca
2763	50562560	50567572	5012	/motion/ric000/07.nsbca
2764	50567680	50571592	3912	/motion/ric000/08.nsbca
2765	50571776	50581080	9304	/motion/ric000/09.nsbca
2766	50581504	50587340	5836	/motion/ric000/11.nsbca
2767	50587648	50591048	3400	/motion/ric000/18.nsbca
2768	50591232	50597028	5796	/motion/ric000/19.nsbca
2769	50597376	50602388	5012	/motion/ric000/27.nsbca
2770	50602496	50610396	7900	/motion/ric000/33.nsbca
2771	50610688	50615812	5124	/motion/ric000/34.nsbca
2772	50616320	50626624	10304	/motion/ric000/35.nsbca
2773	50627072	50632412	5340	/motion/ric000/37.nsbca
2774	50632704	50633640	936	/motion/ric000/48.nsbca
2775	50633728	50639288	5560	/motion/ric000/49.nsbca
2776	50639360	50658352	18992	/motion/ric000/50.nsbca
2777	50658816	50664208	5392	/motion/ric000/51.nsbca
2778	50664448	50673820	9372	/motion/ric000/52.nsbca
2779	50674176	50687720	13544	/motion/ric000/53.nsbca
2780	50688000	50692156	4156	/motion/ric000/54.nsbca
2781	50692608	50700612	8004	/motion/ric000/55.nsbca
2782	50700800	50704904	4104	/motion/ric000/56.nsbca
2783	50705408	50720768	15360	/motion/ric000/57.nsbca
2784	50720768	50725712	4944	/motion/ric000/58.nsbca
2785	50725888	50730984	5096	/motion/ric000/59.nsbca
2786	50731008	50736772	5764	/motion/ric000/60.nsbca
2787	50737152	50742288	5136	/motion/ric000/61.nsbca
2788	50742784	50747808	5024	/motion/ric000/62.nsbca
2789	50747904	50752856	4952	/motion/ric000/63.nsbca
2790	50753024	50757872	4848	/motion/ric000/64.nsbca
2791	50758144	50764300	6156	/motion/ric000/65.nsbca
2792	50764800	50769556	4756	/motion/ric000/66.nsbca
2793	50769920	50774896	4976	/motion/ric000/67.nsbca
2794	50775040	50780524	5484	/motion/ric000/68.nsbca
2795	50780672	50793992	13320	/motion/ric000/69.nsbca
2796	50794496	50796664	2168	/motion/ric000/70.nsbca
2797	50797056	50802896	5840	/motion/ric000/71.nsbca
2798	50803200	50808008	4808	/motion/ric000/72.nsbca
2799	50808320	50816752	8432	/motion/ric000/73.nsbca
2800	50817024	50826924	9900	/motion/ric000/74.nsbca
2801	50827264	50831224	3960	/motion/ruc000/00.nsbca
2802	50831360	50838548	7188	/motion/ruc000/01.nsbca
2803	50839040	50843476	4436	/motion/ruc000/02.nsbca
2804	50843648	50856544	12896	/motion/ruc000/03.nsbca
2805	50856960	50862108	5148	/motion/ruc000/04.nsbca
2806	50862592	50866136	3544	/motion/ruc000/05.nsbca
2807	50866176	50872832	6656	/motion/ruc000/06.nsbca
2808	50872832	50877120	4288	/motion/ruc000/07.nsbca
2809	50877440	50881444	4004	/motion/ruc000/08.nsbca
2810	50881536	50889968	8432	/motion/ruc000/09.nsbca
2811	50890240	50894596	4356	/motion/ruc000/10.nsbca
2812	50894848	50898508	3660	/motion/ruc000/11.nsbca
2813	50898944	50903184	4240	/motion/ruc000/12.nsbca
2814	50903552	50906136	2584	/motion/ruc000/13.nsbca
2815	50906624	50910292	3668	/motion/ruc000/14.nsbca
2816	50910720	50913384	2664	/motion/ruc000/15.nsbca
2817	50913792	50919624	5832	/motion/ruc000/16.nsbca
2818	50919936	50922596	2660	/motion/ruc000/17.nsbca
2819	50923008	50925932	2924	/motion/ruc000/18.nsbca
2820	50926080	50929732	3652	/motion/ruc000/19.nsbca
2821	50930176	50932404	2228	/motion/ruc000/20.nsbca
2822	50932736	50935980	3244	/motion/ruc000/21.nsbca
2823	50936320	50941640	5320	/motion/ruc000/22.nsbca
2824	50941952	50950748	8796	/motion/ruc000/23.nsbca
2825	50951168	50955540	4372	/motion/ruc000/24.nsbca
2826	50955776	50959208	3432	/motion/ruc000/25.nsbca
2827	50959360	50964516	5156	/motion/ruc000/26.nsbca
2828	50964992	50969688	4696	/motion/ruc000/27.nsbca
2829	50970112	50972104	1992	/motion/ruc000/28.nsbca
2830	50972160	50976008	3848	/motion/ruc000/29.nsbca
2831	50976256	50978452	2196	/motion/ruc000/30.nsbca
2832	50978816	50986800	7984	/motion/ruc000/31.nsbca
2833	50987008	50990608	3600	/motion/ruc000/32.nsbca
2834	50991104	50995360	4256	/motion/ruc000/33.nsbca
2835	50995712	50999992	4280	/motion/ruc000/34.nsbca
2836	51000320	51011496	11176	/motion/ruc000/35.nsbca
2837	51011584	51016336	4752	/motion/ruc000/36.nsbca
2838	51016704	51021080	4376	/motion/ruc000/37.nsbca
2839	51021312	51024308	2996	/motion/ruc000/38.nsbca
2840	51024384	51026304	1920	/motion/ruc000/39.nsbca
2841	51026432	51028892	2460	/motion/ruc000/40.nsbca
2842	51028992	51030976	1984	/motion/ruc000/41.nsbca
2843	51031040	51032988	1948	/motion/ruc000/45.nsbca
2844	51033088	51037556	4468	/motion/ruc000/46.nsbca
2845	51037696	51038544	848	/motion/ruc000/48.nsbca
2846	51038720	51042752	4032	/motion/ruc000/49.nsbca
2847	51042816	51047480	4664	/motion/ruc000/50.nsbca
2848	51047936	51060752	12816	/motion/ruc000/51.nsbca
2849	51061248	51064020	2772	/motion/ruc000/52.nsbca
2850	51064320	51070748	6428	/motion/ruc000/53.nsbca
2851	51070976	51076240	5264	/motion/ruc000/54.nsbca
2852	51076608	51080976	4368	/motion/ruc000/55.nsbca
2853	51081216	51085232	4016	/motion/ruc000/56.nsbca
2854	51085312	51089372	4060	/motion/ruc000/57.nsbca
2855	51089408	51098156	8748	/motion/ruc000/58.nsbca
2856	51098624	51102972	4348	/motion/ruc000/59.nsbca
2857	51103232	51106108	2876	/motion/ruc000/60.nsbca
2858	51106304	51111864	5560	/motion/ruc000/61.nsbca
2859	51111936	51114696	2760	/motion/ruc000/62.nsbca
2860	51115008	51119252	4244	/motion/ruc000/63.nsbca
2861	51119616	51121804	2188	/motion/ruc000/64.nsbca
2862	51122176	51125980	3804	/motion/ruc000/65.nsbca
2863	51126272	51130776	4504	/motion/ruc000/66.nsbca
2864	51130880	51137012	6132	/motion/ruc000/67.nsbca
2865	51137024	51141412	4388	/motion/ruc000/68.nsbca
2866	51141632	51145044	3412	/motion/ruc000/69.nsbca
2867	51145216	51147676	2460	/motion/ruc000/70.nsbca
2868	51147776	51152284	4508	/motion/ruc000/71.nsbca
2869	51152384	51160144	7760	/motion/ruc000/72.nsbca
2870	51160576	51163136	2560	/motion/ruc000/73.nsbca
2871	51163136	51166796	3660	/motion/ruc000/74.nsbca
2872	51167232	51170924	3692	/motion/ruc000/75.nsbca
2873	51171328	51179464	8136	/motion/ruc000/76.nsbca
2874	51179520	51184916	5396	/motion/ruc000/77.nsbca
2875	51185152	51189272	4120	/motion/ruc000/78.nsbca
2876	51189760	51193820	4060	/motion/ruc000/79.nsbca
2877	51193856	51199596	5740	/motion/ruc000/80.nsbca
2878	51200000	51203972	3972	/motion/ruc000/81.nsbca
2879	51204096	51208696	4600	/motion/ruc000/82.nsbca
2880	51208704	51215560	6856	/motion/ruc000/83.nsbca
2881	51215872	51219976	4104	/motion/ruc000/84.nsbca
2882	51220480	51225268	4788	/motion/ruc000/85.nsbca
2883	51225600	51227392	1792	/motion/ruc000/86.nsbca
2884	51227648	51232340	4692	/motion/ruc000/87.nsbca
2885	51232768	51237868	5100	/motion/ruc000/88.nsbca
2886	51237888	51240968	3080	/motion/ruc000/89.nsbca
2887	51241472	51246140	4668	/motion/ruc000/90.nsbca
2888	51246592	51250540	3948	/motion/ruc000/91.nsbca
2889	51250688	51254912	4224	/motion/ruc000/92.nsbca
2890	51255296	51258268	2972	/motion/ruc000/93.nsbca
2891	51258368	51262312	3944	/motion/ruc000/94.nsbca
2892	51262464	51267836	5372	/motion/ruc000/95.nsbca
2893	51268096	51272056	3960	/motion/ruc001/00.nsbca
2894	51272192	51279380	7188	/motion/ruc001/01.nsbca
2895	51279872	51284308	4436	/motion/ruc001/02.nsbca
2896	51284480	51297376	12896	/motion/ruc001/03.nsbca
2897	51297792	51302940	5148	/motion/ruc001/04.nsbca
2898	51303424	51306968	3544	/motion/ruc001/05.nsbca
2899	51307008	51313664	6656	/motion/ruc001/06.nsbca
2900	51313664	51317952	4288	/motion/ruc001/07.nsbca
2901	51318272	51322276	4004	/motion/ruc001/08.nsbca
2902	51322368	51330800	8432	/motion/ruc001/09.nsbca
2903	51331072	51335428	4356	/motion/ruc001/10.nsbca
2904	51335680	51339340	3660	/motion/ruc001/11.nsbca
2905	51339776	51344016	4240	/motion/ruc001/12.nsbca
2906	51344384	51346968	2584	/motion/ruc001/13.nsbca
2907	51347456	51351124	3668	/motion/ruc001/14.nsbca
2908	51351552	51354216	2664	/motion/ruc001/15.nsbca
2909	51354624	51360456	5832	/motion/ruc001/16.nsbca
2910	51360768	51363428	2660	/motion/ruc001/17.nsbca
2911	51363840	51366764	2924	/motion/ruc001/18.nsbca
2912	51366912	51370564	3652	/motion/ruc001/19.nsbca
2913	51371008	51373236	2228	/motion/ruc001/20.nsbca
2914	51373568	51376812	3244	/motion/ruc001/21.nsbca
2915	51377152	51382472	5320	/motion/ruc001/22.nsbca
2916	51382784	51391580	8796	/motion/ruc001/23.nsbca
2917	51392000	51396372	4372	/motion/ruc001/24.nsbca
2918	51396608	51400040	3432	/motion/ruc001/25.nsbca
2919	51400192	51405348	5156	/motion/ruc001/26.nsbca
2920	51405824	51410520	4696	/motion/ruc001/27.nsbca
2921	51410944	51412936	1992	/motion/ruc001/28.nsbca
2922	51412992	51416840	3848	/motion/ruc001/29.nsbca
2923	51417088	51419284	2196	/motion/ruc001/30.nsbca
2924	51419648	51427632	7984	/motion/ruc001/31.nsbca
2925	51427840	51431440	3600	/motion/ruc001/32.nsbca
2926	51431936	51436192	4256	/motion/ruc001/33.nsbca
2927	51436544	51440824	4280	/motion/ruc001/34.nsbca
2928	51441152	51452328	11176	/motion/ruc001/35.nsbca
2929	51452416	51457168	4752	/motion/ruc001/36.nsbca
2930	51457536	51461912	4376	/motion/ruc001/37.nsbca
2931	51462144	51465140	2996	/motion/ruc001/38.nsbca
2932	51465216	51467136	1920	/motion/ruc001/39.nsbca
2933	51467264	51469724	2460	/motion/ruc001/40.nsbca
2934	51469824	51471808	1984	/motion/ruc001/41.nsbca
2935	51471872	51473820	1948	/motion/ruc001/45.nsbca
2936	51473920	51478388	4468	/motion/ruc001/46.nsbca
2937	51478528	51479376	848	/motion/ruc001/48.nsbca
2938	51479552	51483584	4032	/motion/ruc001/49.nsbca
2939	51483648	51488312	4664	/motion/ruc001/50.nsbca
2940	51488768	51501584	12816	/motion/ruc001/51.nsbca
2941	51502080	51504852	2772	/motion/ruc001/52.nsbca
2942	51505152	51511580	6428	/motion/ruc001/53.nsbca
2943	51511808	51517072	5264	/motion/ruc001/54.nsbca
2944	51517440	51521808	4368	/motion/ruc001/55.nsbca
2945	51522048	51526064	4016	/motion/ruc001/56.nsbca
2946	51526144	51530204	4060	/motion/ruc001/57.nsbca
2947	51530240	51538988	8748	/motion/ruc001/58.nsbca
2948	51539456	51543804	4348	/motion/ruc001/59.nsbca
2949	51544064	51546940	2876	/motion/ruc001/60.nsbca
2950	51547136	51552696	5560	/motion/ruc001/61.nsbca
2951	51552768	51555528	2760	/motion/ruc001/62.nsbca
2952	51555840	51560084	4244	/motion/ruc001/63.nsbca
2953	51560448	51562636	2188	/motion/ruc001/64.nsbca
2954	51563008	51566812	3804	/motion/ruc001/65.nsbca
2955	51567104	51571608	4504	/motion/ruc001/66.nsbca
2956	51571712	51577844	6132	/motion/ruc001/67.nsbca
2957	51577856	51582244	4388	/motion/ruc001/68.nsbca
2958	51582464	51585876	3412	/motion/ruc001/69.nsbca
2959	51586048	51588508	2460	/motion/ruc001/70.nsbca
2960	51588608	51593116	4508	/motion/ruc001/71.nsbca
2961	51593216	51600976	7760	/motion/ruc001/72.nsbca
2962	51601408	51603968	2560	/motion/ruc001/73.nsbca
2963	51603968	51607628	3660	/motion/ruc001/74.nsbca
2964	51608064	51611756	3692	/motion/ruc001/75.nsbca
2965	51612160	51620296	8136	/motion/ruc001/76.nsbca
2966	51620352	51625748	5396	/motion/ruc001/77.nsbca
2967	51625984	51630104	4120	/motion/ruc001/78.nsbca
2968	51630592	51634652	4060	/motion/ruc001/79.nsbca
2969	51634688	51640428	5740	/motion/ruc001/80.nsbca
2970	51640832	51644804	3972	/motion/ruc001/81.nsbca
2971	51644928	51649528	4600	/motion/ruc001/82.nsbca
2972	51649536	51656392	6856	/motion/ruc001/83.nsbca
2973	51656704	51660808	4104	/motion/ruc001/84.nsbca
2974	51661312	51666100	4788	/motion/ruc001/85.nsbca
2975	51666432	51668224	1792	/motion/ruc001/86.nsbca
2976	51668480	51673172	4692	/motion/ruc001/87.nsbca
2977	51673600	51678700	5100	/motion/ruc001/88.nsbca
2978	51678720	51681800	3080	/motion/ruc001/89.nsbca
2979	51682304	51686972	4668	/motion/ruc001/90.nsbca
2980	51687424	51691372	3948	/motion/ruc001/91.nsbca
2981	51691520	51695744	4224	/motion/ruc001/92.nsbca
2982	51696128	51699100	2972	/motion/ruc001/93.nsbca
2983	51699200	51703144	3944	/motion/ruc001/94.nsbca
2984	51703296	51708668	5372	/motion/ruc001/95.nsbca
2985	51708928	51712104	3176	/motion/sailor00/00.nsbca
2986	51712512	51718468	5956	/motion/sailor00/01.nsbca
2987	51718656	51722820	4164	/motion/sailor00/02.nsbca
2988	51723264	51725268	2004	/motion/sailor00/28.nsbca
2989	51725312	51730448	5136	/motion/sailor00/29.nsbca
2990	51730944	51732904	1960	/motion/sailor00/30.nsbca
2991	51732992	51735048	2056	/motion/sailor00/39.nsbca
2992	51735552	51737676	2124	/motion/sailor00/40.nsbca
2993	51738112	51740080	1968	/motion/sailor00/41.nsbca
2994	51740160	51743292	3132	/motion/sailor00/50.nsbca
2995	51743744	51747920	4176	/motion/sailor00/51.nsbca
2996	51748352	51753300	4948	/motion/sak000/00.nsbca
2997	51753472	51760448	6976	/motion/sak000/01.nsbca
2998	51760640	51766772	6132	/motion/sak000/27.nsbca
2999	51766784	51772760	5976	/motion/sak000/29.nsbca
3000	51772928	51776764	3836	/motion/sak000/51.nsbca
3001	51777024	51780692	3668	/motion/sak000/52.nsbca
3002	51781120	51785840	4720	/motion/sak000/53.nsbca
3003	51786240	51792668	6428	/motion/san000/00.nsbca
3004	51792896	51798832	5936	/motion/san000/01.nsbca
3005	51799040	51804252	5212	/motion/san010/00.nsbca
3006	51804672	51810516	5844	/motion/san010/01.nsbca
3007	51810816	51814228	3412	/motion/san020/00.nsbca
3008	51814400	51820524	6124	/motion/san020/01.nsbca
3009	51820544	51824540	3996	/motion/san020/02.nsbca
3010	51824640	51827716	3076	/motion/san020/20.nsbca
3011	51828224	51830968	2744	/motion/san020/21.nsbca
3012	51831296	51836228	4932	/motion/san020/22.nsbca
3013	51836416	51838464	2048	/motion/san020/28.nsbca
3014	51838464	51843516	5052	/motion/san020/29.nsbca
3015	51843584	51845628	2044	/motion/san020/30.nsbca
3016	51845632	51847552	1920	/motion/san020/39.nsbca
3017	51847680	51849784	2104	/motion/san020/40.nsbca
3018	51850240	51852232	1992	/motion/san020/41.nsbca
3019	51852288	51854508	2220	/motion/san020/50.nsbca
3020	51854848	51857068	2220	/motion/san020/51.nsbca
3021	51857408	51861548	4140	/motion/san020/52.nsbca
3022	51862016	51865460	3444	/motion/san020/53.nsbca
3023	51865600	51873700	8100	/motion/san020/54.nsbca
3024	51873792	51877196	3404	/motion/san030/00.nsbca
3025	51877376	51882568	5192	/motion/san030/01.nsbca
3026	51883008	51885264	2256	/motion/san030/50.nsbca
3027	51885568	51888744	3176	/motion/san040/00.nsbca
3028	51889152	51895108	5956	/motion/san040/01.nsbca
3029	51895296	51899460	4164	/motion/san040/02.nsbca
3030	51899904	51901908	2004	/motion/san040/28.nsbca
3031	51901952	51907088	5136	/motion/san040/29.nsbca
3032	51907584	51909544	1960	/motion/san040/30.nsbca
3033	51909632	51911688	2056	/motion/san040/39.nsbca
3034	51912192	51914316	2124	/motion/san040/40.nsbca
3035	51914752	51916720	1968	/motion/san040/41.nsbca
3036	51916800	51919932	3132	/motion/san040/50.nsbca
3037	51920384	51924560	4176	/motion/san040/51.nsbca
3038	51924992	51928188	3196	/motion/san050/00.nsbca
3039	51928576	51933404	4828	/motion/san050/01.nsbca
3040	51933696	51937856	4160	/motion/san060/00.nsbca
3041	51938304	51945304	7000	/motion/san060/01.nsbca
3042	51945472	51948384	2912	/motion/san060/11.nsbca
3043	51948544	51951544	3000	/motion/san060/27.nsbca
3044	51951616	51954708	3092	/motion/san060/50.nsbca
3045	51955200	51961264	6064	/motion/san060/51.nsbca
3046	51961344	51964604	3260	/motion/san070/00.nsbca
3047	51964928	51972220	7292	/motion/san070/01.nsbca
3048	51972608	51975640	3032	/motion/san070/11.nsbca
3049	51975680	51978664	2984	/motion/san070/27.nsbca
3050	51978752	51981592	2840	/motion/san070/50.nsbca
3051	51981824	51988308	6484	/motion/san070/51.nsbca
3052	51988480	51992628	4148	/motion/shop00/00.nsbca
3053	51993088	51997236	4148	/motion/shop01/00.nsbca
3054	51997696	52001844	4148	/motion/shop02/00.nsbca
3055	52002304	52006452	4148	/motion/shop03/00.nsbca
3056	52006912	52010376	3464	/motion/sia000/00.nsbca
3057	52010496	52018276	7780	/motion/sia000/01.nsbca
3058	52018688	52022668	3980	/motion/sia000/02.nsbca
3059	52022784	52031008	8224	/motion/sia000/12.nsbca
3060	52031488	52035432	3944	/motion/sia000/13.nsbca
3061	52035584	52037544	1960	/motion/sia000/20.nsbca
3062	52037632	52042284	4652	/motion/sia000/21.nsbca
3063	52042752	52046060	3308	/motion/sia000/22.nsbca
3064	52046336	52050208	3872	/motion/sia000/23.nsbca
3065	52050432	52052424	1992	/motion/sia000/28.nsbca
3066	52052480	52056020	3540	/motion/sia000/29.nsbca
3067	52056064	52058604	2540	/motion/sia000/30.nsbca
3068	52058624	52061116	2492	/motion/sia000/32.nsbca
3069	52061184	52063616	2432	/motion/sia000/50.nsbca
3070	52063744	52067208	3464	/motion/sia000/51.nsbca
3071	52067328	52070096	2768	/motion/sia000/52.nsbca
3072	52070400	52072412	2012	/motion/sia000/53.nsbca
3073	52072448	52073976	1528	/motion/sia000/54.nsbca
3074	52073984	52079380	5396	/motion/sia000/55.nsbca
3075	52079616	52082552	2936	/motion/sia000/56.nsbca
3076	52082688	52087524	4836	/motion/sia000/57.nsbca
3077	52087808	52092792	4984	/motion/sia000/58.nsbca
3078	52092928	52098508	5580	/motion/sia000/59.nsbca
3079	52098560	52103688	5128	/motion/sia000/60.nsbca
3080	52104192	52108696	4504	/motion/sia000/61.nsbca
3081	52108800	52111864	3064	/motion/spa000/00.nsbca
3082	52111872	52119468	7596	/motion/spa000/01.nsbca
3083	52119552	52124164	4612	/motion/spa000/02.nsbca
3084	52124672	52140900	16228	/motion/spa000/03.nsbca
3085	52141056	52154928	13872	/motion/spa000/04.nsbca
3086	52155392	52164720	9328	/motion/spa000/05.nsbca
3087	52165120	52172888	7768	/motion/spa000/06.nsbca
3088	52173312	52177972	4660	/motion/spa000/07.nsbca
3089	52178432	52182204	3772	/motion/spa000/08.nsbca
3090	52182528	52189024	6496	/motion/spa000/09.nsbca
3091	52189184	52193860	4676	/motion/spa000/11.nsbca
3092	52194304	52199044	4740	/motion/spa000/12.nsbca
3093	52199424	52203192	3768	/motion/spa000/13.nsbca
3094	52203520	52209492	5972	/motion/spa000/16.nsbca
3095	52209664	52214452	4788	/motion/spa000/17.nsbca
3096	52214784	52218148	3364	/motion/spa000/20.nsbca
3097	52218368	52221852	3484	/motion/spa000/21.nsbca
3098	52221952	52227460	5508	/motion/spa000/22.nsbca
3099	52227584	52237336	9752	/motion/spa000/23.nsbca
3100	52237824	52242832	5008	/motion/spa000/24.nsbca
3101	52242944	52246576	3632	/motion/spa000/25.nsbca
3102	52247040	52253304	6264	/motion/spa000/26.nsbca
3103	52253696	52258176	4480	/motion/spa000/27.nsbca
3104	52258304	52265920	7616	/motion/spa000/33.nsbca
3105	52265984	52270624	4640	/motion/spa000/34.nsbca
3106	52271104	52282452	11348	/motion/spa000/35.nsbca
3107	52282880	52286552	3672	/motion/spa000/36.nsbca
3108	52286976	52292368	5392	/motion/spa000/37.nsbca
3109	52292608	52294824	2216	/motion/spa000/39.nsbca
3110	52295168	52297700	2532	/motion/spa000/40.nsbca
3111	52297728	52299648	1920	/motion/spa000/41.nsbca
3112	52299776	52302244	2468	/motion/spa000/45.nsbca
3113	52302336	52306760	4424	/motion/spa000/46.nsbca
3114	52306944	52307996	1052	/motion/spa000/48.nsbca
3115	52308480	52312660	4180	/motion/spa000/49.nsbca
3116	52313088	52320968	7880	/motion/spa000/50.nsbca
3117	52321280	52325840	4560	/motion/spa000/51.nsbca
3118	52325888	52332600	6712	/motion/spa000/52.nsbca
3119	52333056	52337020	3964	/motion/spa000/53.nsbca
3120	52337152	52344396	7244	/motion/spa000/54.nsbca
3121	52344832	52349820	4988	/motion/spa000/55.nsbca
3122	52349952	52354808	4856	/motion/spa000/56.nsbca
3123	52355072	52360396	5324	/motion/spa000/57.nsbca
3124	52360704	52369192	8488	/motion/spa000/58.nsbca
3125	52369408	52376088	6680	/motion/spa000/59.nsbca
3126	52376576	52384144	7568	/motion/spa000/60.nsbca
3127	52384256	52388792	4536	/motion/spa000/61.nsbca
3128	52388864	52394208	5344	/motion/spa000/62.nsbca
3129	52394496	52401800	7304	/motion/spa000/63.nsbca
3130	52402176	52409544	7368	/motion/spa000/64.nsbca
3131	52409856	52415072	5216	/motion/spa000/65.nsbca
3132	52415488	52418480	2992	/motion/spa000/66.nsbca
3133	52418560	52422524	3964	/motion/spa000/67.nsbca
3134	52422656	52431680	9024	/motion/spa000/68.nsbca
3135	52431872	52435028	3156	/motion/spa000/69.nsbca
3136	52435456	52439828	4372	/motion/spa000/70.nsbca
3137	52440064	52442932	2868	/motion/spa000/71.nsbca
3138	52443136	52448496	5360	/motion/spa000/72.nsbca
3139	52448768	52453028	4260	/motion/spa000/73.nsbca
3140	52453376	52455436	2060	/motion/spa000/74.nsbca
3141	52455936	52460956	5020	/motion/spa000/75.nsbca
3142	52461056	52468852	7796	/motion/spa000/76.nsbca
3143	52469248	52473712	4464	/motion/spa000/77.nsbca
3144	52473856	52478524	4668	/motion/spa000/78.nsbca
3145	52478976	52483244	4268	/motion/sum200/50.nsbca
3146	52483584	52486676	3092	/motion/sum200/51.nsbca
3147	52487168	52498948	11780	/motion/sum200/52.nsbca
3148	52499456	52499912	456	/motion/tan000/00.nsbca
3149	52499968	52503412	3444	/motion/tan000/50.nsbca
3150	52503552	52508356	4804	/motion/ten010/00.nsbca
3151	52508672	52514400	5728	/motion/ten010/01.nsbca
3152	52514816	52518228	3412	/motion/ten020/00.nsbca
3153	52518400	52524524	6124	/motion/ten020/01.nsbca
3154	52524544	52528540	3996	/motion/ten020/02.nsbca
3155	52528640	52531716	3076	/motion/ten020/20.nsbca
3156	52532224	52534968	2744	/motion/ten020/21.nsbca
3157	52535296	52540228	4932	/motion/ten020/22.nsbca
3158	52540416	52542464	2048	/motion/ten020/28.nsbca
3159	52542464	52547516	5052	/motion/ten020/29.nsbca
3160	52547584	52549628	2044	/motion/ten020/30.nsbca
3161	52549632	52551552	1920	/motion/ten020/39.nsbca
3162	52551680	52553784	2104	/motion/ten020/40.nsbca
3163	52554240	52556232	1992	/motion/ten020/41.nsbca
3164	52556288	52558508	2220	/motion/ten020/50.nsbca
3165	52558848	52561068	2220	/motion/ten020/51.nsbca
3166	52561408	52565548	4140	/motion/ten020/52.nsbca
3167	52566016	52569460	3444	/motion/ten020/53.nsbca
3168	52569600	52577700	8100	/motion/ten020/54.nsbca
3169	52577792	52581196	3404	/motion/ten030/00.nsbca
3170	52581376	52586568	5192	/motion/ten030/01.nsbca
3171	52587008	52589264	2256	/motion/ten030/50.nsbca
3172	52589568	52592744	3176	/motion/ten040/00.nsbca
3173	52593152	52599108	5956	/motion/ten040/01.nsbca
3174	52599296	52603460	4164	/motion/ten040/02.nsbca
3175	52603904	52605908	2004	/motion/ten040/28.nsbca
3176	52605952	52611088	5136	/motion/ten040/29.nsbca
3177	52611584	52613544	1960	/motion/ten040/30.nsbca
3178	52613632	52615688	2056	/motion/ten040/39.nsbca
3179	52616192	52618316	2124	/motion/ten040/40.nsbca
3180	52618752	52620720	1968	/motion/ten040/41.nsbca
3181	52620800	52623932	3132	/motion/ten040/50.nsbca
3182	52624384	52628560	4176	/motion/ten040/51.nsbca
3183	52628992	52632188	3196	/motion/ten050/00.nsbca
3184	52632576	52637404	4828	/motion/ten050/01.nsbca
3185	52637696	52641856	4160	/motion/ten060/00.nsbca
3186	52642304	52649304	7000	/motion/ten060/01.nsbca
3187	52649472	52652384	2912	/motion/ten060/11.nsbca
3188	52652544	52655544	3000	/motion/ten060/27.nsbca
3189	52655616	52658708	3092	/motion/ten060/50.nsbca
3190	52659200	52665264	6064	/motion/ten060/51.nsbca
3191	52665344	52668604	3260	/motion/ten070/00.nsbca
3192	52668928	52676220	7292	/motion/ten070/01.nsbca
3193	52676608	52679640	3032	/motion/ten070/11.nsbca
3194	52679680	52682664	2984	/motion/ten070/27.nsbca
3195	52682752	52685592	2840	/motion/ten070/50.nsbca
3196	52685824	52692308	6484	/motion/ten070/51.nsbca
3197	52692480	52696492	4012	/motion/ten080/00.nsbca
3198	52696576	52704044	7468	/motion/ten080/01.nsbca
3199	52704256	52708256	4000	/motion/ten080/02.nsbca
3200	52708352	52710164	1812	/motion/ten080/39.nsbca
3201	52710400	52712540	2140	/motion/ten080/40.nsbca
3202	52712960	52714852	1892	/motion/ten080/41.nsbca
3203	52715008	52717628	2620	/motion/ten080/50.nsbca
3204	52718080	52721800	3720	/motion/ten080/51.nsbca
3205	52722176	52726140	3964	/motion/ten080/52.nsbca
3206	52726272	52735680	9408	/motion/ten080/53.nsbca
3207	52736000	52740392	4392	/motion/ten080/54.nsbca
3208	52740608	52742484	1876	/motion/ten080/55.nsbca
3209	52742656	52747296	4640	/motion/ten080/56.nsbca
3210	52747776	52751008	3232	/motion/ten080/57.nsbca
3211	52751360	52757672	6312	/motion/ten190/00.nsbca
3212	52758016	52765908	7892	/motion/ten190/01.nsbca
3213	52766208	52769848	3640	/motion/tit000/00.nsbca
3214	52770304	52777076	6772	/motion/tit000/01.nsbca
3215	52777472	52781084	3612	/motion/tit000/27.nsbca
3216	52781568	52787516	5948	/motion/tit000/29.nsbca
3217	52787712	52790624	2912	/motion/tit000/32.nsbca
3218	52790784	52793992	3208	/motion/tit000/33.nsbca
3219	52794368	52797808	3440	/motion/tit000/34.nsbca
3220	52797952	52801892	3940	/motion/tit000/36.nsbca
3221	52802048	52805688	3640	/motion/tit000/50.nsbca
3222	52806144	52809512	3368	/motion/tit000/51.nsbca
3223	52809728	52815420	5692	/motion/tit000/52.nsbca
3224	52815872	52820036	4164	/motion/tit000/53.nsbca
3225	52820480	52823116	2636	/motion/tit000/54.nsbca
3226	52823552	52829084	5532	/motion/tit000/55.nsbca
3227	52829184	52834224	5040	/motion/tit000/56.nsbca
3228	52834304	52846952	12648	/motion/tit000/57.nsbca
3229	52847104	52848140	1036	/motion/tit000/58.nsbca
3230	52848640	52856072	7432	/motion/tit000/59.nsbca
3231	52856320	52860564	4244	/motion/tit000/60.nsbca
3232	52860928	52865484	4556	/motion/tit000/61.nsbca
3233	52865536	52866460	924	/motion/tit000/62.nsbca
3234	52866560	52871496	4936	/motion/tit000/63.nsbca
3235	52871680	52876752	5072	/motion/tit000/64.nsbca
3236	52876800	52880456	3656	/motion/tit000/65.nsbca
3237	52880896	52885940	5044	/motion/toi000/00.nsbca
3238	52886016	52891952	5936	/motion/toi000/01.nsbca
3239	52892160	52896528	4368	/motion/toi010/00.nsbca
3240	52896768	52905828	9060	/motion/toi010/50.nsbca
3241	52905984	52909440	3456	/motion/toi020/00.nsbca
3242	52909568	52911716	2148	/motion/toi020/01.nsbca
3243	52912128	52915204	3076	/motion/toi020/20.nsbca
3244	52915712	52918456	2744	/motion/toi020/21.nsbca
3245	52918784	52923716	4932	/motion/toi020/22.nsbca
3246	52923904	52925824	1920	/motion/toi020/39.nsbca
3247	52925952	52928056	2104	/motion/toi020/40.nsbca
3248	52928512	52930504	1992	/motion/toi020/41.nsbca
3249	52930560	52932780	2220	/motion/toi020/50.nsbca
3250	52933120	52935060	1940	/motion/toi030/00.nsbca
3251	52935168	52936028	860	/motion/toi030/01.nsbca
3252	52936192	52937036	844	/motion/toi030/50.nsbca
3253	52937216	52939520	2304	/motion/toi030/51.nsbca
3254	52939776	52943080	3304	/motion/toi030/52.nsbca
3255	52943360	52950876	7516	/motion/toi030/53.nsbca
3256	52951040	52954316	3276	/motion/toi030/54.nsbca
3257	52954624	52958484	3860	/motion/toi030/55.nsbca
3258	52958720	52960256	1536	/motion/toi030/56.nsbca
3259	52960256	52966540	6284	/motion/toi030/57.nsbca
3260	52966912	52969700	2788	/motion/toi030/58.nsbca
3261	52969984	52972204	2220	/motion/toi030/59.nsbca
3262	52972544	52974360	1816	/motion/toi030/60.nsbca
3263	52974592	52978036	3444	/motion/toi030/61.nsbca
3264	52978176	52979592	1416	/motion/toi030/62.nsbca
3265	52979712	52986464	6752	/motion/toi030/63.nsbca
3266	52986880	52988904	2024	/motion/toi030/64.nsbca
3267	52988928	52990868	1940	/motion/toi031/00.nsbca
3268	52990976	52991836	860	/motion/toi031/01.nsbca
3269	52992000	52992844	844	/motion/toi031/50.nsbca
3270	52993024	52995328	2304	/motion/toi031/51.nsbca
3271	52995584	52998888	3304	/motion/toi031/52.nsbca
3272	52999168	53006684	7516	/motion/toi031/53.nsbca
3273	53006848	53010124	3276	/motion/toi031/54.nsbca
3274	53010432	53014292	3860	/motion/toi031/55.nsbca
3275	53014528	53016064	1536	/motion/toi031/56.nsbca
3276	53016064	53022348	6284	/motion/toi031/57.nsbca
3277	53022720	53025508	2788	/motion/toi031/58.nsbca
3278	53025792	53028012	2220	/motion/toi031/59.nsbca
3279	53028352	53030168	1816	/motion/toi031/60.nsbca
3280	53030400	53033844	3444	/motion/toi031/61.nsbca
3281	53033984	53035400	1416	/motion/toi031/62.nsbca
3282	53035520	53042272	6752	/motion/toi031/63.nsbca
3283	53042688	53044712	2024	/motion/toi031/64.nsbca
3284	53044736	53047912	3176	/motion/toi040/00.nsbca
3285	53048320	53054276	5956	/motion/toi040/01.nsbca
3286	53054464	53058628	4164	/motion/toi040/02.nsbca
3287	53059072	53061076	2004	/motion/toi040/28.nsbca
3288	53061120	53066256	5136	/motion/toi040/29.nsbca
3289	53066752	53068712	1960	/motion/toi040/30.nsbca
3290	53068800	53070856	2056	/motion/toi040/39.nsbca
3291	53071360	53073484	2124	/motion/toi040/40.nsbca
3292	53073920	53075888	1968	/motion/toi040/41.nsbca
3293	53075968	53079100	3132	/motion/toi040/50.nsbca
3294	53079552	53083728	4176	/motion/toi040/51.nsbca
3295	53084160	53087336	3176	/motion/toi041/00.nsbca
3296	53087744	53093700	5956	/motion/toi041/01.nsbca
3297	53093888	53098052	4164	/motion/toi041/02.nsbca
3298	53098496	53100500	2004	/motion/toi041/28.nsbca
3299	53100544	53105680	5136	/motion/toi041/29.nsbca
3300	53106176	53108136	1960	/motion/toi041/30.nsbca
3301	53108224	53110280	2056	/motion/toi041/39.nsbca
3302	53110784	53112908	2124	/motion/toi041/40.nsbca
3303	53113344	53115312	1968	/motion/toi041/41.nsbca
3304	53115392	53118524	3132	/motion/toi041/50.nsbca
3305	53118976	53123152	4176	/motion/toi041/51.nsbca
3306	53123584	53127528	3944	/motion/toi050/00.nsbca
3307	53127680	53132508	4828	/motion/toi050/01.nsbca
3308	53132800	53134932	2132	/motion/toi050/50.nsbca
3309	53135360	53140392	5032	/motion/toi070/00.nsbca
3310	53140480	53147004	6524	/motion/toi070/01.nsbca
3311	53147136	53150688	3552	/motion/toi070/02.nsbca
3312	53150720	53155060	4340	/motion/toi070/07.nsbca
3313	53155328	53157948	2620	/motion/toi070/08.nsbca
3314	53158400	53162464	4064	/motion/toi070/35.nsbca
3315	53162496	53167220	4724	/motion/toi070/36.nsbca
3316	53167616	53175688	8072	/motion/toi070/50.nsbca
3317	53175808	53179148	3340	/motion/toi070/51.nsbca
3318	53179392	53184724	5332	/motion/toi070/52.nsbca
3319	53185024	53189024	4000	/motion/toi070/53.nsbca
3320	53189120	53194152	5032	/motion/toi071/00.nsbca
3321	53194240	53200764	6524	/motion/toi071/01.nsbca
3322	53200896	53204448	3552	/motion/toi071/02.nsbca
3323	53204480	53208820	4340	/motion/toi071/07.nsbca
3324	53209088	53211708	2620	/motion/toi071/08.nsbca
3325	53212160	53216224	4064	/motion/toi071/35.nsbca
3326	53216256	53220980	4724	/motion/toi071/36.nsbca
3327	53221376	53229448	8072	/motion/toi071/50.nsbca
3328	53229568	53232908	3340	/motion/toi071/51.nsbca
3329	53233152	53238484	5332	/motion/toi071/52.nsbca
3330	53238784	53242784	4000	/motion/toi071/53.nsbca
3331	53242880	53250396	7516	/motion/vri000/50.nsbca
3332	53250560	53251368	808	/motion/vri000/51.nsbca
3333	53251584	53257380	5796	/motion/vul000/00.nsbca
3334	53257728	53267812	10084	/motion/vul000/01.nsbca
3335	53267968	53272604	4636	/motion/vul000/36.nsbca
3336	53273088	53278376	5288	/motion/vul000/39.nsbca
3337	53278720	53285576	6856	/motion/vul000/50.nsbca
3338	53285888	53292400	6512	/motion/vul000/51.nsbca
3339	53292544	53296348	3804	/motion/vul000/52.nsbca
3340	53296640	53299356	2716	/motion/vul000/53.nsbca
3341	53299712	53307088	7376	/motion/vul000/54.nsbca
3342	53307392	53313776	6384	/motion/vul000/55.nsbca
3343	53314048	53319184	5136	/motion/vul000/56.nsbca
3344	53319680	53335040	15360	/navi/navimap_0.nbfc
3345	53335040	53350400	15360	/navi/navimap_1.nbfc
3346	53350400	53365760	15360	/navi/navimap_10.nbfc
3347	53365760	53381120	15360	/navi/navimap_11.nbfc
3348	53381120	53396480	15360	/navi/navimap_12.nbfc
3349	53396480	53411840	15360	/navi/navimap_13.nbfc
3350	53411840	53427200	15360	/navi/navimap_14.nbfc
3351	53427200	53442560	15360	/navi/navimap_15.nbfc
3352	53442560	53457920	15360	/navi/navimap_16.nbfc
3353	53457920	53473280	15360	/navi/navimap_17.nbfc
3354	53473280	53488640	15360	/navi/navimap_18.nbfc
3355	53488640	53504000	15360	/navi/navimap_19.nbfc
3356	53504000	53519360	15360	/navi/navimap_2.nbfc
3357	53519360	53534720	15360	/navi/navimap_20.nbfc
3358	53534720	53550080	15360	/navi/navimap_21.nbfc
3359	53550080	53565440	15360	/navi/navimap_22.nbfc
3360	53565440	53580800	15360	/navi/navimap_23.nbfc
3361	53580800	53596160	15360	/navi/navimap_24.nbfc
3362	53596160	53611520	15360	/navi/navimap_25.nbfc
3363	53611520	53626880	15360	/navi/navimap_26.nbfc
3364	53626880	53642240	15360	/navi/navimap_27.nbfc
3365	53642240	53657600	15360	/navi/navimap_28.nbfc
3366	53657600	53672960	15360	/navi/navimap_29.nbfc
3367	53672960	53688320	15360	/navi/navimap_3.nbfc
3368	53688320	53703680	15360	/navi/navimap_30.nbfc
3369	53703680	53719040	15360	/navi/navimap_31.nbfc
3370	53719040	53734400	15360	/navi/navimap_32.nbfc
3371	53734400	53749760	15360	/navi/navimap_33.nbfc
3372	53749760	53765120	15360	/navi/navimap_34.nbfc
3373	53765120	53780480	15360	/navi/navimap_35.nbfc
3374	53780480	53795840	15360	/navi/navimap_36.nbfc
3375	53795840	53811200	15360	/navi/navimap_37.nbfc
3376	53811200	53826560	15360	/navi/navimap_38.nbfc
3377	53826560	53841920	15360	/navi/navimap_39.nbfc
3378	53841920	53857280	15360	/navi/navimap_4.nbfc
3379	53857280	53872640	15360	/navi/navimap_40.nbfc
3380	53872640	53888000	15360	/navi/navimap_41.nbfc
3381	53888000	53903360	15360	/navi/navimap_42.nbfc
3382	53903360	53918720	15360	/navi/navimap_43.nbfc
3383	53918720	53934080	15360	/navi/navimap_44.nbfc
3384	53934080	53949440	15360	/navi/navimap_45.nbfc
3385	53949440	53964800	15360	/navi/navimap_46.nbfc
3386	53964800	53980160	15360	/navi/navimap_47.nbfc
3387	53980160	53995520	15360	/navi/navimap_48.nbfc
3388	53995520	54010880	15360	/navi/navimap_49.nbfc
3389	54010880	54026240	15360	/navi/navimap_5.nbfc
3390	54026240	54041600	15360	/navi/navimap_50.nbfc
3391	54041600	54056960	15360	/navi/navimap_51.nbfc
3392	54056960	54072320	15360	/navi/navimap_52.nbfc
3393	54072320	54087680	15360	/navi/navimap_53.nbfc
3394	54087680	54103040	15360	/navi/navimap_54.nbfc
3395	54103040	54118400	15360	/navi/navimap_55.nbfc
3396	54118400	54133760	15360	/navi/navimap_56.nbfc
3397	54133760	54149120	15360	/navi/navimap_57.nbfc
3398	54149120	54164480	15360	/navi/navimap_58.nbfc
3399	54164480	54179840	15360	/navi/navimap_59.nbfc
3400	54179840	54195200	15360	/navi/navimap_6.nbfc
3401	54195200	54210560	15360	/navi/navimap_60.nbfc
3402	54210560	54225920	15360	/navi/navimap_61.nbfc
3403	54225920	54241280	15360	/navi/navimap_62.nbfc
3404	54241280	54256640	15360	/navi/navimap_63.nbfc
3405	54256640	54272000	15360	/navi/navimap_64.nbfc
3406	54272000	54287360	15360	/navi/navimap_65.nbfc
3407	54287360	54302720	15360	/navi/navimap_66.nbfc
3408	54302720	54318080	15360	/navi/navimap_67.nbfc
3409	54318080	54333440	15360	/navi/navimap_68.nbfc
3410	54333440	54348800	15360	/navi/navimap_69.nbfc
3411	54348800	54364160	15360	/navi/navimap_7.nbfc
3412	54364160	54379520	15360	/navi/navimap_70.nbfc
3413	54379520	54394880	15360	/navi/navimap_71.nbfc
3414	54394880	54410240	15360	/navi/navimap_72.nbfc
3415	54410240	54425600	15360	/navi/navimap_73.nbfc
3416	54425600	54440960	15360	/navi/navimap_74.nbfc
3417	54440960	54456320	15360	/navi/navimap_75.nbfc
3418	54456320	54471680	15360	/navi/navimap_76.nbfc
3419	54471680	54487040	15360	/navi/navimap_77.nbfc
3420	54487040	54502400	15360	/navi/navimap_78.nbfc
3421	54502400	54517760	15360	/navi/navimap_79.nbfc
3422	54517760	54533120	15360	/navi/navimap_8.nbfc
3423	54533120	54548480	15360	/navi/navimap_80.nbfc
3424	54548480	54563840	15360	/navi/navimap_81.nbfc
3425	54563840	54579200	15360	/navi/navimap_82.nbfc
3426	54579200	54594560	15360	/navi/navimap_83.nbfc
3427	54594560	54609920	15360	/navi/navimap_84.nbfc
3428	54609920	54625280	15360	/navi/navimap_85.nbfc
3429	54625280	54640640	15360	/navi/navimap_86.nbfc
3430	54640640	54656000	15360	/navi/navimap_87.nbfc
3431	54656000	54671360	15360	/navi/navimap_88.nbfc
3432	54671360	54686720	15360	/navi/navimap_89.nbfc
3433	54686720	54702080	15360	/navi/navimap_9.nbfc
3434	54702080	54717440	15360	/navi/navimap_90.nbfc
3435	54717440	54732800	15360	/navi/navimap_91.nbfc
3436	54732800	54748160	15360	/navi/navimap_92.nbfc
3437	54748160	54763520	15360	/navi/navimap_93.nbfc
3438	54763520	54778880	15360	/navi/navimap_94.nbfc
3439	54778880	54794240	15360	/navi/navimap_95.nbfc
3440	54794240	54809600	15360	/navi/navimap_96.nbfc
3441	54809600	54824960	15360	/navi/navimap_97.nbfc
3442	54824960	54840320	15360	/navi/navimap_98.nbfc
3443	54840320	54855680	15360	/navi/navimap_99.nbfc
3444	54855680	54876406	20726	/quest/questdata.txt
3445	54876672	63608864	8732192	/sound/ToI.sdat
3446	63609344	63747384	138040	/staff/ed01.bin
3447	63747584	63796764	49180	/staff/ed02.bin
3448	63797248	63844892	47644	/staff/ed03.bin
3449	63845376	63896348	50972	/staff/ed04.bin
3450	63896576	63947100	50524	/staff/ed05.bin
3451	63947264	63991644	44380	/staff/ed06.bin
3452	63991808	64040988	49180	/staff/ed07.bin
3453	64041472	64090972	49500	/staff/ed08.bin
3454	64091136	64142300	51164	/staff/ed09.bin
3455	64142336	64193628	51292	/staff/ed10.bin
3456	64194048	64245348	51300	/staff/ed11.bin
3457	64245760	64296668	50908	/staff/ed12.bin
3458	64296960	64394104	97144	/staff/ed13.bin
3459	64394240	64398436	4196	/staff/logo.bin
3460	64398848	64412100	13252	/staff/staff.bin
3461	64412160	64427380	15220	/subdisp/chddata.arc
3462	64427520	64427552	32	/subdisp/navimap.nbfp
3463	64428032	64472840	44808	/subdisp/subdata.arc
3464	64473088	71100566	6627478	/test/ed.adx
3465	71100928	75156568	4055640	/test/op.mods
3466	75156992	75204572	47580	/title/down.bin
3467	75204608	75276024	71416	/title/goverdata.arc
3468	75276288	75295996	19708	/title/logoactimagine.arc
3469	75296256	75310124	13868	/title/logoalfa.arc
3470	75310592	75325480	14888	/title/logobng.arc
3471	75325952	75335144	9192	/title/logocri.arc
3472	75335168	75342448	7280	/title/logonamco.arc
3473	75342848	75389180	46332	/title/titlebg01_down.arc
3474	75389440	75439736	50296	/title/titlebg01_up.arc
3475	75440128	75456368	16240	/title/titlebg02.arc
3476	75456512	75477884	21372	/title/titlebg04_down.arc
3477	75478016	75491320	13304	/title/titlebg04_up.arc
3478	75491328	75505276	13948	/title/titlebg06_down.arc
3479	75505664	75509816	4152	/title/titlebg06_up.arc
3480	75510272	75519984	9712	/title/titlebg07.arc
3481	75520000	75623224	103224	/title/titlemenu.arc
3482	75623424	75645452	22028	/title/titleobj.arc
3483	75645952	75649701	3749	/voice/NA00_0006_228_006_1.ahx
3484	75650048	75680715	30667	/voice/NA00_0101_027_002.ahx
3485	75680768	75709999	29231	/voice/NA00_0101_027_006.ahx
3486	75710464	75755482	45018	/voice/NA00_0101_027_008.ahx
3487	75755520	75773792	18272	/voice/NA00_0101_027_010.ahx
3488	75773952	75795519	21567	/voice/NA00_0101_027_012.ahx
3489	75795968	75826027	30059	/voice/NA00_0101_027_012_1.ahx
3490	75826176	75855871	29695	/voice/NA00_0101_027_014.ahx
3491	75855872	75867647	11775	/voice/NA00_0101_027_014_1.ahx
3492	75867648	75889791	22143	/voice/NA00_0101_031_005.ahx
3493	75890176	75922832	32656	/voice/NA00_0101_031_007.ahx
3494	75922944	75948900	25956	/voice/NA00_0101_031_009.ahx
3495	75949056	75979993	30937	/voice/NA00_0101_031_011.ahx
3496	75980288	75998122	17834	/voice/NA00_0101_031_011_1.ahx
3497	75998208	76040997	42789	/voice/NA00_0101_031_013.ahx
3498	76041216	76048567	7351	/voice/NA00_0101_111_001.ahx
3499	76048896	76049159	263	/voice/NA00_0101_111_003.ahx
3500	76049408	76061536	12128	/voice/NA00_0101_111_003_1.ahx
3501	76061696	76077819	16123	/voice/NA00_0101_111_004.ahx
3502	76078080	76097912	19832	/voice/NA00_0102_027_002.ahx
3503	76098048	76118772	20724	/voice/NA00_0102_027_002_1.ahx
3504	76119040	76140990	21950	/voice/NA00_0102_027_004.ahx
3505	76141056	76157509	16453	/voice/NA00_0102_027_004_1.ahx
3506	76157952	76197796	39844	/voice/NA00_0102_027_007.ahx
3507	76197888	76241914	44026	/voice/NA00_0102_027_007_1.ahx
3508	76241920	76271986	30066	/voice/NA00_0102_027_009.ahx
3509	76272128	76285751	13623	/voice/NA00_0102_027_009_1.ahx
3510	76285952	76325833	39881	/voice/NA00_0102_031_001.ahx
3511	76325888	76341695	15807	/voice/NA00_0102_031_001_1.ahx
3512	76341760	76351001	9241	/voice/NA00_0102_031_003.ahx
3513	76351488	76391422	39934	/voice/NA00_0102_031_003_1.ahx
3514	76391424	76400292	8868	/voice/NA00_0102_111_005.ahx
3515	76400640	76403562	2922	/voice/NA00_0102_111_008.ahx
3516	76403712	76433707	29995	/voice/NA00_0103_001_001.ahx
3517	76433920	76439058	5138	/voice/NA00_0103_001_002.ahx
3518	76439552	76439815	263	/voice/NA00_0103_001_003.ahx
3519	76440064	76460754	20690	/voice/NA00_0103_001_003_1.ahx
3520	76461056	76484536	23480	/voice/NA00_0103_001_004.ahx
3521	76484608	76518267	33659	/voice/NA00_0103_001_004_1.ahx
3522	76518400	76543788	25388	/voice/NA00_0103_001_004_2.ahx
3523	76544000	76555182	11182	/voice/NA00_0103_001_005.ahx
3524	76555264	76578259	22995	/voice/NA00_0103_001_006.ahx
3525	76578304	76578567	263	/voice/NA00_0104_001_001.ahx
3526	76578816	76581749	2933	/voice/NA00_0104_001_003.ahx
3527	76581888	76591157	9269	/voice/NA00_0104_001_005.ahx
3528	76591616	76599279	7663	/voice/NA00_0104_001_007.ahx
3529	76599296	76605169	5873	/voice/NA00_0104_001_010.ahx
3530	76605440	76607971	2531	/voice/NA00_0104_001_014.ahx
3531	76608000	76610323	2323	/voice/NA00_0104_001_019.ahx
3532	76610560	76618711	8151	/voice/NA00_0104_001_020.ahx
3533	76618752	76645129	26377	/voice/NA00_0104_001_020_1.ahx
3534	76645376	76648350	2974	/voice/NA00_0104_001_022.ahx
3535	76648448	76660575	12127	/voice/NA00_0104_001_024.ahx
3536	76660736	76674853	14117	/voice/NA00_0104_001_029.ahx
3537	76675072	76687157	12085	/voice/NA00_0104_019_004.ahx
3538	76687360	76704670	17310	/voice/NA00_0104_019_008.ahx
3539	76704768	76720798	16030	/voice/NA00_0104_019_011.ahx
3540	76721152	76740809	19657	/voice/NA00_0104_019_013.ahx
3541	76741120	76757677	16557	/voice/NA00_0104_019_013_1.ahx
3542	76758016	76767879	9863	/voice/NA00_0104_019_013_2.ahx
3543	76768256	76798753	30497	/voice/NA00_0104_019_015.ahx
3544	76798976	76830449	31473	/voice/NA00_0104_019_017.ahx
3545	76830720	76855296	24576	/voice/NA00_0104_019_017_1.ahx
3546	76855296	76895789	40493	/voice/NA00_0104_019_017_2.ahx
3547	76896256	76926225	29969	/voice/NA00_0104_019_025.ahx
3548	76926464	76935539	9075	/voice/NA00_0104_019_027.ahx
3549	76935680	76960205	24525	/voice/NA00_0104_020_002.ahx
3550	76960256	76981730	21474	/voice/NA00_0104_020_006.ahx
3551	76981760	77004725	22965	/voice/NA00_0104_020_006_1.ahx
3552	77004800	77026370	21570	/voice/NA00_0104_020_009.ahx
3553	77026816	77065430	38614	/voice/NA00_0104_020_012.ahx
3554	77065728	77093318	27590	/voice/NA00_0104_020_016.ahx
3555	77093376	77126957	33581	/voice/NA00_0104_020_018.ahx
3556	77127168	77140824	13656	/voice/NA00_0104_020_021.ahx
3557	77140992	77158705	17713	/voice/NA00_0104_020_023.ahx
3558	77158912	77192717	33805	/voice/NA00_0104_020_026.ahx
3559	77193216	77206640	13424	/voice/NA00_0104_020_028.ahx
3560	77207040	77234612	27572	/voice/NA00_0105_001_002.ahx
3561	77234688	77246647	11959	/voice/NA00_0105_001_005.ahx
3562	77246976	77285244	38268	/voice/NA00_0105_023_001.ahx
3563	77285376	77318924	33548	/voice/NA00_0105_023_004.ahx
3564	77319168	77325734	6566	/voice/NA00_0105_023_004_1.ahx
3565	77325824	77366132	40308	/voice/NA00_0105_024_003.ahx
3566	77366272	77382737	16465	/voice/NA00_0106_001_001.ahx
3567	77383168	77410136	26968	/voice/NA00_0106_001_001_1.ahx
3568	77410304	77423764	13460	/voice/NA00_0106_001_002.ahx
3569	77424128	77440304	16176	/voice/NA00_0106_001_013.ahx
3570	77440512	77462737	22225	/voice/NA00_0106_001_018.ahx
3571	77463040	77469191	6151	/voice/NA00_0106_001_023.ahx
3572	77469696	77478586	8890	/voice/NA00_0106_023_015.ahx
3573	77478912	77491205	12293	/voice/NA00_0106_023_017.ahx
3574	77491712	77509957	18245	/voice/NA00_0106_023_019.ahx
3575	77510144	77519329	9185	/voice/NA00_0106_023_022.ahx
3576	77519360	77535979	16619	/voice/NA00_0106_024_014.ahx
3577	77536256	77564655	28399	/voice/NA00_0106_024_016.ahx
3578	77564928	77592838	27910	/voice/NA00_0106_024_020.ahx
3579	77593088	77621089	28001	/voice/NA00_0106_024_021.ahx
3580	77621248	77659193	37945	/voice/NA00_0106_027_004.ahx
3581	77659648	77680865	21217	/voice/NA00_0106_027_006.ahx
3582	77681152	77710019	28867	/voice/NA00_0106_027_006_1.ahx
3583	77710336	77748724	38388	/voice/NA00_0106_027_006_2.ahx
3584	77748736	77770882	22146	/voice/NA00_0106_027_008.ahx
3585	77771264	77796260	24996	/voice/NA00_0106_027_010.ahx
3586	77796352	77822609	26257	/voice/NA00_0106_027_010_1.ahx
3587	77822976	77847599	24623	/voice/NA00_0106_027_012.ahx
3588	77848064	77883533	35469	/voice/NA00_0106_028_003.ahx
3589	77883904	77904762	20858	/voice/NA00_0106_028_005.ahx
3590	77904896	77924826	19930	/voice/NA00_0106_028_005_1.ahx
3591	77924864	77963675	38811	/voice/NA00_0106_028_007.ahx
3592	77963776	77989717	25941	/voice/NA00_0106_028_009.ahx
3593	77989888	77994079	4191	/voice/NA00_0106_028_011.ahx
3594	77994496	78006559	12063	/voice/NA00_0107_003_001.ahx
3595	78006784	78035470	28686	/voice/NA00_0107_003_003.ahx
3596	78035968	78043528	7560	/voice/NA00_0107_072_005.ahx
3597	78043648	78075245	31597	/voice/NA00_0107_072_005_1.ahx
3598	78075392	78087344	11952	/voice/NA00_0107_073_004.ahx
3599	78087680	78118516	30836	/voice/NA00_0107_088_002.ahx
3600	78118912	78140381	21469	/voice/NA00_0108_001_001.ahx
3601	78140416	78144019	3603	/voice/NA00_0108_001_002.ahx
3602	78144512	78163642	19130	/voice/NA00_0108_001_004.ahx
3603	78163968	78183138	19170	/voice/NA00_0108_001_006.ahx
3604	78183424	78196209	12785	/voice/NA00_0108_001_008.ahx
3605	78196224	78198393	2169	/voice/NA00_0108_001_011.ahx
3606	78198784	78213683	14899	/voice/NA00_0108_001_013.ahx
3607	78214144	78229136	14992	/voice/NA00_0108_001_016.ahx
3608	78229504	78267264	37760	/voice/NA00_0108_001_018.ahx
3609	78267392	78281851	14459	/voice/NA00_0108_001_020.ahx
3610	78282240	78299118	16878	/voice/NA00_0108_001_023.ahx
3611	78299136	78303152	4016	/voice/NA00_0108_001_025.ahx
3612	78303232	78312344	9112	/voice/NA00_0108_001_027.ahx
3613	78312448	78317704	5256	/voice/NA00_0108_001_029.ahx
3614	78318080	78324009	5929	/voice/NA00_0108_001_029_1.ahx
3615	78324224	78333793	9569	/voice/NA00_0108_002_003.ahx
3616	78333952	78342199	8247	/voice/NA00_0108_002_005.ahx
3617	78342656	78350550	7894	/voice/NA00_0108_002_010.ahx
3618	78350848	78358529	7681	/voice/NA00_0108_002_014.ahx
3619	78359040	78391626	32586	/voice/NA00_0108_002_017.ahx
3620	78391808	78428065	36257	/voice/NA00_0108_002_019.ahx
3621	78428160	78466151	37991	/voice/NA00_0108_002_021.ahx
3622	78466560	78483849	17289	/voice/NA00_0108_002_021_1.ahx
3623	78483968	78508340	24372	/voice/NA00_0108_002_022.ahx
3624	78508544	78512236	3692	/voice/NA00_0108_002_024.ahx
3625	78512640	78540274	27634	/voice/NA00_0108_002_026.ahx
3626	78540288	78555019	14731	/voice/NA00_0108_002_028.ahx
3627	78555136	78565403	10267	/voice/NA00_0108_007_007.ahx
3628	78565888	78598182	32294	/voice/NA00_0108_007_009.ahx
3629	78598656	78629502	30846	/voice/NA00_0108_007_012.ahx
3630	78629888	78639136	9248	/voice/NA00_0108_007_015.ahx
3631	78639616	78683861	44245	/voice/NA00_0109_001_002.ahx
3632	78684160	78689422	5262	/voice/NA00_0109_001_013.ahx
3633	78689792	78725029	35237	/voice/NA00_0109_001_013_1.ahx
3634	78725120	78754518	29398	/voice/NA00_0109_001_014.ahx
3635	78754816	78763501	8685	/voice/NA00_0109_001_014_1.ahx
3636	78763520	78773139	9619	/voice/NA00_0109_001_016.ahx
3637	78773248	78799159	25911	/voice/NA00_0109_001_018.ahx
3638	78799360	78802779	3419	/voice/NA00_0109_001_020.ahx
3639	78802944	78808373	5429	/voice/NA00_0109_001_022.ahx
3640	78808576	78812391	3815	/voice/NA00_0109_001_024.ahx
3641	78812672	78853066	40394	/voice/NA00_0109_001_026.ahx
3642	78853120	78866684	13564	/voice/NA00_0109_001_026_1.ahx
3643	78866944	78873164	6220	/voice/NA00_0109_001_026_2.ahx
3644	78873600	78878037	4437	/voice/NA00_0109_001_028.ahx
3645	78878208	78889101	10893	/voice/NA00_0109_002_001.ahx
3646	78889472	78907600	18128	/voice/NA00_0109_002_003.ahx
3647	78907904	78909632	1728	/voice/NA00_0109_002_004.ahx
3648	78909952	78937768	27816	/voice/NA00_0109_002_007.ahx
3649	78938112	78957572	19460	/voice/NA00_0109_002_009.ahx
3650	78958080	78966460	8380	/voice/NA00_0109_002_011.ahx
3651	78966784	78979161	12377	/voice/NA00_0109_002_017.ahx
3652	78979584	79005646	26062	/voice/NA00_0109_002_017_1.ahx
3653	79005696	79030106	24410	/voice/NA00_0109_002_025.ahx
3654	79030272	79040162	9890	/voice/NA00_0109_007_005.ahx
3655	79040512	79047995	7483	/voice/NA00_0109_007_012.ahx
3656	79048192	79072971	24779	/voice/NA00_0109_055_006.ahx
3657	79073280	79120710	47430	/voice/NA00_0109_055_008.ahx
3658	79120896	79150968	30072	/voice/NA00_0109_055_015.ahx
3659	79151104	79156035	4931	/voice/NA00_0109_055_019.ahx
3660	79156224	79184347	28123	/voice/NA00_0109_055_023.ahx
3661	79184384	79189418	5034	/voice/NA00_0109_055_023_1.ahx
3662	79189504	79195316	5812	/voice/NA00_0109_055_027.ahx
3663	79195648	79217295	21647	/voice/NA00_0109_067_006_1.ahx
3664	79217664	79229372	11708	/voice/NA00_0109_067_010.ahx
3665	79229440	79238898	9458	/voice/NA00_0109_067_021.ahx
3666	79239168	79270566	31398	/voice/NA00_0110_001_002.ahx
3667	79270912	79275176	4264	/voice/NA00_0110_001_005.ahx
3668	79275520	79300390	24870	/voice/NA00_0110_001_008.ahx
3669	79300608	79337234	36626	/voice/NA00_0110_001_011.ahx
3670	79337472	79360628	23156	/voice/NA00_0110_001_011_1.ahx
3671	79361024	79382594	21570	/voice/NA00_0110_001_016.ahx
3672	79383040	79384560	1520	/voice/NA00_0110_001_018.ahx
3673	79384576	79419518	34942	/voice/NA00_0110_001_024.ahx
3674	79419904	79426170	6266	/voice/NA00_0110_001_027.ahx
3675	79426560	79435996	9436	/voice/NA00_0110_001_029.ahx
3676	79436288	79450760	14472	/voice/NA00_0110_001_032.ahx
3677	79451136	79481622	30486	/voice/NA00_0110_001_034.ahx
3678	79481856	79509086	27230	/voice/NA00_0110_001_036.ahx
3679	79509504	79537708	28204	/voice/NA00_0110_001_038.ahx
3680	79538176	79555758	17582	/voice/NA00_0110_001_040.ahx
3681	79556096	79572573	16477	/voice/NA00_0110_001_042.ahx
3682	79572992	79578766	5774	/voice/NA00_0110_001_044.ahx
3683	79579136	79582129	2993	/voice/NA00_0110_001_044_1.ahx
3684	79582208	79596511	14303	/voice/NA00_0110_001_044_2.ahx
3685	79596544	79614443	17899	/voice/NA00_0110_001_045.ahx
3686	79614464	79631182	16718	/voice/NA00_0110_001_045_1.ahx
3687	79631360	79637839	6479	/voice/NA00_0110_001_046.ahx
3688	79638016	79642584	4568	/voice/NA00_0110_001_048.ahx
3689	79642624	79653976	11352	/voice/NA00_0110_001_050.ahx
3690	79654400	79686965	32565	/voice/NA00_0110_001_052.ahx
3691	79687168	79719318	32150	/voice/NA00_0110_001_054.ahx
3692	79719424	79732440	13016	/voice/NA00_0110_001_054_1.ahx
3693	79732736	79764817	32081	/voice/NA00_0110_001_056.ahx
3694	79764992	79769795	4803	/voice/NA00_0110_001_058.ahx
3695	79770112	79798728	28616	/voice/NA00_0110_001_058_1.ahx
3696	79798784	79822553	23769	/voice/NA00_0110_001_058_2.ahx
3697	79822848	79828148	5300	/voice/NA00_0110_001_060.ahx
3698	79828480	79872989	44509	/voice/NA00_0110_002_001.ahx
3699	79873024	79885547	12523	/voice/NA00_0110_002_003.ahx
3700	79885824	79905354	19530	/voice/NA00_0110_002_006.ahx
3701	79905792	79926955	21163	/voice/NA00_0110_002_006_1.ahx
3702	79927296	79931760	4464	/voice/NA00_0110_002_009.ahx
3703	79931904	79938540	6636	/voice/NA00_0110_002_013.ahx
3704	79938560	79944576	6016	/voice/NA00_0110_002_023.ahx
3705	79944704	79960205	15501	/voice/NA00_0110_002_025.ahx
3706	79960576	79981463	20887	/voice/NA00_0110_002_026.ahx
3707	79981568	79998313	16745	/voice/NA00_0110_002_028.ahx
3708	79998464	80021103	22639	/voice/NA00_0110_002_028_1.ahx
3709	80021504	80046547	25043	/voice/NA00_0110_002_030.ahx
3710	80046592	80083318	36726	/voice/NA00_0110_002_030_1.ahx
3711	80083456	80107333	23877	/voice/NA00_0110_002_031.ahx
3712	80107520	80140854	33334	/voice/NA00_0110_002_033.ahx
3713	80141312	80179355	38043	/voice/NA00_0110_002_033_1.ahx
3714	80179712	80203651	23939	/voice/NA00_0110_002_035.ahx
3715	80203776	80226053	22277	/voice/NA00_0110_002_035_1.ahx
3716	80226304	80243577	17273	/voice/NA00_0110_002_035_2.ahx
3717	80243712	80267125	23413	/voice/NA00_0110_002_035_3.ahx
3718	80267264	80295489	28225	/voice/NA00_0110_002_037.ahx
3719	80295936	80321242	25306	/voice/NA00_0110_002_039.ahx
3720	80321536	80337652	16116	/voice/NA00_0110_002_039_1.ahx
3721	80337920	80365235	27315	/voice/NA00_0110_002_041.ahx
3722	80365568	80393980	28412	/voice/NA00_0110_002_041_1.ahx
3723	80394240	80425436	31196	/voice/NA00_0110_002_043.ahx
3724	80425472	80456389	30917	/voice/NA00_0110_002_047.ahx
3725	80456704	80498712	42008	/voice/NA00_0110_002_047_1.ahx
3726	80499200	80522013	22813	/voice/NA00_0110_002_049.ahx
3727	80522240	80549724	27484	/voice/NA00_0110_002_051.ahx
3728	80549888	80575678	25790	/voice/NA00_0110_002_053.ahx
3729	80576000	80607566	31566	/voice/NA00_0110_002_055.ahx
3730	80607744	80648100	40356	/voice/NA00_0110_002_055_1.ahx
3731	80648192	80680924	32732	/voice/NA00_0110_002_057.ahx
3732	80680960	80708682	27722	/voice/NA00_0110_002_057_1.ahx
3733	80709120	80724179	15059	/voice/NA00_0110_002_059.ahx
3734	80724480	80742863	18383	/voice/NA00_0110_002_059_1.ahx
3735	80742912	80755961	13049	/voice/NA00_0110_007_015.ahx
3736	80756224	80810557	54333	/voice/NA00_0110_014_004.ahx
3737	80811008	80831017	20009	/voice/NA00_0110_014_007.ahx
3738	80831488	80857921	26433	/voice/NA00_0110_014_007_1.ahx
3739	80858112	80892321	34209	/voice/NA00_0110_014_010.ahx
3740	80892416	80895327	2911	/voice/NA00_0110_014_012.ahx
3741	80895488	80917706	22218	/voice/NA00_0110_014_014.ahx
3742	80918016	80955826	37810	/voice/NA00_0110_014_014_1.ahx
3743	80955904	81001129	45225	/voice/NA00_0110_014_017.ahx
3744	81001472	81038954	37482	/voice/NA00_0110_014_019.ahx
3745	81039360	81054141	14781	/voice/NA00_0110_014_019_1.ahx
3746	81054208	81072628	18420	/voice/NA00_0110_014_020.ahx
3747	81072640	81105450	32810	/voice/NA00_0110_014_020_1.ahx
3748	81105920	81120900	14980	/voice/NA00_0110_023_021.ahx
3749	81121280	81138544	17264	/voice/NA00_0110_024_022.ahx
3750	81138688	81162909	24221	/voice/NA00_0114_001_001.ahx
3751	81163264	81189277	26013	/voice/NA00_0114_001_001_1.ahx
3752	81189376	81211308	21932	/voice/NA00_0114_001_003.ahx
3753	81211392	81240533	29141	/voice/NA00_0114_001_003_1.ahx
3754	81240576	81243085	2509	/voice/NA00_0114_001_005.ahx
3755	81243136	81267876	24740	/voice/NA00_0114_001_005_1.ahx
3756	81268224	81287504	19280	/voice/NA00_0114_001_005_2.ahx
3757	81287680	81304930	17250	/voice/NA00_0114_001_012.ahx
3758	81305088	81322983	17895	/voice/NA00_0114_001_013.ahx
3759	81323008	81331160	8152	/voice/NA00_0114_001_017.ahx
3760	81331200	81355680	24480	/voice/NA00_0114_002_002.ahx
3761	81355776	81379263	23487	/voice/NA00_0114_002_004.ahx
3762	81379328	81403008	23680	/voice/NA00_0114_002_007.ahx
3763	81403392	81420507	17115	/voice/NA00_0114_002_009.ahx
3764	81420800	81432671	11871	/voice/NA00_0114_002_014.ahx
3765	81433088	81446149	13061	/voice/NA00_0114_007_011.ahx
3766	81446400	81457780	11380	/voice/NA00_0114_007_019.ahx
3767	81458176	81470833	12657	/voice/NA00_0114_082_006.ahx
3768	81470976	81515106	44130	/voice/NA00_0114_082_015.ahx
3769	81515520	81523046	7526	/voice/NA00_0114_082_020.ahx
3770	81523200	81549005	25805	/voice/NA00_0114_083_008.ahx
3771	81549312	81558278	8966	/voice/NA00_0114_083_008_1.ahx
3772	81558528	81580445	21917	/voice/NA00_0114_083_010.ahx
3773	81580544	81582711	2167	/voice/NA00_0114_083_016.ahx
3774	81583104	81595927	12823	/voice/NA00_0114_083_018.ahx
3775	81596416	81601113	4697	/voice/NA00_0201_001_006.ahx
3776	81601536	81617101	15565	/voice/NA00_0201_001_010.ahx
3777	81617408	81627597	10189	/voice/NA00_0201_001_012.ahx
3778	81627648	81661018	33370	/voice/NA00_0201_002_011.ahx
3779	81661440	81674354	12914	/voice/NA00_0201_012_003.ahx
3780	81674752	81713710	38958	/voice/NA00_0201_012_005.ahx
3781	81714176	81747180	33004	/voice/NA00_0201_012_005_1.ahx
3782	81747456	81789829	42373	/voice/NA00_0201_012_007.ahx
3783	81789952	81821556	31604	/voice/NA00_0201_012_009.ahx
3784	81821696	81835979	14283	/voice/NA00_0201_082_001.ahx
3785	81836032	81837784	1752	/voice/NA00_0201_083_002.ahx
3786	81838080	81844556	6476	/voice/NA00_0201_083_004.ahx
3787	81844736	81870802	26066	/voice/NA00_0201_083_004_1.ahx
3788	81870848	81881841	10993	/voice/NA00_0201_083_008.ahx
3789	81882112	81886324	4212	/voice/NA00_0201_083_013.ahx
3790	81886720	81891818	5098	/voice/NA00_0201_083_014.ahx
3791	81891840	81895809	3969	/voice/NA00_0204_001_001.ahx
3792	81895936	81909176	13240	/voice/NA00_0204_001_003.ahx
3793	81909248	81921034	11786	/voice/NA00_0204_001_005.ahx
3794	81921536	81936646	15110	/voice/NA00_0204_001_007.ahx
3795	81936896	81958443	21547	/voice/NA00_0204_001_009.ahx
3796	81958912	81975665	16753	/voice/NA00_0204_001_011.ahx
3797	81975808	82015310	39502	/voice/NA00_0204_001_013.ahx
3798	82015744	82039918	24174	/voice/NA00_0204_001_014.ahx
3799	82040320	82050410	10090	/voice/NA00_0204_001_016.ahx
3800	82050560	82064246	13686	/voice/NA00_0204_001_016_1.ahx
3801	82064384	82077069	12685	/voice/NA00_0204_001_018.ahx
3802	82077184	82103842	26658	/voice/NA00_0204_001_020.ahx
3803	82104320	82130247	25927	/voice/NA00_0204_001_022.ahx
3804	82130432	82142667	12235	/voice/NA00_0204_001_024.ahx
3805	82142720	82153066	10346	/voice/NA00_0204_001_026.ahx
3806	82153472	82175782	22310	/voice/NA00_0204_001_028.ahx
3807	82176000	82178513	2513	/voice/NA00_0204_003_002.ahx
3808	82178560	82203552	24992	/voice/NA00_0204_003_004.ahx
3809	82203648	82212928	9280	/voice/NA00_0204_003_006.ahx
3810	82213376	82245832	32456	/voice/NA00_0204_003_008.ahx
3811	82246144	82254938	8794	/voice/NA00_0204_003_010.ahx
3812	82255360	82271012	15652	/voice/NA00_0204_003_010_1.ahx
3813	82271232	82299193	27961	/voice/NA00_0204_003_012.ahx
3814	82299392	82306798	7406	/voice/NA00_0204_003_015.ahx
3815	82307072	82319791	12719	/voice/NA00_0204_003_015_1.ahx
3816	82319872	82346685	26813	/voice/NA00_0204_003_017.ahx
3817	82347008	82380962	33954	/voice/NA00_0204_003_019.ahx
3818	82381312	82385131	3819	/voice/NA00_0204_003_021.ahx
3819	82385408	82397676	12268	/voice/NA00_0204_003_021_1.ahx
3820	82397696	82413181	15485	/voice/NA00_0204_003_023.ahx
3821	82413568	82422798	9230	/voice/NA00_0204_003_025.ahx
3822	82423296	82443339	20043	/voice/NA00_0204_003_027.ahx
3823	82443776	82455732	11956	/voice/NA00_0205_001_002.ahx
3824	82456064	82475186	19122	/voice/NA00_0205_001_004.ahx
3825	82475520	82490656	15136	/voice/NA00_0205_001_007.ahx
3826	82490880	82515119	24239	/voice/NA00_0205_001_009.ahx
3827	82515456	82528987	13531	/voice/NA00_0205_001_011.ahx
3828	82529280	82536472	7192	/voice/NA00_0205_001_013.ahx
3829	82536960	82560393	23433	/voice/NA00_0205_001_015.ahx
3830	82560512	82564659	4147	/voice/NA00_0205_001_018.ahx
3831	82565120	82578671	13551	/voice/NA00_0205_001_020.ahx
3832	82578944	82586866	7922	/voice/NA00_0205_008_001.ahx
3833	82587136	82606534	19398	/voice/NA00_0205_008_003.ahx
3834	82606592	82630553	23961	/voice/NA00_0205_008_005.ahx
3835	82630656	82673885	43229	/voice/NA00_0205_008_006.ahx
3836	82674176	82696612	22436	/voice/NA00_0205_008_008.ahx
3837	82696704	82714089	17385	/voice/NA00_0205_008_008_1.ahx
3838	82714112	82740438	26326	/voice/NA00_0205_008_010.ahx
3839	82740736	82753675	12939	/voice/NA00_0205_008_010_1.ahx
3840	82754048	82768720	14672	/voice/NA00_0205_008_012.ahx
3841	82768896	82785070	16174	/voice/NA00_0205_008_014.ahx
3842	82785280	82800908	15628	/voice/NA00_0205_008_016.ahx
3843	82801152	82816612	15460	/voice/NA00_0205_008_017.ahx
3844	82817024	82852565	35541	/voice/NA00_0205_008_019.ahx
3845	82852864	82861782	8918	/voice/NA00_0208_001_002.ahx
3846	82862080	82889655	27575	/voice/NA00_0208_003_001.ahx
3847	82889728	82901005	11277	/voice/NA00_0208_003_003.ahx
3848	82901504	82936449	34945	/voice/NA00_0208_003_003_1.ahx
3849	82936832	82963966	27134	/voice/NA00_0208_027_004.ahx
3850	82963968	82991948	27980	/voice/NA00_0208_027_006.ahx
3851	82992128	83014467	22339	/voice/NA00_0208_027_006_1.ahx
3852	83014656	83049551	34895	/voice/NA00_0208_027_008.ahx
3853	83049984	83060593	10609	/voice/NA00_0208_029_005.ahx
3854	83060736	83102581	41845	/voice/NA00_0208_029_007.ahx
3855	83102720	83127394	24674	/voice/NA00_0302_001_002.ahx
3856	83127808	83144438	16630	/voice/NA00_0302_001_006.ahx
3857	83144704	83160060	15356	/voice/NA00_0302_001_008.ahx
3858	83160064	83172943	12879	/voice/NA00_0302_001_015.ahx
3859	83173376	83199395	26019	/voice/NA00_0302_001_017.ahx
3860	83199488	83218348	18860	/voice/NA00_0302_001_021.ahx
3861	83218432	83231837	13405	/voice/NA00_0302_001_026.ahx
3862	83232256	83251490	19234	/voice/NA00_0302_001_026_1.ahx
3863	83251712	83264709	12997	/voice/NA00_0302_002_003.ahx
3864	83265024	83280856	15832	/voice/NA00_0302_002_005.ahx
3865	83280896	83311361	30465	/voice/NA00_0302_002_010.ahx
3866	83311616	83330471	18855	/voice/NA00_0302_002_011.ahx
3867	83330560	83333487	2927	/voice/NA00_0302_002_013.ahx
3868	83333632	83344416	10784	/voice/NA00_0302_002_019.ahx
3869	83344896	83366722	21826	/voice/NA00_0302_002_023.ahx
3870	83366912	83378883	11971	/voice/NA00_0302_002_027.ahx
3871	83379200	83392475	13275	/voice/NA00_0302_002_027_1.ahx
3872	83392512	83417000	24488	/voice/NA00_0302_003_012.ahx
3873	83417088	83422940	5852	/voice/NA00_0302_003_012_1.ahx
3874	83423232	83430684	7452	/voice/NA00_0302_003_020.ahx
3875	83430912	83454230	23318	/voice/NA00_0302_003_025.ahx
3876	83454464	83465072	10608	/voice/NA00_0302_007_024.ahx
3877	83465216	83477297	12081	/voice/NA00_0302_008_001.ahx
3878	83477504	83480868	3364	/voice/NA00_0302_008_004.ahx
3879	83481088	83505708	24620	/voice/NA00_0302_008_007.ahx
3880	83506176	83529407	23231	/voice/NA00_0302_008_009.ahx
3881	83529728	83550111	20383	/voice/NA00_0302_008_014.ahx
3882	83550208	83576626	26418	/voice/NA00_0302_008_016.ahx
3883	83576832	83613619	36787	/voice/NA00_0302_008_018.ahx
3884	83613696	83645162	31466	/voice/NA00_0302_008_018_1.ahx
3885	83645440	83658144	12704	/voice/NA00_0302_008_022.ahx
3886	83658240	83686270	28030	/voice/NA00_0308_001_001.ahx
3887	83686400	83707519	21119	/voice/NA00_0308_001_001_1.ahx
3888	83707904	83724705	16801	/voice/NA00_0308_001_001_2.ahx
3889	83724800	83732677	7877	/voice/NA00_0308_001_003.ahx
3890	83732992	83751500	18508	/voice/NA00_0308_001_005.ahx
3891	83751936	83759407	7471	/voice/NA00_0308_001_007.ahx
3892	83759616	83768439	8823	/voice/NA00_0308_001_009.ahx
3893	83768832	83771711	2879	/voice/NA00_0308_001_022.ahx
3894	83771904	83778028	6124	/voice/NA00_0308_001_022_1.ahx
3895	83778048	83783772	5724	/voice/NA00_0308_001_027.ahx
3896	83784192	83796049	11857	/voice/NA00_0308_001_029.ahx
3897	83796480	83823525	27045	/voice/NA00_0308_001_031.ahx
3898	83823616	83860622	37006	/voice/NA00_0308_001_031_1.ahx
3899	83860992	83881018	20026	/voice/NA00_0308_001_033.ahx
3900	83881472	83901375	19903	/voice/NA00_0308_001_035.ahx
3901	83901440	83906922	5482	/voice/NA00_0308_001_037.ahx
3902	83907072	83915704	8632	/voice/NA00_0308_002_002.ahx
3903	83915776	83924077	8301	/voice/NA00_0308_002_004.ahx
3904	83924480	83957119	32639	/voice/NA00_0308_002_004_1.ahx
3905	83957248	83979465	22217	/voice/NA00_0308_002_004_2.ahx
3906	83979776	83990241	10465	/voice/NA00_0308_002_012.ahx
3907	83990528	83995168	4640	/voice/NA00_0308_002_021.ahx
3908	83995648	84004775	9127	/voice/NA00_0308_002_023.ahx
3909	84004864	84030144	25280	/voice/NA00_0308_002_023_1.ahx
3910	84030464	84037520	7056	/voice/NA00_0308_002_028.ahx
3911	84037632	84038669	1037	/voice/NA00_0308_002_030.ahx
3912	84039168	84050842	11674	/voice/NA00_0308_002_032.ahx
3913	84050944	84056641	5697	/voice/NA00_0308_002_034.ahx
3914	84057088	84083250	26162	/voice/NA00_0308_002_034_1.ahx
3915	84083712	84111171	27459	/voice/NA00_0308_003_010.ahx
3916	84111360	84132992	21632	/voice/NA00_0308_003_024.ahx
3917	84133376	84147670	14294	/voice/NA00_0308_003_036.ahx
3918	84147712	84165528	17816	/voice/NA00_0308_007_025.ahx
3919	84165632	84172335	6703	/voice/NA00_0308_008_006.ahx
3920	84172800	84188766	15966	/voice/NA00_0308_008_008.ahx
3921	84189184	84205088	15904	/voice/NA00_0308_008_011.ahx
3922	84205568	84229410	23842	/voice/NA00_0308_008_011_1.ahx
3923	84229632	84251206	21574	/voice/NA00_0308_008_013.ahx
3924	84251648	84257558	5910	/voice/NA00_0308_008_013_1.ahx
3925	84257792	84268501	10709	/voice/NA00_0308_008_020.ahx
3926	84268544	84284469	15925	/voice/NA00_0308_008_020_1.ahx
3927	84284928	84310561	25633	/voice/NA00_0308_008_026.ahx
3928	84311040	84328886	17846	/voice/NA00_0308_027_015.ahx
3929	84328960	84360793	31833	/voice/NA00_0308_027_017.ahx
3930	84361216	84386031	24815	/voice/NA00_0308_034_014.ahx
3931	84386304	84417114	30810	/voice/NA00_0308_034_016.ahx
3932	84417536	84439250	21714	/voice/NA00_0308_034_018.ahx
3933	84439552	84475731	36179	/voice/NA00_0308_034_019.ahx
3934	84475904	84481812	5908	/voice/NA00_0308_034_019_1.ahx
3935	84482048	84485849	3801	/voice/NA00_0310_001_003.ahx
3936	84486144	84491661	5517	/voice/NA00_0310_001_005.ahx
3937	84491776	84521622	29846	/voice/NA00_0310_001_007.ahx
3938	84521984	84526145	4161	/voice/NA00_0310_001_008.ahx
3939	84526592	84540704	14112	/voice/NA00_0310_001_010.ahx
3940	84540928	84545648	4720	/voice/NA00_0310_001_027.ahx
3941	84546048	84560275	14227	/voice/NA00_0310_001_031.ahx
3942	84560384	84586884	26500	/voice/NA00_0310_002_012.ahx
3943	84587008	84599247	12239	/voice/NA00_0310_002_012_1.ahx
3944	84599296	84616287	16991	/voice/NA00_0310_002_014.ahx
3945	84616704	84650249	33545	/voice/NA00_0310_002_014_1.ahx
3946	84650496	84670823	20327	/voice/NA00_0310_002_016.ahx
3947	84670976	84684380	13404	/voice/NA00_0310_002_019.ahx
3948	84684800	84694643	9843	/voice/NA00_0310_002_028.ahx
3949	84695040	84715549	20509	/voice/NA00_0310_003_002.ahx
3950	84716032	84742167	26135	/voice/NA00_0310_003_004.ahx
3951	84742656	84756914	14258	/voice/NA00_0310_003_029.ahx
3952	84756992	84766165	9173	/voice/NA00_0310_005_001.ahx
3953	84766208	84772516	6308	/voice/NA00_0310_005_006.ahx
3954	84772864	84787997	15133	/voice/NA00_0310_005_009.ahx
3955	84788224	84815006	26782	/voice/NA00_0310_005_009_1.ahx
3956	84815360	84845035	29675	/voice/NA00_0310_005_011.ahx
3957	84845056	84875632	30576	/voice/NA00_0310_005_011_1.ahx
3958	84875776	84878740	2964	/voice/NA00_0310_005_013.ahx
3959	84878848	84908374	29526	/voice/NA00_0310_005_013_1.ahx
3960	84908544	84908807	263	/voice/NA00_0310_005_015.ahx
3961	84909056	84931901	22845	/voice/NA00_0310_005_020.ahx
3962	84932096	84950385	18289	/voice/NA00_0310_005_022.ahx
3963	84950528	84986848	36320	/voice/NA00_0310_005_026.ahx
3964	84986880	84992797	5917	/voice/NA00_0310_005_030.ahx
3965	84993024	85004081	11057	/voice/NA00_0310_007_024.ahx
3966	85004288	85030255	25967	/voice/NA00_0310_009_017.ahx
3967	85030400	85045042	14642	/voice/NA00_0310_009_018.ahx
3968	85045248	85089344	44096	/voice/NA00_0310_009_018_1.ahx
3969	85089792	85131524	41732	/voice/NA00_0310_009_021.ahx
3970	85131776	85194422	62646	/voice/NA00_0310_009_021_1.ahx
3971	85194752	85215716	20964	/voice/NA00_0310_009_023.ahx
3972	85215744	85243919	28175	/voice/NA00_0310_009_023_1.ahx
3973	85244416	85271677	27261	/voice/NA00_0310_009_025.ahx
3974	85272064	85316718	44654	/voice/NA00_0310_009_025_1.ahx
3975	85317120	85323770	6650	/voice/NA00_0311_001_003.ahx
3976	85323776	85357058	33282	/voice/NA00_0311_001_007.ahx
3977	85357568	85375598	18030	/voice/NA00_0311_001_012.ahx
3978	85376000	85382903	6903	/voice/NA00_0311_001_014.ahx
3979	85383168	85391669	8501	/voice/NA00_0311_001_020.ahx
3980	85391872	85393394	1522	/voice/NA00_0311_001_024.ahx
3981	85393408	85393671	263	/voice/NA00_0311_001_026.ahx
3982	85393920	85419536	25616	/voice/NA00_0311_001_028.ahx
3983	85420032	85438363	18331	/voice/NA00_0311_001_031.ahx
3984	85438464	85455878	17414	/voice/NA00_0311_001_031_1.ahx
3985	85456384	85462188	5804	/voice/NA00_0311_001_034.ahx
3986	85462528	85473068	10540	/voice/NA00_0311_001_036.ahx
3987	85473280	85483212	9932	/voice/NA00_0311_001_040.ahx
3988	85483520	85497813	14293	/voice/NA00_0311_001_044.ahx
3989	85497856	85535559	37703	/voice/NA00_0311_001_044_1.ahx
3990	85535744	85563645	27901	/voice/NA00_0311_001_046.ahx
3991	85563904	85583276	19372	/voice/NA00_0311_002_002.ahx
3992	85583360	85613467	30107	/voice/NA00_0311_002_004.ahx
3993	85613568	85650929	37361	/voice/NA00_0311_002_008.ahx
3994	85650944	85660208	9264	/voice/NA00_0311_002_010.ahx
3995	85660672	85662880	2208	/voice/NA00_0311_002_015.ahx
3996	85663232	85665781	2549	/voice/NA00_0311_002_018.ahx
3997	85665792	85683142	17350	/voice/NA00_0311_002_022.ahx
3998	85683200	85707004	23804	/voice/NA00_0311_002_030.ahx
3999	85707264	85735784	28520	/voice/NA00_0311_002_030_1.ahx
4000	85735936	85769871	33935	/voice/NA00_0311_002_032.ahx
4001	85770240	85773825	3585	/voice/NA00_0311_002_037.ahx
4002	85774336	85813757	39421	/voice/NA00_0311_002_039.ahx
4003	85813760	85823131	9371	/voice/NA00_0311_002_042.ahx
4004	85823488	85842738	19250	/voice/NA00_0311_003_001.ahx
4005	85842944	85872939	29995	/voice/NA00_0311_003_006.ahx
4006	85873152	85900991	27839	/voice/NA00_0311_003_009.ahx
4007	85901312	85922407	21095	/voice/NA00_0311_003_016.ahx
4008	85922816	85927015	4199	/voice/NA00_0311_003_019.ahx
4009	85927424	85940068	12644	/voice/NA00_0311_003_023.ahx
4010	85940224	85948276	8052	/voice/NA00_0311_003_027.ahx
4011	85948416	85969281	20865	/voice/NA00_0311_003_029.ahx
4012	85969408	85975895	6487	/voice/NA00_0311_003_033.ahx
4013	85976064	85984451	8387	/voice/NA00_0311_003_035.ahx
4014	85984768	85998244	13476	/voice/NA00_0311_003_035_1.ahx
4015	85998592	86017876	19284	/voice/NA00_0311_003_038.ahx
4016	86018048	86028728	10680	/voice/NA00_0311_003_041.ahx
4017	86028800	86037152	8352	/voice/NA00_0311_003_043.ahx
4018	86037504	86050054	12550	/voice/NA00_0311_003_043_1.ahx
4019	86050304	86071269	20965	/voice/NA00_0311_003_045.ahx
4020	86071296	86097900	26604	/voice/NA00_0311_007_005.ahx
4021	86097920	86103546	5626	/voice/NA00_0311_008_011.ahx
4022	86103552	86112503	8951	/voice/NA00_0311_008_013.ahx
4023	86112768	86120288	7520	/voice/NA00_0311_008_017.ahx
4024	86120448	86130571	10123	/voice/NA00_0311_008_025.ahx
4025	86130688	86132395	1707	/voice/NA00_0311_229_021.ahx
4026	86132736	86138457	5721	/voice/NA00_0405_001_002.ahx
4027	86138880	86154255	15375	/voice/NA00_0405_001_004.ahx
4028	86154752	86163898	9146	/voice/NA00_0405_001_004_1.ahx
4029	86163968	86178121	14153	/voice/NA00_0405_001_006.ahx
4030	86178304	86182122	3818	/voice/NA00_0405_001_008.ahx
4031	86182400	86199258	16858	/voice/NA00_0405_001_010.ahx
4032	86199296	86231618	32322	/voice/NA00_0405_001_012.ahx
4033	86232064	86261436	29372	/voice/NA00_0405_001_012_1.ahx
4034	86261760	86266330	4570	/voice/NA00_0405_001_014.ahx
4035	86266368	86280200	13832	/voice/NA00_0405_001_017.ahx
4036	86280704	86298018	17314	/voice/NA00_0405_001_019.ahx
4037	86298112	86311830	13718	/voice/NA00_0405_001_021.ahx
4038	86311936	86336440	24504	/voice/NA00_0405_001_023.ahx
4039	86336512	86336775	263	/voice/NA00_0405_001_025.ahx
4040	86337024	86343014	5990	/voice/NA00_0405_001_025_1.ahx
4041	86343168	86353979	10811	/voice/NA00_0405_001_027.ahx
4042	86354432	86383602	29170	/voice/NA00_0405_001_029.ahx
4043	86383616	86405965	22349	/voice/NA00_0405_001_029_1.ahx
4044	86406144	86440070	33926	/voice/NA00_0405_001_029_2.ahx
4045	86440448	86465868	25420	/voice/NA00_0405_001_031.ahx
4046	86466048	86490762	24714	/voice/NA00_0405_001_031_1.ahx
4047	86491136	86509366	18230	/voice/NA00_0405_001_031_2.ahx
4048	86509568	86522225	12657	/voice/NA00_0405_001_034.ahx
4049	86522368	86525732	3364	/voice/NA00_0405_001_037.ahx
4050	86525952	86535277	9325	/voice/NA00_0405_001_039.ahx
4051	86535680	86557544	21864	/voice/NA00_0405_002_003.ahx
4052	86557696	86579407	21711	/voice/NA00_0405_002_005.ahx
4053	86579712	86586686	6974	/voice/NA00_0405_002_007.ahx
4054	86586880	86592773	5893	/voice/NA00_0405_002_007_1.ahx
4055	86593024	86615353	22329	/voice/NA00_0405_002_009.ahx
4056	86615552	86652757	37205	/voice/NA00_0405_002_009_1.ahx
4057	86652928	86685299	32371	/voice/NA00_0405_002_011.ahx
4058	86685696	86719472	33776	/voice/NA00_0405_002_011_1.ahx
4059	86719488	86734205	14717	/voice/NA00_0405_002_013.ahx
4060	86734336	86758026	23690	/voice/NA00_0405_002_013_1.ahx
4061	86758400	86779106	20706	/voice/NA00_0405_002_015.ahx
4062	86779392	86801372	21980	/voice/NA00_0405_002_015_1.ahx
4063	86801408	86807993	6585	/voice/NA00_0405_002_026.ahx
4064	86808064	86811478	3414	/voice/NA00_0405_002_028.ahx
4065	86811648	86827307	15659	/voice/NA00_0405_002_030.ahx
4066	86827520	86829502	1982	/voice/NA00_0405_002_032.ahx
4067	86829568	86861513	31945	/voice/NA00_0405_002_032_1.ahx
4068	86861824	86880601	18777	/voice/NA00_0405_002_032_2.ahx
4069	86880768	86894616	13848	/voice/NA00_0405_003_001.ahx
4070	86895104	86919351	24247	/voice/NA00_0405_003_016.ahx
4071	86919680	86937152	17472	/voice/NA00_0405_003_016_1.ahx
4072	86937600	86956625	19025	/voice/NA00_0405_003_016_2.ahx
4073	86957056	86984360	27304	/voice/NA00_0405_003_018.ahx
4074	86984704	86999376	14672	/voice/NA00_0405_003_018_1.ahx
4075	86999552	87022171	22619	/voice/NA00_0405_003_020.ahx
4076	87022592	87050592	28000	/voice/NA00_0405_003_020_1.ahx
4077	87050752	87079465	28713	/voice/NA00_0405_003_020_2.ahx
4078	87079936	87094595	14659	/voice/NA00_0405_003_022.ahx
4079	87094784	87109788	15004	/voice/NA00_0405_003_024.ahx
4080	87110144	87118235	8091	/voice/NA00_0405_003_024_1.ahx
4081	87118336	87156024	37688	/voice/NA00_0405_003_024_2.ahx
4082	87156224	87183892	27668	/voice/NA00_0405_003_024_3.ahx
4083	87184384	87197540	13156	/voice/NA00_0405_003_033.ahx
4084	87197696	87202699	5003	/voice/NA00_0405_003_035.ahx
4085	87202816	87209001	6185	/voice/NA00_0405_003_036.ahx
4086	87209472	87230943	21471	/voice/NA00_0405_003_038.ahx
4087	87230976	87256226	25250	/voice/NA00_0405_003_038_1.ahx
4088	87256576	87278313	21737	/voice/NA00_0405_003_040.ahx
4089	87278592	87287214	8622	/voice/NA00_0506_001_002.ahx
4090	87287296	87296455	9159	/voice/NA00_0506_001_005.ahx
4091	87296512	87305611	9099	/voice/NA00_0506_001_008.ahx
4092	87305728	87329800	24072	/voice/NA00_0506_001_008_1.ahx
4093	87330304	87362847	32543	/voice/NA00_0506_001_020.ahx
4094	87363072	87386143	23071	/voice/NA00_0506_001_026.ahx
4095	87386624	87420664	34040	/voice/NA00_0506_001_028.ahx
4096	87420928	87441261	20333	/voice/NA00_0506_001_035.ahx
4097	87441408	87453714	12306	/voice/NA00_0506_001_053.ahx
4098	87454208	87469842	15634	/voice/NA00_0506_001_057.ahx
4099	87470080	87487656	17576	/voice/NA00_0506_001_057_1.ahx
4100	87488000	87493353	5353	/voice/NA00_0506_001_061.ahx
4101	87493632	87503411	9779	/voice/NA00_0506_002_003.ahx
4102	87503872	87513815	9943	/voice/NA00_0506_002_006.ahx
4103	87514112	87524986	10874	/voice/NA00_0506_002_006_1.ahx
4104	87525376	87533859	8483	/voice/NA00_0506_002_009.ahx
4105	87534080	87547946	13866	/voice/NA00_0506_002_011.ahx
4106	87548416	87564707	16291	/voice/NA00_0506_002_011_1.ahx
4107	87564800	87587325	22525	/voice/NA00_0506_002_019.ahx
4108	87587328	87608595	21267	/voice/NA00_0506_002_019_1.ahx
4109	87608832	87619862	11030	/voice/NA00_0506_002_025.ahx
4110	87620096	87639017	18921	/voice/NA00_0506_002_025_1.ahx
4111	87639040	87669599	30559	/voice/NA00_0506_002_032.ahx
4112	87669760	87707408	37648	/voice/NA00_0506_002_056.ahx
4113	87707648	87720919	13271	/voice/NA00_0506_002_060.ahx
4114	87720960	87732169	11209	/voice/NA00_0506_002_063.ahx
4115	87732224	87749110	16886	/voice/NA00_0506_003_001.ahx
4116	87749120	87780304	31184	/voice/NA00_0506_003_013.ahx
4117	87780352	87795289	14937	/voice/NA00_0506_003_015.ahx
4118	87795712	87825418	29706	/voice/NA00_0506_003_017.ahx
4119	87825920	87858154	32234	/voice/NA00_0506_003_017_1.ahx
4120	87858176	87870861	12685	/voice/NA00_0506_003_022.ahx
4121	87870976	87888584	17608	/voice/NA00_0506_003_024.ahx
4122	87888896	87923337	34441	/voice/NA00_0506_003_024_1.ahx
4123	87923712	87938744	15032	/voice/NA00_0506_003_030.ahx
4124	87939072	87965669	26597	/voice/NA00_0506_003_034.ahx
4125	87965696	87986391	20695	/voice/NA00_0506_003_054.ahx
4126	87986688	88035337	48649	/voice/NA00_0506_003_054_1.ahx
4127	88035840	88073824	37984	/voice/NA00_0506_003_054_2.ahx
4128	88074240	88078021	3781	/voice/NA00_0506_003_059.ahx
4129	88078336	88111395	33059	/voice/NA00_0506_004_004.ahx
4130	88111616	88117657	6041	/voice/NA00_0506_004_007.ahx
4131	88117760	88133083	15323	/voice/NA00_0506_004_007_1.ahx
4132	88133120	88163251	30131	/voice/NA00_0506_004_010.ahx
4133	88163328	88178923	15595	/voice/NA00_0506_004_010_1.ahx
4134	88179200	88211131	31931	/voice/NA00_0506_004_012.ahx
4135	88211456	88223622	12166	/voice/NA00_0506_004_012_1.ahx
4136	88223744	88245810	22066	/voice/NA00_0506_004_014.ahx
4137	88246272	88266855	20583	/voice/NA00_0506_004_014_1.ahx
4138	88267264	88293275	26011	/voice/NA00_0506_004_014_2.ahx
4139	88293376	88325474	32098	/voice/NA00_0506_004_014_3.ahx
4140	88325632	88366865	41233	/voice/NA00_0506_004_016.ahx
4141	88367104	88388435	21331	/voice/NA00_0506_004_016_1.ahx
4142	88388608	88422076	33468	/voice/NA00_0506_004_018.ahx
4143	88422400	88461070	38670	/voice/NA00_0506_004_021.ahx
4144	88461312	88471618	10306	/voice/NA00_0506_004_023.ahx
4145	88472064	88502065	30001	/voice/NA00_0506_004_027.ahx
4146	88502272	88524823	22551	/voice/NA00_0506_004_029.ahx
4147	88525312	88528898	3586	/voice/NA00_0506_004_031.ahx
4148	88529408	88534785	5377	/voice/NA00_0506_004_031_1.ahx
4149	88535040	88549023	13983	/voice/NA00_0506_004_036.ahx
4150	88549376	88558974	9598	/voice/NA00_0506_004_055.ahx
4151	88559104	88596957	37853	/voice/NA00_0506_004_055_1.ahx
4152	88596992	88600789	3797	/voice/NA00_0506_004_058.ahx
4153	88601088	88622098	21010	/voice/NA00_0506_004_058_1.ahx
4154	88622592	88640378	17786	/voice/NA00_0506_004_062.ahx
4155	88640512	88656220	15708	/voice/NA00_0506_007_033.ahx
4156	88656384	88678113	21729	/voice/NA00_0506_027_037.ahx
4157	88678400	88704269	25869	/voice/NA00_0506_027_039.ahx
4158	88704512	88734082	29570	/voice/NA00_0506_027_041.ahx
4159	88734208	88771550	37342	/voice/NA00_0506_027_043.ahx
4160	88771584	88774764	3180	/voice/NA00_0506_027_045.ahx
4161	88775168	88807197	32029	/voice/NA00_0506_027_045_1.ahx
4162	88807424	88846833	39409	/voice/NA00_0506_027_045_2.ahx
4163	88846848	88875726	28878	/voice/NA00_0506_027_047.ahx
4164	88876032	88902304	26272	/voice/NA00_0506_027_047_1.ahx
4165	88902656	88919028	16372	/voice/NA00_0506_027_049.ahx
4166	88919040	88940544	21504	/voice/NA00_0506_027_051.ahx
4167	88940544	88954105	13561	/voice/NA00_0506_030_038.ahx
4168	88954368	88997322	42954	/voice/NA00_0506_030_038_1.ahx
4169	88997376	89012599	15223	/voice/NA00_0506_030_040.ahx
4170	89012736	89038105	25369	/voice/NA00_0506_030_042.ahx
4171	89038336	89073253	34917	/voice/NA00_0506_030_044.ahx
4172	89073664	89118430	44766	/voice/NA00_0506_030_044_1.ahx
4173	89118720	89150992	32272	/voice/NA00_0506_030_044_2.ahx
4174	89151488	89186293	34805	/voice/NA00_0506_030_046.ahx
4175	89186304	89195487	9183	/voice/NA00_0506_030_048.ahx
4176	89195520	89213961	18441	/voice/NA00_0506_030_050.ahx
4177	89214464	89238285	23821	/voice/NA00_0506_030_052.ahx
4178	89238528	89243676	5148	/voice/NA00_0508_001_003.ahx
4179	89244160	89246312	2152	/voice/NA00_0508_001_003_1.ahx
4180	89246720	89258557	11837	/voice/NA00_0508_001_005.ahx
4181	89259008	89277110	18102	/voice/NA00_0508_001_016.ahx
4182	89277440	89297901	20461	/voice/NA00_0508_001_031.ahx
4183	89297920	89304762	6842	/voice/NA00_0508_001_037.ahx
4184	89305088	89315853	10765	/voice/NA00_0508_001_039.ahx
4185	89316352	89322632	6280	/voice/NA00_0508_002_001.ahx
4186	89323008	89325171	2163	/voice/NA00_0508_002_002.ahx
4187	89325568	89342836	17268	/voice/NA00_0508_002_008.ahx
4188	89342976	89356655	13679	/voice/NA00_0508_002_030.ahx
4189	89356800	89367598	10798	/voice/NA00_0508_002_032.ahx
4190	89368064	89376767	8703	/voice/NA00_0508_002_036.ahx
4191	89376768	89387226	10458	/voice/NA00_0508_002_038.ahx
4192	89387520	89389878	2358	/voice/NA00_0508_003_004.ahx
4193	89390080	89394853	4773	/voice/NA00_0508_003_004_1.ahx
4194	89395200	89400900	5700	/voice/NA00_0508_003_004_2.ahx
4195	89401344	89412612	11268	/voice/NA00_0508_003_014.ahx
4196	89413120	89438029	24909	/voice/NA00_0508_003_018.ahx
4197	89438208	89452379	14171	/voice/NA00_0508_003_029.ahx
4198	89452544	89466358	13814	/voice/NA00_0508_003_034.ahx
4199	89466368	89482404	16036	/voice/NA00_0508_003_040.ahx
4200	89482752	89489036	6284	/voice/NA00_0508_004_009.ahx
4201	89489408	89507868	18460	/voice/NA00_0508_004_011.ahx
4202	89508352	89529030	20678	/voice/NA00_0508_004_013.ahx
4203	89529344	89535684	6340	/voice/NA00_0508_004_020.ahx
4204	89536000	89542853	6853	/voice/NA00_0508_004_022.ahx
4205	89543168	89555335	12167	/voice/NA00_0508_004_024.ahx
4206	89555456	89593198	37742	/voice/NA00_0508_004_026.ahx
4207	89593344	89606175	12831	/voice/NA00_0508_004_028.ahx
4208	89606656	89614484	7828	/voice/NA00_0508_004_028_1.ahx
4209	89614848	89628376	13528	/voice/NA00_0508_004_035.ahx
4210	89628672	89653754	25082	/voice/NA00_0508_005_006.ahx
4211	89653760	89669427	15667	/voice/NA00_0508_005_007.ahx
4212	89669632	89695333	25701	/voice/NA00_0508_005_010.ahx
4213	89695744	89718697	22953	/voice/NA00_0508_005_012.ahx
4214	89718784	89744358	25574	/voice/NA00_0508_005_015.ahx
4215	89744384	89767856	23472	/voice/NA00_0508_005_015_1.ahx
4216	89767936	89774629	6693	/voice/NA00_0508_005_017.ahx
4217	89775104	89803401	28297	/voice/NA00_0508_005_017_1.ahx
4218	89803776	89815668	11892	/voice/NA00_0508_005_017_2.ahx
4219	89816064	89846618	30554	/voice/NA00_0508_005_019.ahx
4220	89846784	89859703	12919	/voice/NA00_0508_005_021.ahx
4221	89860096	89862240	2144	/voice/NA00_0508_005_023.ahx
4222	89862656	89892661	30005	/voice/NA00_0508_005_025.ahx
4223	89892864	89904991	12127	/voice/NA00_0508_005_027.ahx
4224	89905152	89920621	15469	/voice/NA00_0508_005_033.ahx
4225	89921024	89939170	18146	/voice/NA00_0508_007_041.ahx
4226	89939456	89942452	2996	/voice/NA00_0509_001_002.ahx
4227	89942528	89944465	1937	/voice/NA00_0509_001_003.ahx
4228	89944576	89969367	24791	/voice/NA00_0509_002_006.ahx
4229	89969664	89986112	16448	/voice/NA00_0509_002_010.ahx
4230	89986560	89995836	9276	/voice/NA00_0509_003_004.ahx
4231	89996288	89998648	2360	/voice/NA00_0509_003_012.ahx
4232	89998848	90007858	9010	/voice/NA00_0509_004_007.ahx
4233	90008064	90015985	7921	/voice/NA00_0509_005_001.ahx
4234	90016256	90019172	2916	/voice/NA00_0509_005_001_1.ahx
4235	90019328	90028348	9020	/voice/NA00_0509_005_009.ahx
4236	90028544	90085500	56956	/voice/NA00_0509_013_005.ahx
4237	90085888	90109157	23269	/voice/NA00_0509_013_008.ahx
4238	90109440	90154068	44628	/voice/NA00_0509_013_008_1.ahx
4239	90154496	90174447	19951	/voice/NA00_0509_013_011.ahx
4240	90174464	90202568	28104	/voice/NA00_0604_001_001.ahx
4241	90202624	90210566	7942	/voice/NA00_0604_001_003.ahx
4242	90210816	90212759	1943	/voice/NA00_0604_001_005.ahx
4243	90212864	90226876	14012	/voice/NA00_0604_001_007.ahx
4244	90227200	90245998	18798	/voice/NA00_0604_001_009.ahx
4245	90246144	90249718	3574	/voice/NA00_0604_001_012.ahx
4246	90249728	90284386	34658	/voice/NA00_0604_001_017.ahx
4247	90284544	90288092	3548	/voice/NA00_0604_001_022.ahx
4248	90288128	90296179	8051	/voice/NA00_0604_001_031.ahx
4249	90296320	90305484	9164	/voice/NA00_0604_002_013.ahx
4250	90305536	90331900	26364	/voice/NA00_0604_002_014.ahx
4251	90332160	90340232	8072	/voice/NA00_0604_002_016.ahx
4252	90340352	90368614	28262	/voice/NA00_0604_002_016_1.ahx
4253	90369024	90396474	27450	/voice/NA00_0604_002_019.ahx
4254	90396672	90422218	25546	/voice/NA00_0604_002_021.ahx
4255	90422272	90438725	16453	/voice/NA00_0604_002_023.ahx
4256	90439168	90469701	30533	/voice/NA00_0604_002_026.ahx
4257	90469888	90474443	4555	/voice/NA00_0604_002_029.ahx
4258	90474496	90494847	20351	/voice/NA00_0604_004_011.ahx
4259	90494976	90508743	13767	/voice/NA00_0604_004_015.ahx
4260	90508800	90519334	10534	/voice/NA00_0604_004_020.ahx
4261	90519552	90534332	14780	/voice/NA00_0604_004_025.ahx
4262	90534400	90546928	12528	/voice/NA00_0604_004_027.ahx
4263	90547200	90563893	16693	/voice/NA00_0604_007_002.ahx
4264	90564096	90581684	17588	/voice/NA00_0604_007_018.ahx
4265	90582016	90602394	20378	/voice/NA00_0604_007_024.ahx
4266	90602496	90615580	13084	/voice/NA00_0604_066_004.ahx
4267	90615808	90636572	20764	/voice/NA00_0604_066_006.ahx
4268	90636800	90666473	29673	/voice/NA00_0604_066_008.ahx
4269	90666496	90686954	20458	/voice/NA00_0604_066_010.ahx
4270	90686976	90717562	30586	/voice/NA00_0604_066_028.ahx
4271	90717696	90746202	28506	/voice/NA00_0604_066_030.ahx
4272	90746368	90759921	13553	/voice/NA00_0604_066_032.ahx
4273	90760192	90764591	4399	/voice/NA00_0605_001_002.ahx
4274	90764800	90775883	11083	/voice/NA00_0605_002_007.ahx
4275	90776064	90821577	45513	/voice/NA00_0605_002_011.ahx
4276	90821632	90848489	26857	/voice/NA00_0605_002_014.ahx
4277	90848768	90868778	20010	/voice/NA00_0605_003_015.ahx
4278	90869248	90878888	9640	/voice/NA00_0605_003_017.ahx
4279	90878976	90893948	14972	/voice/NA00_0605_003_034.ahx
4280	90894336	90905440	11104	/voice/NA00_0605_004_003.ahx
4281	90905600	90934716	29116	/voice/NA00_0605_004_005.ahx
4282	90934784	90945529	10745	/voice/NA00_0605_004_005_1.ahx
4283	90945536	90960813	15277	/voice/NA00_0605_004_009.ahx
4284	90960896	90973653	12757	/voice/NA00_0605_004_013.ahx
4285	90973696	90985945	12249	/voice/NA00_0605_004_023.ahx
4286	90985984	90997917	11933	/voice/NA00_0605_004_025.ahx
4287	90998272	91015666	17394	/voice/NA00_0605_004_028.ahx
4288	91015680	91045010	29330	/voice/NA00_0605_004_030.ahx
4289	91045376	91059273	13897	/voice/NA00_0605_004_032.ahx
4290	91059712	91082373	22661	/voice/NA00_0605_005_019.ahx
4291	91082752	91088564	5812	/voice/NA00_0605_005_021.ahx
4292	91088896	91111155	22259	/voice/NA00_0605_005_027.ahx
4293	91111424	91123076	11652	/voice/NA00_0605_005_029.ahx
4294	91123200	91129114	5914	/voice/NA00_0605_005_031.ahx
4295	91129344	91157098	27754	/voice/NA00_0605_006_020.ahx
4296	91157504	91170270	12766	/voice/NA00_0605_006_022.ahx
4297	91170304	91195087	24783	/voice/NA00_0605_006_022_1.ahx
4298	91195392	91228846	33454	/voice/NA00_0605_006_024.ahx
4299	91229184	91264504	35320	/voice/NA00_0605_006_024_1.ahx
4300	91264512	91284982	20470	/voice/NA00_0605_006_026.ahx
4301	91284992	91303143	18151	/voice/NA00_0605_006_026_1.ahx
4302	91303424	91333036	29612	/voice/NA00_0605_006_026_2.ahx
4303	91333120	91354618	21498	/voice/NA00_0605_006_033.ahx
4304	91354624	91382685	28061	/voice/NA00_0605_006_035.ahx
4305	91382784	91408925	26141	/voice/NA00_0605_066_001.ahx
4306	91409408	91424193	14785	/voice/NA00_0605_066_004.ahx
4307	91424256	91454169	29913	/voice/NA00_0605_066_006.ahx
4308	91454464	91488355	33891	/voice/NA00_0605_066_006_1.ahx
4309	91488768	91518597	29829	/voice/NA00_0605_066_006_2.ahx
4310	91518976	91551540	32564	/voice/NA00_0605_066_008.ahx
4311	91551744	91573200	21456	/voice/NA00_0605_066_010.ahx
4312	91573248	91598443	25195	/voice/NA00_0605_066_010_1.ahx
4313	91598848	91628391	29543	/voice/NA00_0605_066_012.ahx
4314	91628544	91653778	25234	/voice/NA00_0605_066_012_1.ahx
4315	91654144	91675954	21810	/voice/NA00_0605_066_012_2.ahx
4316	91676160	91709276	33116	/voice/NA00_0605_066_016.ahx
4317	91709440	91729770	20330	/voice/NA00_0605_066_018.ahx
4318	91729920	91752915	22995	/voice/NA00_0605_066_018_1.ahx
4319	91752960	91759590	6630	/voice/NA00_0703_001_004.ahx
4320	91759616	91764462	4846	/voice/NA00_0703_001_033.ahx
4321	91764736	91774922	10186	/voice/NA00_0703_001_033_1.ahx
4322	91774976	91782107	7131	/voice/NA00_0703_001_045.ahx
4323	91782144	91786387	4243	/voice/NA00_0703_001_047.ahx
4324	91786752	91793870	7118	/voice/NA00_0703_001_052.ahx
4325	91793920	91820962	27042	/voice/NA00_0703_001_058.ahx
4326	91821056	91836312	15256	/voice/NA00_0703_001_064.ahx
4327	91836416	91843809	7393	/voice/NA00_0703_001_078.ahx
4328	91844096	91851483	7387	/voice/NA00_0703_002_005.ahx
4329	91851776	91867672	15896	/voice/NA00_0703_002_007.ahx
4330	91868160	91882117	13957	/voice/NA00_0703_002_036.ahx
4331	91882496	91891358	8862	/voice/NA00_0703_002_039.ahx
4332	91891712	91908041	16329	/voice/NA00_0703_002_054.ahx
4333	91908096	91938772	30676	/voice/NA00_0703_002_056.ahx
4334	91938816	91955277	16461	/voice/NA00_0703_002_071.ahx
4335	91955712	91963659	7947	/voice/NA00_0703_003_006.ahx
4336	91963904	91984704	20800	/voice/NA00_0703_003_034.ahx
4337	91984896	91998534	13638	/voice/NA00_0703_003_042.ahx
4338	91998720	92004195	5475	/voice/NA00_0703_003_044_1.ahx
4339	92004352	92020885	16533	/voice/NA00_0703_003_049.ahx
4340	92021248	92026514	5266	/voice/NA00_0703_004_003.ahx
4341	92026880	92031473	4593	/voice/NA00_0703_004_035.ahx
4342	92031488	92060088	28600	/voice/NA00_0703_004_038.ahx
4343	92060160	92092670	32510	/voice/NA00_0703_004_040.ahx
4344	92092928	92096322	3394	/voice/NA00_0703_004_060.ahx
4345	92096512	92100105	3593	/voice/NA00_0703_004_062.ahx
4346	92100608	92118271	17663	/voice/NA00_0703_004_066.ahx
4347	92118528	92127639	9111	/voice/NA00_0703_004_069.ahx
4348	92127744	92142603	14859	/voice/NA00_0703_005_002.ahx
4349	92143104	92161324	18220	/voice/NA00_0703_005_037.ahx
4350	92161536	92176818	15282	/voice/NA00_0703_005_037_1.ahx
4351	92176896	92181515	4619	/voice/NA00_0703_005_068.ahx
4352	92182016	92202612	20596	/voice/NA00_0703_005_070.ahx
4353	92203008	92222959	19951	/voice/NA00_0703_005_072.ahx
4354	92222976	92229221	6245	/voice/NA00_0703_006_001.ahx
4355	92229632	92252151	22519	/voice/NA00_0703_006_041.ahx
4356	92252160	92267826	15666	/voice/NA00_0703_006_043.ahx
4357	92268032	92279754	11722	/voice/NA00_0703_006_046.ahx
4358	92279808	92281960	2152	/voice/NA00_0703_006_048.ahx
4359	92282368	92287199	4831	/voice/NA00_0703_006_050.ahx
4360	92287488	92303213	15725	/voice/NA00_0703_006_051.ahx
4361	92303360	92333844	30484	/voice/NA00_0703_006_053.ahx
4362	92334080	92355386	21306	/voice/NA00_0703_006_053_1.ahx
4363	92355584	92394792	39208	/voice/NA00_0703_006_055.ahx
4364	92395008	92403452	8444	/voice/NA00_0703_006_055_1.ahx
4365	92403712	92430397	26685	/voice/NA00_0703_006_057.ahx
4366	92430848	92458712	27864	/voice/NA00_0703_006_057_1.ahx
4367	92459008	92494665	35657	/voice/NA00_0703_006_059.ahx
4368	92494848	92515992	21144	/voice/NA00_0703_006_059_1.ahx
4369	92516352	92551253	34901	/voice/NA00_0703_006_061.ahx
4370	92551680	92574636	22956	/voice/NA00_0703_006_061_1.ahx
4371	92574720	92591974	17254	/voice/NA00_0703_006_063.ahx
4372	92592128	92622725	30597	/voice/NA00_0703_006_063_1.ahx
4373	92622848	92652381	29533	/voice/NA00_0703_006_063_2.ahx
4374	92652544	92672001	19457	/voice/NA00_0703_006_065.ahx
4375	92672512	92691405	18893	/voice/NA00_0703_006_065_1.ahx
4376	92691456	92715513	24057	/voice/NA00_0703_006_067.ahx
4377	92715520	92731150	15630	/voice/NA00_0703_006_067_1.ahx
4378	92731392	92750055	18663	/voice/NA00_0703_006_074.ahx
4379	92750336	92770050	19714	/voice/NA00_0703_006_075.ahx
4380	92770304	92784824	14520	/voice/NA00_0703_006_077.ahx
4381	92785152	92809335	24183	/voice/NA00_0703_006_079.ahx
4382	92809728	92845557	35829	/voice/NA00_0703_007_073.ahx
4383	92845568	92868687	23119	/voice/NA00_0703_007_076.ahx
4384	92869120	92902828	33708	/voice/NA00_0703_027_010.ahx
4385	92902912	92938242	35330	/voice/NA00_0703_027_010_1.ahx
4386	92938752	92973531	34779	/voice/NA00_0703_027_013.ahx
4387	92973568	92979811	6243	/voice/NA00_0703_027_015.ahx
4388	92980224	93007218	26994	/voice/NA00_0703_027_015_1.ahx
4389	93007360	93011893	4533	/voice/NA00_0703_027_018.ahx
4390	93011968	93032395	20427	/voice/NA00_0703_027_020.ahx
4391	93032448	93041437	8989	/voice/NA00_0703_027_020_1.ahx
4392	93041664	93069410	27746	/voice/NA00_0703_027_023.ahx
4393	93069824	93099757	29933	/voice/NA00_0703_027_025.ahx
4394	93100032	93102414	2382	/voice/NA00_0703_027_027.ahx
4395	93102592	93111023	8431	/voice/NA00_0703_027_029.ahx
4396	93111296	93133859	22563	/voice/NA00_0703_027_031.ahx
4397	93134336	93152660	18324	/voice/NA00_0703_027_031_1.ahx
4398	93152768	93160062	7294	/voice/NA00_0703_027_032.ahx
4399	93160448	93176283	15835	/voice/NA00_0703_028_012.ahx
4400	93176320	93205171	28851	/voice/NA00_0703_029_011.ahx
4401	93205504	93210748	5244	/voice/NA00_0703_030_022.ahx
4402	93211136	93227269	16133	/voice/NA00_0703_030_024.ahx
4403	93227520	93258001	30481	/voice/NA00_0703_030_024_1.ahx
4404	93258240	93287248	29008	/voice/NA00_0703_030_026.ahx
4405	93287424	93316961	29537	/voice/NA00_0703_030_026_1.ahx
4406	93317120	93320922	3802	/voice/NA00_0703_030_028.ahx
4407	93321216	93360884	39668	/voice/NA00_0703_030_028_1.ahx
4408	93361152	93386060	24908	/voice/NA00_0703_030_030.ahx
4409	93386240	93418302	32062	/voice/NA00_0703_032_014.ahx
4410	93418496	93456918	38422	/voice/NA00_0703_032_014_1.ahx
4411	93457408	93494354	36946	/voice/NA00_0703_032_016.ahx
4412	93494784	93511214	16430	/voice/NA00_0703_034_017.ahx
4413	93511680	93532920	21240	/voice/NA00_0703_034_019.ahx
4414	93533184	93537578	4394	/voice/NA00_0703_034_021.ahx
4415	93537792	93575059	37267	/voice/NA00_0703_108_008.ahx
4416	93575168	93599521	24353	/voice/NA00_0703_108_009.ahx
4417	93599744	93603121	3377	/voice/NA00_0703_221_044.ahx
4418	93603328	93618079	14751	/voice/NA00_0704_001_015.ahx
4419	93618176	93636660	18484	/voice/NA00_0704_001_017.ahx
4420	93637120	93665484	28364	/voice/NA00_0704_001_030.ahx
4421	93665792	93694550	28758	/voice/NA00_0704_001_030_1.ahx
4422	93694976	93708258	13282	/voice/NA00_0704_001_032.ahx
4423	93708288	93716122	7834	/voice/NA00_0704_002_003.ahx
4424	93716480	93722372	5892	/voice/NA00_0704_002_016.ahx
4425	93722624	93726005	3381	/voice/NA00_0704_003_001.ahx
4426	93726208	93760602	34394	/voice/NA00_0704_003_026.ahx
4427	93761024	93805148	44124	/voice/NA00_0704_004_004.ahx
4428	93805568	93810234	4666	/voice/NA00_0704_004_005.ahx
4429	93810688	93846035	35347	/voice/NA00_0704_004_006.ahx
4430	93846528	93872346	25818	/voice/NA00_0704_004_014.ahx
4431	93872640	93889353	16713	/voice/NA00_0704_004_019.ahx
4432	93889536	93911262	21726	/voice/NA00_0704_004_024.ahx
4433	93911552	93922742	11190	/voice/NA00_0704_005_002.ahx
4434	93922816	93954241	31425	/voice/NA00_0704_005_018.ahx
4435	93954560	93986190	31630	/voice/NA00_0704_005_023.ahx
4436	93986304	94020544	34240	/voice/NA00_0704_005_028.ahx
4437	94020608	94030304	9696	/voice/NA00_0704_006_008.ahx
4438	94030336	94034128	3792	/voice/NA00_0704_006_010.ahx
4439	94034432	94053445	19013	/voice/NA00_0704_006_010_1.ahx
4440	94053888	94080123	26235	/voice/NA00_0704_006_012.ahx
4441	94080512	94104110	23598	/voice/NA00_0704_006_021.ahx
4442	94104576	94113260	8684	/voice/NA00_0704_006_033.ahx
4443	94113280	94118904	5624	/voice/NA00_0704_006_035.ahx
4444	94118912	94146431	27519	/voice/NA00_0704_010_007.ahx
4445	94146560	94156081	9521	/voice/NA00_0704_010_009.ahx
4446	94156288	94171787	15499	/voice/NA00_0704_010_011.ahx
4447	94172160	94195774	23614	/voice/NA00_0704_010_013.ahx
4448	94196224	94201307	5083	/voice/NA00_0704_010_013_1.ahx
4449	94201344	94224788	23444	/voice/NA00_0704_010_020.ahx
4450	94224896	94238872	13976	/voice/NA00_0704_010_022.ahx
4451	94239232	94253263	14031	/voice/NA00_0704_010_025.ahx
4452	94253568	94270729	17161	/voice/NA00_0704_010_025_1.ahx
4453	94270976	94280845	9869	/voice/NA00_0704_010_027.ahx
4454	94281216	94317091	35875	/voice/NA00_0704_010_027_1.ahx
4455	94317568	94321784	4216	/voice/NA00_0704_010_029.ahx
4456	94322176	94337577	15401	/voice/NA00_0704_010_029_1.ahx
4457	94338048	94363749	25701	/voice/NA00_0704_010_029_2.ahx
4458	94364160	94375776	11616	/voice/NA00_0704_010_031.ahx
4459	94375936	94400007	24071	/voice/NA00_0704_010_031_1.ahx
4460	94400512	94406991	6479	/voice/NA00_0704_010_034.ahx
4461	94407168	94427305	20137	/voice/NA00_0704_010_036.ahx
4462	94427648	94432964	5316	/voice/NA00_0804_001_003.ahx
4463	94433280	94435786	2506	/voice/NA00_0804_001_005.ahx
4464	94435840	94446221	10381	/voice/NA00_0804_002_001.ahx
4465	94446592	94472298	25706	/voice/NA00_0804_007_002.ahx
4466	94472704	94499437	26733	/voice/NA00_0804_007_004.ahx
4467	94499840	94511430	11590	/voice/NA00_0903_002_001.ahx
4468	94511616	94538342	26726	/voice/NA00_0903_002_010.ahx
4469	94538752	94561098	22346	/voice/NA00_0903_003_002.ahx
4470	94561280	94572268	10988	/voice/NA00_0903_003_009.ahx
4471	94572544	94583347	10803	/voice/NA00_0903_004_005.ahx
4472	94583808	94626195	42387	/voice/NA00_0903_004_005_1.ahx
4473	94626304	94630945	4641	/voice/NA00_0903_004_007.ahx
4474	94631424	94637263	5839	/voice/NA00_0903_004_011.ahx
4475	94637568	94670482	32914	/voice/NA00_0903_004_011_1.ahx
4476	94670848	94689152	18304	/voice/NA00_0903_004_011_2.ahx
4477	94689280	94697595	8315	/voice/NA00_0903_006_003.ahx
4478	94697984	94707137	9153	/voice/NA00_0903_006_006.ahx
4479	94707200	94716788	9588	/voice/NA00_0903_006_008.ahx
4480	94716928	94730982	14054	/voice/NA00_0903_007_004.ahx
4481	94731264	94735079	3815	/voice/NA00_0903_228_011_3.ahx
4482	94735360	94749871	14511	/voice/NA00_1003_001_002.ahx
4483	94750208	94769035	18827	/voice/NA00_1003_001_004.ahx
4484	94769152	94781123	11971	/voice/NA00_1003_001_007.ahx
4485	94781440	94803480	22040	/voice/NA00_1003_001_009.ahx
4486	94803968	94808560	4592	/voice/NA00_1003_001_011.ahx
4487	94808576	94814516	5940	/voice/NA00_1003_001_011_1.ahx
4488	94814720	94819320	4600	/voice/NA00_1003_001_018.ahx
4489	94819328	94833707	14379	/voice/NA00_1003_001_020.ahx
4490	94834176	94842768	8592	/voice/NA00_1003_001_022.ahx
4491	94842880	94851312	8432	/voice/NA00_1003_001_024.ahx
4492	94851584	94869081	17497	/voice/NA00_1003_001_026.ahx
4493	94869504	94881201	11697	/voice/NA00_1003_001_028.ahx
4494	94881280	94896698	15418	/voice/NA00_1003_001_030.ahx
4495	94897152	94921978	24826	/voice/NA00_1003_001_032.ahx
4496	94922240	94938480	16240	/voice/NA00_1003_001_034.ahx
4497	94938624	94960003	21379	/voice/NA00_1003_001_034_1.ahx
4498	94960128	94973863	13735	/voice/NA00_1003_001_036.ahx
4499	94973952	94996456	22504	/voice/NA00_1003_001_038.ahx
4500	94996480	95002736	6256	/voice/NA00_1003_001_040.ahx
4501	95003136	95019653	16517	/voice/NA00_1003_001_042.ahx
4502	95020032	95025315	5283	/voice/NA00_1003_001_045.ahx
4503	95025664	95052119	26455	/voice/NA00_1003_001_047.ahx
4504	95052288	95097062	44774	/voice/NA00_1003_001_049.ahx
4505	95097344	95109073	11729	/voice/NA00_1003_001_051.ahx
4506	95109120	95120135	11015	/voice/NA00_1003_001_053.ahx
4507	95120384	95134231	13847	/voice/NA00_1003_002_044.ahx
4508	95134720	95177583	42863	/voice/NA00_1003_002_046.ahx
4509	95177728	95192114	14386	/voice/NA00_1003_002_048.ahx
4510	95192576	95199464	6888	/voice/NA00_1003_002_048_1.ahx
4511	95199744	95204150	4406	/voice/NA00_1003_002_050.ahx
4512	95204352	95241452	37100	/voice/NA00_1003_002_052.ahx
4513	95241728	95244953	3225	/voice/NA00_1003_008_001.ahx
4514	95245312	95265268	19956	/voice/NA00_1003_008_003.ahx
4515	95265280	95279036	13756	/voice/NA00_1003_008_005.ahx
4516	95279104	95287985	8881	/voice/NA00_1003_008_005_1.ahx
4517	95288320	95291326	3006	/voice/NA00_1003_008_006.ahx
4518	95291392	95311186	19794	/voice/NA00_1003_008_006_1.ahx
4519	95311360	95334795	23435	/voice/NA00_1003_008_008.ahx
4520	95334912	95350084	15172	/voice/NA00_1003_008_010.ahx
4521	95350272	95370606	20334	/voice/NA00_1003_008_010_1.ahx
4522	95370752	95377440	6688	/voice/NA00_1003_008_010_2.ahx
4523	95377920	95392005	14085	/voice/NA00_1003_008_019.ahx
4524	95392256	95430741	38485	/voice/NA00_1003_008_021.ahx
4525	95431168	95454093	22925	/voice/NA00_1003_008_023.ahx
4526	95454208	95475149	20941	/voice/NA00_1003_008_023_1.ahx
4527	95475200	95506941	31741	/voice/NA00_1003_008_025.ahx
4528	95506944	95531044	24100	/voice/NA00_1003_008_027.ahx
4529	95531520	95555494	23974	/voice/NA00_1003_008_027_1.ahx
4530	95555584	95573987	18403	/voice/NA00_1003_008_029.ahx
4531	95574016	95602141	28125	/voice/NA00_1003_008_029_1.ahx
4532	95602176	95630650	28474	/voice/NA00_1003_008_029_2.ahx
4533	95630848	95670661	39813	/voice/NA00_1003_008_029_3.ahx
4534	95670784	95696826	26042	/voice/NA00_1003_008_031.ahx
4535	95696896	95732604	35708	/voice/NA00_1003_008_033.ahx
4536	95732736	95751461	18725	/voice/NA00_1003_008_033_1.ahx
4537	95751680	95771809	20129	/voice/NA00_1003_008_035.ahx
4538	95772160	95800414	28254	/voice/NA00_1003_008_037.ahx
4539	95800832	95818652	17820	/voice/NA00_1003_008_039.ahx
4540	95818752	95843493	24741	/voice/NA00_1003_008_041.ahx
4541	95843840	95857995	14155	/voice/NA00_1003_008_041_1.ahx
4542	95858176	95873870	15694	/voice/NA00_1003_008_043.ahx
4543	95874048	95892776	18728	/voice/NA00_1003_008_043_1.ahx
4544	95892992	95920254	27262	/voice/NA00_1003_027_013.ahx
4545	95920640	95949383	28743	/voice/NA00_1003_027_015.ahx
4546	95949824	95972991	23167	/voice/NA00_1003_027_015_1.ahx
4547	95973376	95985135	11759	/voice/NA00_1003_034_012.ahx
4548	95985152	96009914	24762	/voice/NA00_1003_034_014.ahx
4549	96010240	96031240	21000	/voice/NA00_1003_034_014_1.ahx
4550	96031744	96051576	19832	/voice/NA00_1003_034_014_2.ahx
4551	96051712	96078231	26519	/voice/NA00_1003_034_016.ahx
4552	96078336	96115100	36764	/voice/NA00_1003_034_016_1.ahx
4553	96115200	96139983	24783	/voice/NA00_1003_034_017.ahx
4554	96140288	96150341	10053	/voice/NA00_1103_001_001.ahx
4555	96150528	96157901	7373	/voice/NA00_1103_001_001_1.ahx
4556	96158208	96161227	3019	/voice/NA00_1103_001_002.ahx
4557	96161280	96165074	3794	/voice/NA00_1103_001_003.ahx
4558	96165376	96174381	9005	/voice/NA00_1103_001_005.ahx
4559	96174592	96184495	9903	/voice/NA00_1103_001_007.ahx
4560	96184832	96204408	19576	/voice/NA00_1103_001_009.ahx
4561	96204800	96222171	17371	/voice/NA00_1103_006_004.ahx
4562	96222208	96241093	18885	/voice/NA00_1103_006_008.ahx
4563	96241152	96296017	54865	/voice/NA00_1103_008_006.ahx
4564	96296448	96300712	4264	/voice/NA00_1104_001_001.ahx
4565	96301056	96331632	30576	/voice/NA00_1104_001_006.ahx
4566	96331776	96369564	37788	/voice/NA00_1104_001_006_1.ahx
4567	96369664	96409223	39559	/voice/NA00_1104_001_008.ahx
4568	96409600	96428767	19167	/voice/NA00_1104_001_008_1.ahx
4569	96429056	96431630	2574	/voice/NA00_1104_001_010.ahx
4570	96432128	96441252	9124	/voice/NA00_1104_001_017.ahx
4571	96441344	96474055	32711	/voice/NA00_1104_001_019.ahx
4572	96474112	96500360	26248	/voice/NA00_1104_001_019_1.ahx
4573	96500736	96531565	30829	/voice/NA00_1104_001_019_2.ahx
4574	96531968	96557266	25298	/voice/NA00_1104_001_019_3.ahx
4575	96557568	96589268	31700	/voice/NA00_1104_001_019_4.ahx
4576	96589312	96599947	10635	/voice/NA00_1104_001_021.ahx
4577	96600064	96625371	25307	/voice/NA00_1104_002_002.ahx
4578	96625664	96645872	20208	/voice/NA00_1104_002_004.ahx
4579	96646144	96653159	7015	/voice/NA00_1104_002_012.ahx
4580	96653312	96660542	7230	/voice/NA00_1104_002_014.ahx
4581	96660992	96669325	8333	/voice/NA00_1104_003_013.ahx
4582	96669696	96678974	9278	/voice/NA00_1104_003_013_1.ahx
4583	96679424	96690686	11262	/voice/NA00_1104_003_015.ahx
4584	96690688	96698133	7445	/voice/NA00_1104_004_003.ahx
4585	96698368	96718107	19739	/voice/NA00_1104_008_005.ahx
4586	96718336	96738905	20569	/voice/NA00_1104_008_005_1.ahx
4587	96739328	96744361	5033	/voice/NA00_1104_008_007.ahx
4588	96744448	96780473	36025	/voice/NA00_1104_008_009.ahx
4589	96780800	96802444	21644	/voice/NA00_1104_008_009_1.ahx
4590	96802816	96809978	7162	/voice/NA00_1104_008_009_2.ahx
4591	96809984	96853573	43589	/voice/NA00_1104_008_016.ahx
4592	96854016	96888141	34125	/voice/NA00_1104_008_016_1.ahx
4593	96888320	96924372	36052	/voice/NA00_1104_008_018.ahx
4594	96924672	96941945	17273	/voice/NA00_1104_008_018_1.ahx
4595	96942080	96946744	4664	/voice/NA00_1104_008_020.ahx
4596	96947200	96951363	4163	/voice/NA00_1104_226_011.ahx
4597	96951808	96959703	7895	/voice/NA00_1105_001_001.ahx
4598	96960000	96960263	263	/voice/NA00_1105_001_007.ahx
4599	96960512	96966823	6311	/voice/NA00_1105_002_002.ahx
4600	96967168	96977438	10270	/voice/NA00_1105_002_005.ahx
4601	96977920	96978183	263	/voice/NA00_1105_002_008.ahx
4602	96978432	96993808	15376	/voice/NA00_1105_008_003.ahx
4603	96994304	97013565	19261	/voice/NA00_1105_008_004.ahx
4604	97013760	97022084	8324	/voice/NA00_1105_008_006.ahx
4605	97022464	97053491	31027	/voice/NA00_1108_001_026.ahx
4606	97053696	97056619	2923	/voice/NA00_1108_001_028.ahx
4607	97056768	97077820	21052	/voice/NA00_1108_001_034.ahx
4608	97078272	97115395	37123	/voice/NA00_1108_001_034_1.ahx
4609	97115648	97145069	29421	/voice/NA00_1108_001_038.ahx
4610	97145344	97151211	5867	/voice/NA00_1108_001_039.ahx
4611	97151488	97181841	30353	/voice/NA00_1108_002_027.ahx
4612	97182208	97190563	8355	/voice/NA00_1108_002_035.ahx
4613	97190912	97198931	8019	/voice/NA00_1108_002_035_1.ahx
4614	97199104	97202711	3607	/voice/NA00_1108_002_037.ahx
4615	97203200	97212029	8829	/voice/NA00_1108_003_020.ahx
4616	97212416	97225498	13082	/voice/NA00_1108_003_023.ahx
4617	97225728	97244486	18758	/voice/NA00_1108_003_025.ahx
4618	97244672	97259485	14813	/voice/NA00_1108_003_032.ahx
4619	97259520	97275668	16148	/voice/NA00_1108_004_022.ahx
4620	97275904	97308387	32483	/voice/NA00_1108_004_030.ahx
4621	97308672	97320974	12302	/voice/NA00_1108_004_033.ahx
4622	97321472	97331259	9787	/voice/NA00_1108_004_036.ahx
4623	97331712	97339975	8263	/voice/NA00_1108_005_021.ahx
4624	97340416	97350490	10074	/voice/NA00_1108_005_024.ahx
4625	97350656	97371184	20528	/voice/NA00_1108_005_029.ahx
4626	97371648	97375228	3580	/voice/NA00_1108_005_031.ahx
4627	97375232	97386016	10784	/voice/NA00_1108_006_019.ahx
4628	97386496	97390479	3983	/voice/NA00_1108_027_015.ahx
4629	97390592	97402750	12158	/voice/NA00_1108_027_017.ahx
4630	97402880	97424321	21441	/voice/NA00_1108_028_014.ahx
4631	97424384	97433392	9008	/voice/NA00_1108_028_016.ahx
4632	97433600	97458027	24427	/voice/NA00_1108_028_018.ahx
4633	97458176	97487160	28984	/voice/NA00_1108_028_018_1.ahx
4634	97487360	97512030	24670	/voice/NA00_1302_001_002.ahx
4635	97512448	97517827	5379	/voice/NA00_1302_001_004.ahx
4636	97518080	97522222	4142	/voice/NA00_1302_001_006.ahx
4637	97522688	97533239	10551	/voice/NA00_1302_001_007.ahx
4638	97533440	97544060	10620	/voice/NA00_1302_001_009.ahx
4639	97544192	97561126	16934	/voice/NA00_1302_001_012.ahx
4640	97561600	97577603	16003	/voice/NA00_1302_001_014.ahx
4641	97577984	97611903	33919	/voice/NA00_1302_002_011.ahx
4642	97612288	97619420	7132	/voice/NA00_1302_002_018.ahx
4643	97619456	97623832	4376	/voice/NA00_1302_003_020.ahx
4644	97624064	97641989	17925	/voice/NA00_1302_003_020_1.ahx
4645	97642496	97690267	47771	/voice/NA00_1302_004_013.ahx
4646	97690624	97722238	31614	/voice/NA00_1302_004_015.ahx
4647	97722368	97746429	24061	/voice/NA00_1302_004_019.ahx
4648	97746432	97778831	32399	/voice/NA00_1302_005_016.ahx
4649	97779200	97818160	38960	/voice/NA00_1302_005_016_1.ahx
4650	97818624	97833717	15093	/voice/NA00_1302_006_001.ahx
4651	97833984	97860591	26607	/voice/NA00_1302_006_003.ahx
4652	97860608	97877163	16555	/voice/NA00_1302_006_005.ahx
4653	97877504	97897659	20155	/voice/NA00_1302_006_008.ahx
4654	97897984	97923662	25678	/voice/NA00_1302_006_010.ahx
4655	97924096	97943721	19625	/voice/NA00_1302_006_017.ahx
4656	97944064	97951797	7733	/voice/NA00_1304_001_030.ahx
4657	97952256	97970529	18273	/voice/NA00_1304_002_004.ahx
4658	97970688	97989791	19103	/voice/NA00_1304_002_004_1.ahx
4659	97990144	98000592	10448	/voice/NA00_1304_002_023.ahx
4660	98000896	98014831	13935	/voice/NA00_1304_002_025.ahx
4661	98015232	98020254	5022	/voice/NA00_1304_003_016.ahx
4662	98020352	98039818	19466	/voice/NA00_1304_003_018.ahx
4663	98040320	98070091	29771	/voice/NA00_1304_003_020.ahx
4664	98070528	98096953	26425	/voice/NA00_1304_003_022.ahx
4665	98097152	98104310	7158	/voice/NA00_1304_003_031.ahx
4666	98104320	98139932	35612	/voice/NA00_1304_003_031_1.ahx
4667	98140160	98155041	14881	/voice/NA00_1304_004_006.ahx
4668	98155520	98179630	24110	/voice/NA00_1304_004_029.ahx
4669	98180096	98204261	24165	/voice/NA00_1304_005_002.ahx
4670	98204672	98234634	29962	/voice/NA00_1304_005_008.ahx
4671	98234880	98270007	35127	/voice/NA00_1304_005_008_1.ahx
4672	98270208	98284276	14068	/voice/NA00_1304_005_027.ahx
4673	98284544	98296537	11993	/voice/NA00_1304_006_010.ahx
4674	98296832	98309666	12834	/voice/NA00_1304_006_028.ahx
4675	98310144	98335502	25358	/voice/NA00_1304_009_001.ahx
4676	98335744	98365320	29576	/voice/NA00_1304_009_003.ahx
4677	98365440	98399942	34502	/voice/NA00_1304_009_003_1.ahx
4678	98400256	98414418	14162	/voice/NA00_1304_009_005.ahx
4679	98414592	98439126	24534	/voice/NA00_1304_009_005_1.ahx
4680	98439168	98476104	36936	/voice/NA00_1304_009_005_2.ahx
4681	98476544	98528689	52145	/voice/NA00_1304_009_007.ahx
4682	98528768	98593607	64839	/voice/NA00_1304_009_007_1.ahx
4683	98593792	98597762	3970	/voice/NA00_1304_009_009.ahx
4684	98597888	98602706	4818	/voice/NA00_1304_009_011.ahx
4685	98603008	98632479	29471	/voice/NA00_1304_009_017.ahx
4686	98632704	98681612	48908	/voice/NA00_1304_009_017_1.ahx
4687	98681856	98714058	32202	/voice/NA00_1304_009_019.ahx
4688	98714112	98743181	29069	/voice/NA00_1304_009_019_1.ahx
4689	98743296	98771767	28471	/voice/NA00_1304_009_021.ahx
4690	98771968	98804394	32426	/voice/NA00_1304_009_021_1.ahx
4691	98804736	98839186	34450	/voice/NA00_1304_009_024.ahx
4692	98839552	98865480	25928	/voice/NA00_1304_009_024_1.ahx
4693	98865664	98888460	22796	/voice/NA00_1304_009_024_2.ahx
4694	98888704	98928715	40011	/voice/NA00_1304_009_024_3.ahx
4695	98929152	98966264	37112	/voice/NA00_1304_009_026.ahx
4696	98966528	98997897	31369	/voice/NA00_1304_009_026_1.ahx
4697	98998272	99029117	30845	/voice/NA00_1304_009_026_2.ahx
4698	99029504	99045507	16003	/voice/NA00_1304_009_032.ahx
4699	99045888	99071189	25301	/voice/NA00_1304_027_013.ahx
4700	99071488	99078715	7227	/voice/NA00_1304_027_013_1.ahx
4701	99079168	99103332	24164	/voice/NA00_1304_029_014.ahx
4702	99103744	99136929	33185	/voice/NA00_1304_035_012.ahx
4703	99137024	99163440	26416	/voice/NA00_1304_035_012_1.ahx
4704	99163648	99181357	17709	/voice/NA00_1304_035_015.ahx
4705	99181568	99203234	21666	/voice/NA00_1305_001_007.ahx
4706	99203584	99208418	4834	/voice/NA00_1305_001_018.ahx
4707	99208704	99240204	31500	/voice/NA00_1305_002_004.ahx
4708	99240448	99266551	26103	/voice/NA00_1305_002_011.ahx
4709	99266560	99270406	3846	/voice/NA00_1305_002_016.ahx
4710	99270656	99287038	16382	/voice/NA00_1305_002_026.ahx
4711	99287040	99304485	17445	/voice/NA00_1305_003_001.ahx
4712	99304960	99314471	9511	/voice/NA00_1305_003_001_1.ahx
4713	99314688	99321998	7310	/voice/NA00_1305_003_012.ahx
4714	99322368	99336439	14071	/voice/NA00_1305_003_014.ahx
4715	99336704	99343346	6642	/voice/NA00_1305_003_021.ahx
4716	99343360	99367590	24230	/voice/NA00_1305_003_027.ahx
4717	99367936	99371122	3186	/voice/NA00_1305_003_029.ahx
4718	99371520	99385985	14465	/voice/NA00_1305_003_029_1.ahx
4719	99386368	99400137	13769	/voice/NA00_1305_004_005.ahx
4720	99400192	99407295	7103	/voice/NA00_1305_004_022.ahx
4721	99407360	99416379	9019	/voice/NA00_1305_004_025.ahx
4722	99416576	99427296	10720	/voice/NA00_1305_005_002.ahx
4723	99427328	99431570	4242	/voice/NA00_1305_005_015.ahx
4724	99431936	99434525	2589	/voice/NA00_1305_005_020.ahx
4725	99435008	99451682	16674	/voice/NA00_1305_005_028.ahx
4726	99451904	99476080	24176	/voice/NA00_1305_005_028_1.ahx
4727	99476480	99485035	8555	/voice/NA00_1305_005_030.ahx
4728	99485184	99511643	26459	/voice/NA00_1305_006_006.ahx
4729	99511808	99526389	14581	/voice/NA00_1305_006_024.ahx
4730	99526656	99535517	8861	/voice/NA00_1305_006_024_1.ahx
4731	99535872	99553631	17759	/voice/NA00_1305_007_009.ahx
4732	99553792	99578556	24764	/voice/NA00_1305_009_003.ahx
4733	99578880	99629717	50837	/voice/NA00_1305_009_003_1.ahx
4734	99630080	99685273	55193	/voice/NA00_1305_009_008.ahx
4735	99685376	99721146	35770	/voice/NA00_1305_009_008_1.ahx
4736	99721216	99754163	32947	/voice/NA00_1305_009_010.ahx
4737	99754496	99784299	29803	/voice/NA00_1305_009_013.ahx
4738	99784704	99817475	32771	/voice/NA00_1305_009_013_1.ahx
4739	99817984	99831525	13541	/voice/NA00_1305_009_017.ahx
4740	99831808	99851766	19958	/voice/NA00_1305_009_017_1.ahx
4741	99851776	99877472	25696	/voice/NA00_1305_009_019.ahx
4742	99877888	99932315	54427	/voice/NA00_1305_009_023.ahx
4743	99932672	99962220	29548	/voice/NA00_1305_009_023_1.ahx
4744	99962368	99966152	3784	/voice/NA00_1305_228_019_1.ahx
4745	99966464	99979856	13392	/voice/NA00_1402_001_015.ahx
4746	99980288	99992557	12269	/voice/NA00_1402_001_017.ahx
4747	99992576	100006823	14247	/voice/NA00_1402_001_019.ahx
4748	100006912	100016379	9467	/voice/NA00_1402_001_021.ahx
4749	100016640	100016903	263	/voice/NA00_1402_001_023.ahx
4750	100017152	100023306	6154	/voice/NA00_1402_001_025.ahx
4751	100023808	100033258	9450	/voice/NA00_1402_001_027.ahx
4752	100033536	100050873	17337	/voice/NA00_1402_001_031.ahx
4753	100050944	100058674	7730	/voice/NA00_1402_001_035.ahx
4754	100059136	100065944	6808	/voice/NA00_1402_001_035_1.ahx
4755	100066304	100090626	24322	/voice/NA00_1402_001_037.ahx
4756	100090880	100134210	43330	/voice/NA00_1402_001_039.ahx
4757	100134400	100140039	5639	/voice/NA00_1402_001_047.ahx
4758	100140544	100140807	263	/voice/NA00_1402_001_051.ahx
4759	100141056	100144425	3369	/voice/NA00_1402_001_053.ahx
4760	100144640	100160033	15393	/voice/NA00_1402_001_055.ahx
4761	100160512	100167933	7421	/voice/NA00_1402_001_057.ahx
4762	100168192	100176538	8346	/voice/NA00_1402_001_062.ahx
4763	100176896	100180625	3729	/voice/NA00_1402_001_064.ahx
4764	100180992	100218055	37063	/voice/NA00_1402_001_064_1.ahx
4765	100218368	100247393	29025	/voice/NA00_1402_001_066.ahx
4766	100247552	100280807	33255	/voice/NA00_1402_001_066_1.ahx
4767	100280832	100285772	4940	/voice/NA00_1402_001_072.ahx
4768	100285952	100320071	34119	/voice/NA00_1402_001_072_1.ahx
4769	100320256	100335535	15279	/voice/NA00_1402_001_072_2.ahx
4770	100335616	100339899	4283	/voice/NA00_1402_002_045.ahx
4771	100340224	100371200	30976	/voice/NA00_1402_002_048.ahx
4772	100371456	100423009	51553	/voice/NA00_1402_002_050.ahx
4773	100423168	100428663	5495	/voice/NA00_1402_002_065.ahx
4774	100428800	100445781	16981	/voice/NA00_1402_002_067.ahx
4775	100446208	100464635	18427	/voice/NA00_1402_002_069.ahx
4776	100464640	100473149	8509	/voice/NA00_1402_003_022.ahx
4777	100473344	100478881	5537	/voice/NA00_1402_003_024.ahx
4778	100478976	100498136	19160	/voice/NA00_1402_003_026.ahx
4779	100498432	100516272	17840	/voice/NA00_1402_003_030.ahx
4780	100516352	100539100	22748	/voice/NA00_1402_003_033.ahx
4781	100539392	100548952	9560	/voice/NA00_1402_003_036.ahx
4782	100549120	100592215	43095	/voice/NA00_1402_003_038.ahx
4783	100592640	100615155	22515	/voice/NA00_1402_003_040.ahx
4784	100615168	100623067	7899	/voice/NA00_1402_003_042.ahx
4785	100623360	100633820	10460	/voice/NA00_1402_003_070.ahx
4786	100634112	100665124	31012	/voice/NA00_1402_004_028.ahx
4787	100665344	100686482	21138	/voice/NA00_1402_004_029.ahx
4788	100686848	100709724	22876	/voice/NA00_1402_004_032.ahx
4789	100709888	100721417	11529	/voice/NA00_1402_004_034.ahx
4790	100721664	100725863	4199	/voice/NA00_1402_004_041.ahx
4791	100726272	100730045	3773	/voice/NA00_1402_004_043.ahx
4792	100730368	100746281	15913	/voice/NA00_1402_004_049.ahx
4793	100746752	100767993	21241	/voice/NA00_1402_004_060.ahx
4794	100768256	100797336	29080	/voice/NA00_1402_004_063.ahx
4795	100797440	100810973	13533	/voice/NA00_1402_004_068.ahx
4796	100811264	100819750	8486	/voice/NA00_1402_005_059.ahx
4797	100819968	100833803	13835	/voice/NA00_1402_005_059_1.ahx
4798	100834304	100848491	14187	/voice/NA00_1402_005_061.ahx
4799	100848640	100870268	21628	/voice/NA00_1402_005_061_1.ahx
4800	100870656	100896625	25969	/voice/NA00_1402_005_071.ahx
4801	100896768	100908980	12212	/voice/NA00_1402_006_046.ahx
4802	100909056	100918493	9437	/voice/NA00_1402_006_052.ahx
4803	100918784	100930991	12207	/voice/NA00_1402_006_054.ahx
4804	100931072	100961481	30409	/voice/NA00_1402_006_054_1.ahx
4805	100961792	100992865	31073	/voice/NA00_1402_006_056.ahx
4806	100993024	101011729	18705	/voice/NA00_1402_006_058.ahx
4807	101011968	101021836	9868	/voice/NA00_1402_007_044.ahx
4808	101022208	101037043	14835	/voice/NA00_1402_027_002.ahx
4809	101037056	101066747	29691	/voice/NA00_1402_027_004.ahx
4810	101066752	101086833	20081	/voice/NA00_1402_027_006.ahx
4811	101087232	101091526	4294	/voice/NA00_1402_027_008.ahx
4812	101091840	101099058	7218	/voice/NA00_1402_027_010.ahx
4813	101099520	101103845	4325	/voice/NA00_1402_027_012.ahx
4814	101104128	101118946	14818	/voice/NA00_1402_027_012_1.ahx
4815	101118976	101141067	22091	/voice/NA00_1402_027_014.ahx
4816	101141504	101175789	34285	/voice/NA00_1402_027_016.ahx
4817	101175808	101214327	38519	/voice/NA00_1402_027_018.ahx
4818	101214720	101235700	20980	/voice/NA00_1402_027_020.ahx
4819	101235712	101259142	23430	/voice/NA00_1402_036_003.ahx
4820	101259264	101289718	30454	/voice/NA00_1402_036_005.ahx
4821	101289984	101328341	38357	/voice/NA00_1402_036_007.ahx
4822	101328384	101360758	32374	/voice/NA00_1402_036_009.ahx
4823	101361152	101402508	41356	/voice/NA00_1402_036_011.ahx
4824	101402624	101450411	47787	/voice/NA00_1402_036_011_1.ahx
4825	101450752	101465317	14565	/voice/NA00_1402_036_011_2.ahx
4826	101465600	101489401	23801	/voice/NA00_1402_036_013.ahx
4827	101489664	101494704	5040	/voice/NA00_1603_001_008.ahx
4828	101494784	101513529	18745	/voice/NA00_1603_001_015.ahx
4829	101513728	101539660	25932	/voice/NA00_1603_001_022.ahx
4830	101539840	101566685	26845	/voice/NA00_1603_001_022_1.ahx
4831	101566976	101587550	20574	/voice/NA00_1603_002_009.ahx
4832	101587968	101602502	14534	/voice/NA00_1603_003_016.ahx
4833	101602816	101639255	36439	/voice/NA00_1603_003_024.ahx
4834	101639680	101664328	24648	/voice/NA00_1603_004_012.ahx
4835	101664768	101693769	29001	/voice/NA00_1603_005_020.ahx
4836	101693952	101726557	32605	/voice/NA00_1603_005_025.ahx
4837	101726720	101755986	29266	/voice/NA00_1603_006_011.ahx
4838	101756416	101770261	13845	/voice/NA00_1603_006_018.ahx
4839	101770752	101798250	27498	/voice/NA00_1603_006_027.ahx
4840	101798400	101827509	29109	/voice/NA00_1603_006_029.ahx
4841	101827584	101851850	24266	/voice/NA00_1603_006_029_1.ahx
4842	101852160	101880137	27977	/voice/NA00_1603_006_031.ahx
4843	101880320	101898332	18012	/voice/NA00_1603_006_031_1.ahx
4844	101898752	101921111	22359	/voice/NA00_1603_006_034.ahx
4845	101921280	101932141	10861	/voice/NA00_1603_010_010.ahx
4846	101932544	101936142	3598	/voice/NA00_1603_010_013.ahx
4847	101936640	101958353	21713	/voice/NA00_1603_010_014.ahx
4848	101958656	101969548	10892	/voice/NA00_1603_010_014_1.ahx
4849	101969920	102007171	37251	/voice/NA00_1603_010_017.ahx
4850	102007296	102030446	23150	/voice/NA00_1603_010_017_1.ahx
4851	102030848	102045239	14391	/voice/NA00_1603_010_019.ahx
4852	102045696	102075625	29929	/voice/NA00_1603_010_019_1.ahx
4853	102075904	102087636	11732	/voice/NA00_1603_010_021.ahx
4854	102087680	102108723	21043	/voice/NA00_1603_010_023.ahx
4855	102109184	102123834	14650	/voice/NA00_1603_010_026.ahx
4856	102124032	102128395	4363	/voice/NA00_1603_010_028.ahx
4857	102128640	102141634	12994	/voice/NA00_1603_010_030.ahx
4858	102141952	102150196	8244	/voice/NA00_1603_010_032.ahx
4859	102150656	102153818	3162	/voice/NA00_1603_010_032_1.ahx
4860	102154240	102178171	23931	/voice/NA00_1603_010_033.ahx
4861	102178304	102213106	34802	/voice/NA00_1603_027_001.ahx
4862	102213120	102246385	33265	/voice/NA00_1603_027_003.ahx
4863	102246400	102271657	25257	/voice/NA00_1603_027_005.ahx
4864	102272000	102321397	49397	/voice/NA00_1603_027_007.ahx
4865	102321664	102331690	10026	/voice/NA00_1603_030_002.ahx
4866	102331904	102364190	32286	/voice/NA00_1603_030_004.ahx
4867	102364672	102370603	5931	/voice/NA00_1603_030_006.ahx
4868	102370816	102419751	48935	/voice/NA00_1603_030_006_1.ahx
4869	102419968	102440367	20399	/voice/NA00_1604_004_003.ahx
4870	102440448	102452805	12357	/voice/NA00_1604_005_004.ahx
4871	102453248	102463170	9922	/voice/NA00_1604_006_002.ahx
4872	102463488	102475715	12227	/voice/NA00_1604_006_002_1.ahx
4873	102475776	102481897	6121	/voice/NA00_1604_006_002_2.ahx
4874	102481920	102492749	10829	/voice/NA00_1604_006_006.ahx
4875	102493184	102518699	25515	/voice/NA00_1604_010_001.ahx
4876	102518784	102541929	23145	/voice/NA00_1604_010_001_1.ahx
4877	102542336	102554102	11766	/voice/NA00_1604_010_005.ahx
4878	102554112	102567113	13001	/voice/NA00_1802_001_001.ahx
4879	102567424	102570823	3399	/voice/NA00_1802_001_013.ahx
4880	102571008	102579385	8377	/voice/NA00_1802_001_015.ahx
4881	102579712	102584188	4476	/voice/NA00_1802_001_017.ahx
4882	102584320	102617762	33442	/voice/NA00_1802_001_029.ahx
4883	102618112	102635659	17547	/voice/NA00_1802_002_002.ahx
4884	102636032	102643883	7851	/voice/NA00_1802_002_010.ahx
4885	102644224	102656648	12424	/voice/NA00_1802_002_022.ahx
4886	102657024	102676534	19510	/voice/NA00_1802_002_031.ahx
4887	102676992	102688453	11461	/voice/NA00_1802_003_007.ahx
4888	102688768	102701277	12509	/voice/NA00_1802_003_012.ahx
4889	102701568	102725621	24053	/voice/NA00_1802_003_033.ahx
4890	102725632	102735382	9750	/voice/NA00_1802_004_004.ahx
4891	102735872	102758697	22825	/voice/NA00_1802_004_009.ahx
4892	102758912	102783049	24137	/voice/NA00_1802_004_018.ahx
4893	102783488	102816990	33502	/voice/NA00_1802_004_019.ahx
4894	102817280	102849888	32608	/voice/NA00_1802_004_025.ahx
4895	102850048	102878974	28926	/voice/NA00_1802_004_027.ahx
4896	102879232	102886287	7055	/voice/NA00_1802_005_003.ahx
4897	102886400	102893197	6797	/voice/NA00_1802_005_008.ahx
4898	102893568	102918696	25128	/voice/NA00_1802_005_014.ahx
4899	102919168	102941020	21852	/voice/NA00_1802_005_016.ahx
4900	102941184	102941447	263	/voice/NA00_1802_005_020.ahx
4901	102941696	102966866	25170	/voice/NA00_1802_006_011.ahx
4902	102967296	103007336	40040	/voice/NA00_1802_006_032.ahx
4903	103007744	103026073	18329	/voice/NA00_1802_007_005.ahx
4904	103026176	103052458	26282	/voice/NA00_1802_014_021.ahx
4905	103052800	103061749	8949	/voice/NA00_1802_014_023.ahx
4906	103062016	103125091	63075	/voice/NA00_1802_014_024.ahx
4907	103125504	103169643	44139	/voice/NA00_1802_014_024_1.ahx
4908	103170048	103209390	39342	/voice/NA00_1802_014_026.ahx
4909	103209472	103237374	27902	/voice/NA00_1802_014_028.ahx
4910	103237632	103266638	29006	/voice/NA00_1802_014_028_1.ahx
4911	103266816	103282882	16066	/voice/NA00_1802_014_030.ahx
4912	103283200	103294000	10800	/voice/NA00_1802_014_030_1.ahx
4913	103294464	103303549	9085	/voice/NA00_1802_075_006.ahx
4914	103303680	103331328	27648	/voice/NA00_1903_001_001.ahx
4915	103331328	103353664	22336	/voice/NA00_1903_001_003.ahx
4916	103353856	103387879	34023	/voice/NA00_1903_002_002.ahx
4917	103388160	103412343	24183	/voice/NA00_1903_002_002_1.ahx
4918	103412736	103436511	23775	/voice/NA00_1903_005_005.ahx
4919	103436800	103467367	30567	/voice/NA00_1903_005_007.ahx
4920	103467520	103501366	33846	/voice/NA00_1903_005_009.ahx
4921	103501824	103508108	6284	/voice/NA00_1903_005_009_1.ahx
4922	103508480	103511499	3019	/voice/NA00_1903_005_011.ahx
4923	103511552	103519465	7913	/voice/NA00_1903_005_013.ahx
4924	103519744	103571743	51999	/voice/NA00_1903_013_004.ahx
4925	103571968	103624809	52841	/voice/NA00_1903_013_006.ahx
4926	103625216	103658075	32859	/voice/NA00_1903_013_008.ahx
4927	103658496	103711719	53223	/voice/NA00_1903_013_010.ahx
4928	103711744	103750735	38991	/voice/NA00_1903_013_010_1.ahx
4929	103751168	103754502	3334	/voice/NA00_1903_013_012.ahx
4930	103754752	103795695	40943	/voice/NA00_1903_013_012_1.ahx
4931	103795712	103811341	15629	/voice/NA00_1903_013_012_2.ahx
4932	103811584	103869721	58137	/voice/NA00_1903_013_012_3.ahx
4933	103869952	103903618	33666	/voice/NA00_1903_013_014.ahx
4934	103903744	103935527	31783	/voice/NA00_1904_001_005.ahx
4935	103936000	103946662	10662	/voice/NA00_1904_001_012.ahx
4936	103946752	103978318	31566	/voice/NA00_1904_001_014.ahx
4937	103978496	103998833	20337	/voice/NA00_1904_001_018.ahx
4938	103998976	104012437	13461	/voice/NA00_1904_001_020.ahx
4939	104012800	104030548	17748	/voice/NA00_1904_001_027.ahx
4940	104030720	104046527	15807	/voice/NA00_1904_001_029.ahx
4941	104046592	104049567	2975	/voice/NA00_1904_001_029_1.ahx
4942	104049664	104063131	13467	/voice/NA00_1904_001_046.ahx
4943	104063488	104096282	32794	/voice/NA00_1904_002_001.ahx
4944	104096768	104103009	6241	/voice/NA00_1904_002_007.ahx
4945	104103424	104124933	21509	/voice/NA00_1904_002_013.ahx
4946	104125440	104161590	36150	/voice/NA00_1904_002_021.ahx
4947	104161792	104189370	27578	/voice/NA00_1904_002_021_1.ahx
4948	104189440	104196936	7496	/voice/NA00_1904_002_025.ahx
4949	104197120	104212706	15586	/voice/NA00_1904_002_026.ahx
4950	104212992	104226339	13347	/voice/NA00_1904_002_033.ahx
4951	104226816	104246974	20158	/voice/NA00_1904_003_002.ahx
4952	104247296	104269067	21771	/voice/NA00_1904_003_002_1.ahx
4953	104269312	104277281	7969	/voice/NA00_1904_003_008.ahx
4954	104277504	104293486	15982	/voice/NA00_1904_003_015.ahx
4955	104293888	104336425	42537	/voice/NA00_1904_003_017.ahx
4956	104336896	104349531	12635	/voice/NA00_1904_003_019.ahx
4957	104349696	104386129	36433	/voice/NA00_1904_003_019_1.ahx
4958	104386560	104402745	16185	/voice/NA00_1904_003_022.ahx
4959	104402944	104430029	27085	/voice/NA00_1904_003_031.ahx
4960	104430080	104453403	23323	/voice/NA00_1904_003_038.ahx
4961	104453632	104476080	22448	/voice/NA00_1904_004_003.ahx
4962	104476160	104490924	14764	/voice/NA00_1904_004_003_1.ahx
4963	104491008	104521685	30677	/voice/NA00_1904_004_016.ahx
4964	104521728	104528871	7143	/voice/NA00_1904_004_024.ahx
4965	104528896	104557980	29084	/voice/NA00_1904_004_030.ahx
4966	104558080	104604090	46010	/voice/NA00_1904_004_030_1.ahx
4967	104604160	104638977	34817	/voice/NA00_1904_004_030_2.ahx
4968	104639488	104676970	37482	/voice/NA00_1904_004_034.ahx
4969	104677376	104689891	12515	/voice/NA00_1904_005_004.ahx
4970	104690176	104721373	31197	/voice/NA00_1904_005_006.ahx
4971	104721408	104735510	14102	/voice/NA00_1904_005_009.ahx
4972	104735744	104736007	263	/voice/NA00_1904_005_039.ahx
4973	104736256	104745811	9555	/voice/NA00_1904_006_010.ahx
4974	104745984	104760149	14165	/voice/NA00_1904_006_023.ahx
4975	104760320	104787348	27028	/voice/NA00_1904_006_028.ahx
4976	104787456	104816213	28757	/voice/NA00_1904_006_032.ahx
4977	104816640	104854946	38306	/voice/NA00_1904_006_035.ahx
4978	104855040	104863334	8294	/voice/NA00_1904_006_037.ahx
4979	104863744	104897610	33866	/voice/NA00_1904_006_037_1.ahx
4980	104898048	104920359	22311	/voice/NA00_1904_007_011.ahx
4981	104920576	104936112	15536	/voice/NA00_1904_007_036.ahx
4982	104936448	104957184	20736	/voice/NA00_1904_007_036_1.ahx
4983	104957440	104958780	1340	/voice/NA00_1904_081_041.ahx
4984	104958976	104961709	2733	/voice/NA00_1904_081_043.ahx
4985	104962048	105013105	51057	/voice/NA00_1904_177_040.ahx
4986	105013248	105038541	25293	/voice/NA00_1904_177_042.ahx
4987	105038848	105053900	15052	/voice/NA00_1904_177_044.ahx
4988	105054208	105065665	11457	/voice/NA00_1904_177_045.ahx
4989	105065984	105090036	24052	/voice/NA00_2001_001_001.ahx
4990	105090048	105092424	2376	/voice/NA00_2001_001_003.ahx
4991	105092608	105105753	13145	/voice/NA00_2001_001_003_1.ahx
4992	105105920	105123350	17430	/voice/NA00_2001_001_018.ahx
4993	105123840	105128294	4454	/voice/NA00_2001_001_031.ahx
4994	105128448	105145594	17146	/voice/NA00_2001_001_039.ahx
4995	105145856	105158462	12606	/voice/NA00_2001_001_041.ahx
4996	105158656	105163875	5219	/voice/NA00_2001_001_043.ahx
4997	105164288	105175629	11341	/voice/NA00_2001_002_005.ahx
4998	105176064	105213181	37117	/voice/NA00_2001_002_005_1.ahx
4999	105213440	105227446	14006	/voice/NA00_2001_002_005_2.ahx
5000	105227776	105244235	16459	/voice/NA00_2001_002_014.ahx
5001	105244672	105247622	2950	/voice/NA00_2001_002_020.ahx
5002	105247744	105277399	29655	/voice/NA00_2001_002_027.ahx
5003	105277440	105280412	2972	/voice/NA00_2001_002_029.ahx
5004	105280512	105287394	6882	/voice/NA00_2001_002_029_1.ahx
5005	105287680	105310699	23019	/voice/NA00_2001_002_034.ahx
5006	105310720	105313558	2838	/voice/NA00_2001_003_004.ahx
5007	105313792	105337799	24007	/voice/NA00_2001_003_004_1.ahx
5008	105337856	105351011	13155	/voice/NA00_2001_003_010.ahx
5009	105351168	105370853	19685	/voice/NA00_2001_003_033.ahx
5010	105371136	105388305	17169	/voice/NA00_2001_004_008.ahx
5011	105388544	105419740	31196	/voice/NA00_2001_004_012.ahx
5012	105419776	105441020	21244	/voice/NA00_2001_004_024.ahx
5013	105441280	105476100	34820	/voice/NA00_2001_004_036.ahx
5014	105476608	105493330	16722	/voice/NA00_2001_004_036_1.ahx
5015	105493504	105508025	14521	/voice/NA00_2001_005_002.ahx
5016	105508352	105525731	17379	/voice/NA00_2001_005_009.ahx
5017	105525760	105556597	30837	/voice/NA00_2001_005_011.ahx
5018	105556992	105596805	39813	/voice/NA00_2001_005_013.ahx
5019	105596928	105611539	14611	/voice/NA00_2001_005_015.ahx
5020	105611776	105653654	41878	/voice/NA00_2001_005_015_1.ahx
5021	105653760	105662224	8464	/voice/NA00_2001_005_015_2.ahx
5022	105662464	105677318	14854	/voice/NA00_2001_005_017.ahx
5023	105677824	105707192	29368	/voice/NA00_2001_005_017_1.ahx
5024	105707520	105744250	36730	/voice/NA00_2001_005_017_2.ahx
5025	105744384	105765572	21188	/voice/NA00_2001_005_019.ahx
5026	105765888	105793067	27179	/voice/NA00_2001_005_021.ahx
5027	105793536	105818331	24795	/voice/NA00_2001_005_023.ahx
5028	105818624	105838760	20136	/voice/NA00_2001_005_023_1.ahx
5029	105839104	105869172	30068	/voice/NA00_2001_005_023_2.ahx
5030	105869312	105880119	10807	/voice/NA00_2001_005_026.ahx
5031	105880576	105888196	7620	/voice/NA00_2001_005_026_1.ahx
5032	105888256	105923694	35438	/voice/NA00_2001_005_026_2.ahx
5033	105924096	105933326	9230	/voice/NA00_2001_005_028.ahx
5034	105933824	105952793	18969	/voice/NA00_2001_005_028_1.ahx
5035	105953280	105985423	32143	/voice/NA00_2001_005_030.ahx
5036	105985536	106011106	25570	/voice/NA00_2001_005_030_1.ahx
5037	106011136	106053748	42612	/voice/NA00_2001_005_030_2.ahx
5038	106054144	106089568	35424	/voice/NA00_2001_005_032.ahx
5039	106089984	106108983	18999	/voice/NA00_2001_005_032_1.ahx
5040	106109440	106130517	21077	/voice/NA00_2001_005_035.ahx
5041	106130944	106152324	21380	/voice/NA00_2001_005_038.ahx
5042	106152448	106186712	34264	/voice/NA00_2001_005_040.ahx
5043	106186752	106192665	5913	/voice/NA00_2001_005_042.ahx
5044	106192896	106220756	27860	/voice/NA00_2001_005_042_1.ahx
5045	106221056	106227714	6658	/voice/NA00_2001_006_007.ahx
5046	106228224	106259440	31216	/voice/NA00_2001_006_016.ahx
5047	106259456	106284725	25269	/voice/NA00_2001_006_022.ahx
5048	106285056	106302961	17905	/voice/NA00_2001_006_022_1.ahx
5049	106302976	106318957	15981	/voice/NA00_2001_006_025.ahx
5050	106319360	106340448	21088	/voice/NA00_2001_006_037.ahx
5051	106340864	106351503	10639	/voice/NA00_2001_007_006.ahx
5052	106351616	106357216	5600	/voice/NA00_2007_001_001.ahx
5053	106357248	106373866	16618	/voice/NA00_2007_001_008.ahx
5054	106374144	106405277	31133	/voice/NA00_2007_001_008_1.ahx
5055	106405376	106408100	2724	/voice/NA00_2007_001_020.ahx
5056	106408448	106436511	28063	/voice/NA00_2007_002_015.ahx
5057	106436608	106454983	18375	/voice/NA00_2007_003_018.ahx
5058	106455040	106471820	16780	/voice/NA00_2007_004_014.ahx
5059	106471936	106472842	906	/voice/NA00_2007_005_003.ahx
5060	106472960	106503826	30866	/voice/NA00_2007_005_005.ahx
5061	106504192	106520934	16742	/voice/NA00_2007_005_007.ahx
5062	106521088	106539537	18449	/voice/NA00_2007_005_010.ahx
5063	106540032	106569237	29205	/voice/NA00_2007_005_012.ahx
5064	106569728	106572314	2586	/voice/NA00_2007_005_021.ahx
5065	106572800	106587632	14832	/voice/NA00_2007_006_017.ahx
5066	106587648	106614565	26917	/voice/NA00_2007_007_002.ahx
5067	106614784	106627721	12937	/voice/NA00_2007_013_004.ahx
5068	106628096	106692898	64802	/voice/NA00_2007_013_006.ahx
5069	106693120	106726907	33787	/voice/NA00_2007_013_006_1.ahx
5070	106726912	106754768	27856	/voice/NA00_2007_013_009.ahx
5071	106755072	106797771	42699	/voice/NA00_2007_013_009_1.ahx
5072	106798080	106846009	47929	/voice/NA00_2007_013_011.ahx
5073	106846208	106880635	34427	/voice/NA00_2007_013_013.ahx
5074	106881024	106922733	41709	/voice/NA00_2007_013_013_1.ahx
5075	106923008	106945460	22452	/voice/NA00_2007_013_016.ahx
5076	106945536	106971047	25511	/voice/NA00_2007_013_019.ahx
5077	106971136	107020936	49800	/voice/NA00_2007_013_019_1.ahx
5078	107021312	107029719	8407	/voice/NA00_2008_001_010.ahx
5079	107030016	107049442	19426	/voice/NA00_2008_002_004.ahx
5080	107049472	107055696	6224	/voice/NA00_2008_003_007.ahx
5081	107056128	107067302	11174	/voice/NA00_2008_003_009.ahx
5082	107067392	107094628	27236	/voice/NA00_2008_004_005.ahx
5083	107095040	107103119	8079	/voice/NA00_2008_004_005_1.ahx
5084	107103232	107110340	7108	/voice/NA00_2008_005_001.ahx
5085	107110400	107143842	33442	/voice/NA00_2008_005_003.ahx
5086	107144192	107147172	2980	/voice/NA00_2008_005_016.ahx
5087	107147264	107179102	31838	/voice/NA00_2008_005_018.ahx
5088	107179520	107223130	43610	/voice/NA00_2008_013_002.ahx
5089	107223552	107251972	28420	/voice/NA00_2008_013_006.ahx
5090	107252224	107255162	2938	/voice/NA00_2008_013_008.ahx
5091	107255296	107296486	41190	/voice/NA00_2008_013_011.ahx
5092	107296768	107325885	29117	/voice/NA00_2008_013_013.ahx
5093	107325952	107347094	21142	/voice/NA00_2008_013_015.ahx
5094	107347456	107378559	31103	/voice/NA00_2008_081_012.ahx
5095	107378688	107434688	56000	/voice/NA00_2008_081_012_1.ahx
5096	107435008	107456870	21862	/voice/NA00_2008_081_014.ahx
5097	107457024	107484755	27731	/voice/NA00_2008_081_014_1.ahx
5098	107485184	107505821	20637	/voice/NA00_2008_081_017.ahx
5099	107506176	107514491	8315	/voice/NA00_2008_081_019.ahx
5100	107514880	107526637	11757	/voice/NA00_2203_001_032.ahx
5101	107526656	107537418	10762	/voice/NA00_2203_002_010.ahx
5102	107537920	107563092	25172	/voice/NA00_2203_002_034.ahx
5103	107563520	107576239	12719	/voice/NA00_2203_002_036.ahx
5104	107576320	107585605	9285	/voice/NA00_2203_003_003.ahx
5105	107586048	107594806	8758	/voice/NA00_2203_003_029.ahx
5106	107595264	107603487	8223	/voice/NA00_2203_004_002.ahx
5107	107603968	107613394	9426	/voice/NA00_2203_004_004.ahx
5108	107613696	107649645	35949	/voice/NA00_2203_004_013.ahx
5109	107650048	107677326	27278	/voice/NA00_2203_004_015.ahx
5110	107677696	107680284	2588	/voice/NA00_2203_004_028.ahx
5111	107680768	107685364	4596	/voice/NA00_2203_004_028_1.ahx
5112	107685376	107690990	5614	/voice/NA00_2203_004_030.ahx
5113	107691008	107715660	24652	/voice/NA00_2203_005_011.ahx
5114	107716096	107757466	41370	/voice/NA00_2203_005_011_1.ahx
5115	107757568	107776890	19322	/voice/NA00_2203_005_031.ahx
5116	107777024	107805560	28536	/voice/NA00_2203_005_033.ahx
5117	107805696	107828618	22922	/voice/NA00_2203_006_012.ahx
5118	107828736	107844289	15553	/voice/NA00_2203_006_035.ahx
5119	107844608	107879040	34432	/voice/NA00_2203_006_035_1.ahx
5120	107879424	107892744	13320	/voice/NA00_2203_006_037.ahx
5121	107893248	107904919	11671	/voice/NA00_2203_030_021.ahx
5122	107905024	107938541	33517	/voice/NA00_2203_030_023.ahx
5123	107938816	107972517	33701	/voice/NA00_2203_030_023_1.ahx
5124	107972608	107996893	24285	/voice/NA00_2203_030_025.ahx
5125	107997184	108014213	17029	/voice/NA00_2203_030_025_1.ahx
5126	108014592	108040864	26272	/voice/NA00_2203_037_022.ahx
5127	108041216	108071970	30754	/voice/NA00_2203_037_024.ahx
5128	108072448	108080008	7560	/voice/NA00_2203_037_026.ahx
5129	108080128	108110472	30344	/voice/NA00_2203_037_027.ahx
5130	108110848	108134789	23941	/voice/NA00_2203_048_016.ahx
5131	108134912	108150884	15972	/voice/NA00_2203_048_016_1.ahx
5132	108151296	108193334	42038	/voice/NA00_2203_048_018.ahx
5133	108193792	108202122	8330	/voice/NA00_2203_048_020.ahx
5134	108202496	108246417	43921	/voice/NA00_2203_049_017.ahx
5135	108246528	108265569	19041	/voice/NA00_2203_050_019.ahx
5136	108265984	108286059	20075	/voice/NA00_2203_227_001.ahx
5137	108286464	108321116	34652	/voice/NA00_2203_227_005.ahx
5138	108321280	108341904	20624	/voice/NA00_2203_227_006.ahx
5139	108342272	108382670	40398	/voice/NA00_2203_227_007.ahx
5140	108382720	108456876	74156	/voice/NA00_2203_227_008.ahx
5141	108456960	108514839	57879	/voice/NA00_2203_227_009.ahx
5142	108515328	108537155	21827	/voice/NA00_2203_227_014.ahx
5143	108537344	108560282	22938	/voice/NA00_2302_027_008.ahx
5144	108560384	108577323	16939	/voice/NA00_2302_027_008_1.ahx
5145	108577792	108584389	6597	/voice/NA00_2302_027_010.ahx
5146	108584448	108614933	30485	/voice/NA00_2302_027_010_1.ahx
5147	108615168	108622745	7577	/voice/NA00_2302_028_005.ahx
5148	108622848	108655796	32948	/voice/NA00_2302_028_006.ahx
5149	108656128	108696093	39965	/voice/NA00_2302_028_006_1.ahx
5150	108696576	108719742	23166	/voice/NA00_2302_028_006_2.ahx
5151	108720128	108740027	19899	/voice/NA00_2302_028_007.ahx
5152	108740096	108752744	12648	/voice/NA00_2302_028_009.ahx
5153	108752896	108772852	19956	/voice/NA00_2302_028_009_1.ahx
5154	108772864	108802823	29959	/voice/NA00_2302_028_011.ahx
5155	108803072	108827776	24704	/voice/NA00_2302_028_011_1.ahx
5156	108828160	108832848	4688	/voice/NA00_2302_028_012.ahx
5157	108833280	108858953	25673	/voice/NA00_2303_001_014.ahx
5158	108859392	108866388	6996	/voice/NA00_2303_002_002.ahx
5159	108866560	108878612	12052	/voice/NA00_2303_002_004.ahx
5160	108878848	108893111	14263	/voice/NA00_2303_002_006.ahx
5161	108893184	108915627	22443	/voice/NA00_2303_002_006_1.ahx
5162	108915712	108939752	24040	/voice/NA00_2303_003_010.ahx
5163	108939776	108952035	12259	/voice/NA00_2303_003_021.ahx
5164	108952064	108963442	11378	/voice/NA00_2303_004_007.ahx
5165	108963840	108997126	33286	/voice/NA00_2303_005_012.ahx
5166	108997632	109016511	18879	/voice/NA00_2303_005_019.ahx
5167	109016576	109026585	10009	/voice/NA00_2303_006_008.ahx
5168	109026816	109042597	15781	/voice/NA00_2303_006_016.ahx
5169	109042688	109047792	5104	/voice/NA00_2303_006_018.ahx
5170	109047808	109063052	15244	/voice/NA00_2303_006_018_1.ahx
5171	109063168	109074037	10869	/voice/NA00_2303_006_020.ahx
5172	109074432	109109408	34976	/voice/NA00_2303_009_001.ahx
5173	109109760	109150612	40852	/voice/NA00_2303_009_003.ahx
5174	109150720	109154871	4151	/voice/NA00_2303_009_005.ahx
5175	109155328	109192923	37595	/voice/NA00_2303_009_009.ahx
5176	109193216	109238707	45491	/voice/NA00_2303_009_011.ahx
5177	109238784	109279796	41012	/voice/NA00_2303_009_013.ahx
5178	109280256	109324205	43949	/voice/NA00_2303_009_015.ahx
5179	109324288	109369400	45112	/voice/NA00_2303_009_017.ahx
5180	109369856	109414379	44523	/voice/NA00_2303_009_017_1.ahx
5181	109414400	109440494	26094	/voice/NA00_2303_009_017_2.ahx
5182	109440512	109470139	29627	/voice/NA00_2304_002_007.ahx
5183	109470208	109487456	17248	/voice/NA00_2304_003_005.ahx
5184	109487616	109501625	14009	/voice/NA00_2304_004_006.ahx
5185	109501952	109515216	13264	/voice/NA00_2304_005_002.ahx
5186	109515264	109532472	17208	/voice/NA00_2304_005_008.ahx
5187	109532672	109555322	22650	/voice/NA00_2304_005_008_1.ahx
5188	109555712	109558667	2955	/voice/NA00_2304_009_001.ahx
5189	109558784	109578465	19681	/voice/NA00_2304_009_001_1.ahx
5190	109578752	109586727	7975	/voice/NA00_2304_009_003.ahx
5191	109586944	109620416	33472	/voice/NA00_2304_009_004.ahx
5192	109620736	109647133	26397	/voice/NA00_2404_030_007.ahx
5193	109647360	109672573	25213	/voice/NA00_2404_030_009.ahx
5194	109672960	109692834	19874	/voice/NA00_2404_030_011.ahx
5195	109692928	109710816	17888	/voice/NA00_2404_030_011_1.ahx
5196	109710848	109717761	6913	/voice/NA00_2404_030_013.ahx
5197	109718016	109729962	11946	/voice/NA00_2404_037_006.ahx
5198	109730304	109765154	34850	/voice/NA00_2404_037_006_1.ahx
5199	109765632	109784182	18550	/voice/NA00_2404_037_008.ahx
5200	109784576	109808584	24008	/voice/NA00_2404_037_010.ahx
5201	109808640	109849088	40448	/voice/NA00_2404_037_010_1.ahx
5202	109849088	109896208	47120	/voice/NA00_2404_037_010_2.ahx
5203	109896704	109930895	34191	/voice/NA00_2404_037_012.ahx
5204	109931008	109958506	27498	/voice/NA00_2404_037_014.ahx
5205	109958656	109989251	30595	/voice/NA00_2404_037_015.ahx
5206	109989376	109993437	4061	/voice/NA00_2405_001_008.ahx
5207	109993472	110030130	36658	/voice/NA00_2405_001_008_1.ahx
5208	110030336	110034587	4251	/voice/NA00_2405_001_012.ahx
5209	110034944	110078272	43328	/voice/NA00_2405_001_012_1.ahx
5210	110078464	110102602	24138	/voice/NA00_2405_001_014.ahx
5211	110103040	110119337	16297	/voice/NA00_2405_001_017.ahx
5212	110119424	110133148	13724	/voice/NA00_2405_001_030.ahx
5213	110133248	110140318	7070	/voice/NA00_2405_001_043.ahx
5214	110140416	110153263	12847	/voice/NA00_2405_002_010.ahx
5215	110153728	110187572	33844	/voice/NA00_2405_002_018.ahx
5216	110188032	110204559	16527	/voice/NA00_2405_002_023.ahx
5217	110204928	110206274	1346	/voice/NA00_2405_002_025.ahx
5218	110206464	110235062	28598	/voice/NA00_2405_002_026.ahx
5219	110235136	110241178	6042	/voice/NA00_2405_002_028.ahx
5220	110241280	110245141	3861	/voice/NA00_2405_002_034.ahx
5221	110245376	110254826	9450	/voice/NA00_2405_002_047.ahx
5222	110255104	110267530	12426	/voice/NA00_2405_003_011.ahx
5223	110267904	110281149	13245	/voice/NA00_2405_003_019.ahx
5224	110281216	110319588	38372	/voice/NA00_2405_003_024.ahx
5225	110319616	110323117	3501	/voice/NA00_2405_003_027.ahx
5226	110323200	110349918	26718	/voice/NA00_2405_003_027_1.ahx
5227	110350336	110353762	3426	/voice/NA00_2405_003_033.ahx
5228	110353920	110374647	20727	/voice/NA00_2405_003_048.ahx
5229	110374912	110394497	19585	/voice/NA00_2405_004_016.ahx
5230	110394880	110420179	25299	/voice/NA00_2405_004_021.ahx
5231	110420480	110424468	3988	/voice/NA00_2405_004_036.ahx
5232	110424576	110451708	27132	/voice/NA00_2405_004_039.ahx
5233	110451712	110461903	10191	/voice/NA00_2405_004_041.ahx
5234	110461952	110485935	23983	/voice/NA00_2405_005_037.ahx
5235	110486016	110500985	14969	/voice/NA00_2405_005_044.ahx
5236	110501376	110510124	8748	/voice/NA00_2405_006_009.ahx
5237	110510592	110546927	36335	/voice/NA00_2405_006_010_1.ahx
5238	110546944	110550715	3771	/voice/NA00_2405_006_013.ahx
5239	110551040	110584802	33762	/voice/NA00_2405_006_015.ahx
5240	110584832	110601490	16658	/voice/NA00_2405_006_020.ahx
5241	110601728	110608025	6297	/voice/NA00_2405_006_020_1.ahx
5242	110608384	110639967	31583	/voice/NA00_2405_006_032.ahx
5243	110640128	110645596	5468	/voice/NA00_2405_006_045.ahx
5244	110645760	110660353	14593	/voice/NA00_2405_006_046.ahx
5245	110660608	110685558	24950	/voice/NA00_2405_011_022.ahx
5246	110685696	110711485	25789	/voice/NA00_2405_011_029.ahx
5247	110711808	110743662	31854	/voice/NA00_2405_011_029_1.ahx
5248	110744064	110773418	29354	/voice/NA00_2405_011_031.ahx
5249	110773760	110785509	11749	/voice/NA00_2405_011_035.ahx
5250	110785536	110806940	21404	/voice/NA00_2405_011_035_1.ahx
5251	110807040	110829987	22947	/voice/NA00_2405_011_038.ahx
5252	110830080	110866676	36596	/voice/NA00_2405_011_038_1.ahx
5253	110866944	110880383	13439	/voice/NA00_2405_011_040.ahx
5254	110880768	110897287	16519	/voice/NA00_2405_011_042.ahx
5255	110897664	110916080	18416	/voice/NA00_2405_011_042_1.ahx
5256	110916096	110929526	13430	/voice/NA00_2405_039_003.ahx
5257	110929920	110968015	38095	/voice/NA00_2405_039_003_1.ahx
5258	110968320	111015108	46788	/voice/NA00_2405_039_003_2.ahx
5259	111015424	111060629	45205	/voice/NA00_2405_039_003_3.ahx
5260	111060992	111071163	10171	/voice/NA00_2405_039_005.ahx
5261	111071232	111102339	31107	/voice/NA00_2405_060_004.ahx
5262	111102464	111114450	11986	/voice/NA00_2405_060_006.ahx
5263	111114752	111129099	14347	/voice/NA00_2405_060_007.ahx
5264	111129600	111139541	9941	/voice/NA00_2405_228_018_1.ahx
5265	111139840	111151633	11793	/voice/NA00_2603_001_003.ahx
5266	111152128	111162609	10481	/voice/NA00_2603_001_005.ahx
5267	111162880	111196692	33812	/voice/NA00_2603_001_017.ahx
5268	111197184	111212715	15531	/voice/NA00_2603_001_017_1.ahx
5269	111213056	111219044	5988	/voice/NA00_2603_001_019.ahx
5270	111219200	111234020	14820	/voice/NA00_2603_001_027.ahx
5271	111234048	111250367	16319	/voice/NA00_2603_001_034.ahx
5272	111250432	111262227	11795	/voice/NA00_2603_002_007.ahx
5273	111262720	111287864	25144	/voice/NA00_2603_002_029.ahx
5274	111288320	111298532	10212	/voice/NA00_2603_003_030.ahx
5275	111298560	111303766	5206	/voice/NA00_2603_004_002.ahx
5276	111304192	111313506	9314	/voice/NA00_2603_004_009.ahx
5277	111313920	111336449	22529	/voice/NA00_2603_004_009_1.ahx
5278	111336960	111373703	36743	/voice/NA00_2603_004_009_2.ahx
5279	111373824	111382589	8765	/voice/NA00_2603_004_011.ahx
5280	111383040	111389058	6018	/voice/NA00_2603_004_013.ahx
5281	111389184	111404787	15603	/voice/NA00_2603_004_015.ahx
5282	111405056	111421767	16711	/voice/NA00_2603_004_032.ahx
5283	111421952	111450331	28379	/voice/NA00_2603_004_035.ahx
5284	111450624	111468574	17950	/voice/NA00_2603_005_031.ahx
5285	111469056	111487391	18335	/voice/NA00_2603_006_033.ahx
5286	111487488	111496401	8913	/voice/NA00_2603_006_033_1.ahx
5287	111496704	111528654	31950	/voice/NA00_2603_011_001.ahx
5288	111528960	111555938	26978	/voice/NA00_2603_011_004.ahx
5289	111556096	111583801	27705	/voice/NA00_2603_011_006.ahx
5290	111584256	111610801	26545	/voice/NA00_2603_011_006_1.ahx
5291	111610880	111656239	45359	/voice/NA00_2603_011_008.ahx
5292	111656448	111677270	20822	/voice/NA00_2603_011_008_1.ahx
5293	111677440	111721018	43578	/voice/NA00_2603_011_010.ahx
5294	111721472	111756746	35274	/voice/NA00_2603_011_012.ahx
5295	111756800	111790474	33674	/voice/NA00_2603_011_012_1.ahx
5296	111790592	111827718	37126	/voice/NA00_2603_011_012_2.ahx
5297	111827968	111861027	33059	/voice/NA00_2603_011_014.ahx
5298	111861248	111884140	22892	/voice/NA00_2603_011_014_1.ahx
5299	111884288	111898268	13980	/voice/NA00_2603_011_016.ahx
5300	111898624	111906562	7938	/voice/NA00_2603_011_018.ahx
5301	111906816	111944507	37691	/voice/NA00_2603_011_018_1.ahx
5302	111944704	111971304	26600	/voice/NA00_2603_011_028.ahx
5303	111971328	111999080	27752	/voice/NA00_2603_011_028_1.ahx
5304	111999488	112027147	27659	/voice/NA00_2603_027_021.ahx
5305	112027648	112065577	37929	/voice/NA00_2603_027_023.ahx
5306	112066048	112091760	25712	/voice/NA00_2603_027_025.ahx
5307	112092160	112128794	36634	/voice/NA00_2603_027_025_1.ahx
5308	112129024	112157625	28601	/voice/NA00_2603_030_020.ahx
5309	112157696	112180586	22890	/voice/NA00_2603_030_022.ahx
5310	112180736	112190911	10175	/voice/NA00_2603_030_022_1.ahx
5311	112190976	112222203	31227	/voice/NA00_2603_030_024.ahx
5312	112222208	112256150	33942	/voice/NA00_2603_030_026.ahx
5313	112256512	112270618	14106	/voice/NA00_2604_001_002.ahx
5314	112270848	112275664	4816	/voice/NA00_2604_001_004.ahx
5315	112275968	112280642	4674	/voice/NA00_2604_001_018.ahx
5316	112281088	112290213	9125	/voice/NA00_2604_002_013.ahx
5317	112290304	112309741	19437	/voice/NA00_2604_003_015.ahx
5318	112309760	112331946	22186	/voice/NA00_2604_003_015_1.ahx
5319	112332288	112350987	18699	/voice/NA00_2604_003_020.ahx
5320	112351232	112366975	15743	/voice/NA00_2604_004_001.ahx
5321	112367104	112401731	34627	/voice/NA00_2604_004_003.ahx
5322	112401920	112442988	41068	/voice/NA00_2604_004_003_1.ahx
5323	112443392	112452838	9446	/voice/NA00_2604_004_003_2.ahx
5324	112453120	112503988	50868	/voice/NA00_2604_004_005.ahx
5325	112504320	112544932	40612	/voice/NA00_2604_004_005_1.ahx
5326	112545280	112563951	18671	/voice/NA00_2604_004_007.ahx
5327	112564224	112604664	40440	/voice/NA00_2604_004_007_1.ahx
5328	112604672	112646121	41449	/voice/NA00_2604_004_007_2.ahx
5329	112646144	112679871	33727	/voice/NA00_2604_004_007_3.ahx
5330	112679936	112723702	43766	/voice/NA00_2604_004_007_5.ahx
5331	112723968	112767251	43283	/voice/NA00_2604_004_009.ahx
5332	112767488	112771957	4469	/voice/NA00_2604_004_011.ahx
5333	112772096	112777738	5642	/voice/NA00_2604_004_022.ahx
5334	112778240	112808476	30236	/voice/NA00_2604_006_014.ahx
5335	112808960	112818444	9484	/voice/NA00_2604_011_006.ahx
5336	112818688	112831334	12646	/voice/NA00_2604_011_008.ahx
5337	112831488	112837677	6189	/voice/NA00_2604_011_010.ahx
5338	112838144	112869292	31148	/voice/NA00_2604_011_010_1.ahx
5339	112869376	112892556	23180	/voice/NA00_2604_011_010_2.ahx
5340	112892928	112910873	17945	/voice/NA00_2604_011_012.ahx
5341	112911360	112933049	21689	/voice/NA00_2604_011_012_1.ahx
5342	112933376	112955977	22601	/voice/NA00_2604_011_021.ahx
5343	112956416	112972822	16406	/voice/NA00_2604_011_023.ahx
5344	112973312	113006806	33494	/voice/NA00_2604_011_023_1.ahx
5345	113007104	113014245	7141	/voice/NA00_2604_014_016.ahx
5346	113014272	113036040	21768	/voice/NA00_2604_014_017.ahx
5347	113036288	113048990	12702	/voice/NA00_2604_014_019.ahx
5348	113049088	113071917	22829	/voice/NA00_2703_001_001.ahx
5349	113072128	113085435	13307	/voice/NA00_2703_001_005.ahx
5350	113085440	113101099	15659	/voice/NA00_2703_001_007.ahx
5351	113101312	113114625	13313	/voice/NA00_2703_001_011.ahx
5352	113115136	113119396	4260	/voice/NA00_2703_001_015.ahx
5353	113119744	113131201	11457	/voice/NA00_2703_001_034.ahx
5354	113131520	113145251	13731	/voice/NA00_2703_001_036.ahx
5355	113145344	113167829	22485	/voice/NA00_2703_001_036_1.ahx
5356	113167872	113186567	18695	/voice/NA00_2703_001_036_2.ahx
5357	113186816	113200845	14029	/voice/NA00_2703_001_051.ahx
5358	113201152	113201415	263	/voice/NA00_2703_001_058.ahx
5359	113201664	113221495	19831	/voice/NA00_2703_001_059.ahx
5360	113221632	113257278	35646	/voice/NA00_2703_001_059_1.ahx
5361	113257472	113303151	45679	/voice/NA00_2703_001_059_2.ahx
5362	113303552	113331241	27689	/voice/NA00_2703_001_060.ahx
5363	113331712	113343835	12123	/voice/NA00_2703_002_003.ahx
5364	113344000	113353964	9964	/voice/NA00_2703_002_009.ahx
5365	113354240	113361719	7479	/voice/NA00_2703_002_013.ahx
5366	113361920	113378357	16437	/voice/NA00_2703_002_031.ahx
5367	113378816	113408311	29495	/voice/NA00_2703_002_032.ahx
5368	113408512	113414715	6203	/voice/NA00_2703_002_044.ahx
5369	113415168	113419581	4413	/voice/NA00_2703_002_063.ahx
5370	113419776	113425395	5619	/voice/NA00_2703_002_065.ahx
5371	113425408	113436775	11367	/voice/NA00_2703_003_002.ahx
5372	113437184	113459756	22572	/voice/NA00_2703_003_040.ahx
5373	113460224	113464886	4662	/voice/NA00_2703_004_039.ahx
5374	113465344	113474964	9620	/voice/NA00_2703_004_068.ahx
5375	113475072	113488984	13912	/voice/NA00_2703_005_042.ahx
5376	113489408	113494875	5467	/voice/NA00_2703_005_064.ahx
5377	113495040	113497183	2143	/voice/NA00_2703_005_066.ahx
5378	113497600	113514260	16660	/voice/NA00_2703_006_041.ahx
5379	113514496	113551114	36618	/voice/NA00_2703_006_067.ahx
5380	113551360	113554374	3014	/voice/NA00_2703_007_043.ahx
5381	113554432	113570490	16058	/voice/NA00_2703_008_008.ahx
5382	113570816	113594564	23748	/voice/NA00_2703_008_038.ahx
5383	113594880	113617192	22312	/voice/NA00_2703_008_038_1.ahx
5384	113617408	113627953	10545	/voice/NA00_2703_008_054.ahx
5385	113628160	113645374	17214	/voice/NA00_2703_008_056.ahx
5386	113645568	113670218	24650	/voice/NA00_2703_008_056_1.ahx
5387	113670656	113681895	11239	/voice/NA00_2703_008_061.ahx
5388	113681920	113685951	4031	/voice/NA00_2703_010_046.ahx
5389	113686016	113714872	28856	/voice/NA00_2703_010_046_1.ahx
5390	113715200	113719755	4555	/voice/NA00_2703_010_048.ahx
5391	113719808	113747256	27448	/voice/NA00_2703_010_048_1.ahx
5392	113747456	113762357	14901	/voice/NA00_2703_010_050.ahx
5393	113762816	113803006	40190	/voice/NA00_2703_010_053.ahx
5394	113803264	113847809	44545	/voice/NA00_2703_010_053_1.ahx
5395	113848320	113870482	22162	/voice/NA00_2703_014_004.ahx
5396	113870848	113900205	29357	/voice/NA00_2703_014_006.ahx
5397	113900544	113921970	21426	/voice/NA00_2703_014_010.ahx
5398	113922048	113970703	48655	/voice/NA00_2703_014_012.ahx
5399	113971200	113996494	25294	/voice/NA00_2703_014_014.ahx
5400	113996800	114042363	45563	/voice/NA00_2703_014_033.ahx
5401	114042368	114074079	31711	/voice/NA00_2703_014_035.ahx
5402	114074112	114098453	24341	/voice/NA00_2703_014_037.ahx
5403	114098688	114105997	7309	/voice/NA00_2703_014_045.ahx
5404	114106368	114145506	39138	/voice/NA00_2703_014_045_1.ahx
5405	114145792	114168909	23117	/voice/NA00_2703_014_047.ahx
5406	114169344	114217582	48238	/voice/NA00_2703_014_049.ahx
5407	114217984	114242050	24066	/voice/NA00_2703_014_052.ahx
5408	114242560	114270688	28128	/voice/NA00_2703_014_052_1.ahx
5409	114270720	114277287	6567	/voice/NA00_2703_014_055.ahx
5410	114277376	114332351	54975	/voice/NA00_2703_014_057.ahx
5411	114332672	114345576	12904	/voice/NA00_2703_014_062.ahx
5412	114345984	114375417	29433	/voice/NA00_2703_027_016.ahx
5413	114375680	114381943	6263	/voice/NA00_2703_027_017.ahx
5414	114382336	114408652	26316	/voice/NA00_2703_027_019.ahx
5415	114408960	114420870	11910	/voice/NA00_2703_027_026.ahx
5416	114421248	114429349	8101	/voice/NA00_2703_027_028.ahx
5417	114429440	114448597	19157	/voice/NA00_2703_027_030.ahx
5418	114448896	114458774	9878	/voice/NA00_2703_028_018.ahx
5419	114459136	114479734	20598	/voice/NA00_2703_028_020.ahx
5420	114480128	114500943	20815	/voice/NA00_2703_028_020_1.ahx
5421	114501120	114507276	6156	/voice/NA00_2703_028_022.ahx
5422	114507776	114523997	16221	/voice/NA00_2703_028_024.ahx
5423	114524160	114555793	31633	/voice/NA00_2703_028_025.ahx
5424	114555904	114583725	27821	/voice/NA00_2703_028_025_1.ahx
5425	114584064	114604995	20931	/voice/NA00_2703_028_027.ahx
5426	114605056	114625736	20680	/voice/NA00_2703_028_027_1.ahx
5427	114626048	114658911	32863	/voice/NA00_2703_029_029.ahx
5428	114659328	114683754	24426	/voice/NA00_2703_029_029_1.ahx
5429	114683904	114706450	22546	/voice/NA00_2703_048_021.ahx
5430	114706944	114769931	62987	/voice/NA00_2703_049_023.ahx
5431	114770432	114806404	35972	/voice/NA00_2703_050_023_1.ahx
5432	114806784	114822767	15983	/voice/NA00_2704_001_019.ahx
5433	114823168	114836807	13639	/voice/NA00_2704_001_020.ahx
5434	114836992	114866048	29056	/voice/NA00_2704_001_023.ahx
5435	114866176	114872404	6228	/voice/NA00_2704_001_026.ahx
5436	114872832	114882039	9207	/voice/NA00_2704_001_028.ahx
5437	114882048	114885365	3317	/voice/NA00_2704_001_030.ahx
5438	114885632	114899395	13763	/voice/NA00_2704_001_030_1.ahx
5439	114899456	114928273	28817	/voice/NA00_2704_001_030_2.ahx
5440	114928640	114938019	9379	/voice/NA00_2704_001_030_3.ahx
5441	114938368	114942451	4083	/voice/NA00_2704_001_031.ahx
5442	114942464	114954915	12451	/voice/NA00_2704_001_033.ahx
5443	114955264	114975839	20575	/voice/NA00_2704_001_035.ahx
5444	114976256	114986225	9969	/voice/NA00_2704_003_004.ahx
5445	114986496	114993009	6513	/voice/NA00_2704_004_003.ahx
5446	114993152	114999102	5950	/voice/NA00_2704_005_001.ahx
5447	114999296	115005965	6669	/voice/NA00_2704_005_002.ahx
5448	115006464	115018534	12070	/voice/NA00_2704_010_032.ahx
5449	115018752	115051766	33014	/voice/NA00_2704_010_032_1.ahx
5450	115052032	115055746	3714	/voice/NA00_2704_010_034.ahx
5451	115056128	115063829	7701	/voice/NA00_2704_010_036.ahx
5452	115064320	115076313	11993	/voice/NA00_2704_027_021.ahx
5453	115076608	115107757	31149	/voice/NA00_2704_027_025.ahx
5454	115107840	115121661	13821	/voice/NA00_2704_027_027.ahx
5455	115121664	115146252	24588	/voice/NA00_2704_027_029.ahx
5456	115146752	115184715	37963	/voice/NA00_2704_039_022.ahx
5457	115185152	115208014	22862	/voice/NA00_2704_039_024.ahx
5458	115208192	115211135	2943	/voice/NA00_2801_001_001.ahx
5459	115211264	115227402	16138	/voice/NA00_2801_001_003.ahx
5460	115227648	115251353	23705	/voice/NA00_2801_001_003_1.ahx
5461	115251712	115297918	46206	/voice/NA00_2801_001_003_2.ahx
5462	115298304	115322105	23801	/voice/NA00_2801_001_004.ahx
5463	115322368	115347191	24823	/voice/NA00_2801_001_004_1.ahx
5464	115347456	115381901	34445	/voice/NA00_2801_001_004_2.ahx
5465	115382272	115404856	22584	/voice/NA00_2801_001_004_3.ahx
5466	115405312	115422836	17524	/voice/NA00_2801_001_005.ahx
5467	115423232	115453650	30418	/voice/NA00_2801_001_005_1.ahx
5468	115453952	115462741	8789	/voice/NA00_2801_001_005_2.ahx
5469	115463168	115466937	3769	/voice/NA00_2801_001_007.ahx
5470	115467264	115475680	8416	/voice/NA00_2801_001_010.ahx
5471	115475968	115479554	3586	/voice/NA00_2801_001_012.ahx
5472	115480064	115480327	263	/voice/NA00_2801_002_002.ahx
5473	115480576	115490836	10260	/voice/NA00_2801_002_006.ahx
5474	115491328	115514673	23345	/voice/NA00_2801_002_008.ahx
5475	115514880	115529888	15008	/voice/NA00_2801_002_009.ahx
5476	115530240	115555743	25503	/voice/NA00_2801_002_011.ahx
5477	115555840	115568911	13071	/voice/NA00_2801_002_013.ahx
5478	115569152	115579632	10480	/voice/NA00_2804_001_012.ahx
5479	115579904	115600837	20933	/voice/NA00_2804_001_012_1.ahx
5480	115600896	115620432	19536	/voice/NA00_2804_001_018.ahx
5481	115620864	115638983	18119	/voice/NA00_2804_001_018_1.ahx
5482	115639296	115657106	17810	/voice/NA00_2804_001_018_2.ahx
5483	115657216	115671170	13954	/voice/NA00_2804_001_018_3.ahx
5484	115671552	115680219	8667	/voice/NA00_2804_001_018_4.ahx
5485	115680256	115692134	11878	/voice/NA00_2804_001_022.ahx
5486	115692544	115705301	12757	/voice/NA00_2804_001_024.ahx
5487	115705344	115720013	14669	/voice/NA00_2804_002_001.ahx
5488	115720192	115727544	7352	/voice/NA00_2804_002_005.ahx
5489	115727872	115736974	9102	/voice/NA00_2804_002_011.ahx
5490	115737088	115751847	14759	/voice/NA00_2804_002_011_1.ahx
5491	115751936	115784761	32825	/voice/NA00_2804_002_013.ahx
5492	115785216	115789389	4173	/voice/NA00_2804_002_013_1.ahx
5493	115789824	115834274	44450	/voice/NA00_2804_002_017.ahx
5494	115834368	115849716	15348	/voice/NA00_2804_002_023.ahx
5495	115849728	115871174	21446	/voice/NA00_2804_002_023_1.ahx
5496	115871232	115889940	18708	/voice/NA00_2804_002_023_2.ahx
5497	115890176	115903146	12970	/voice/NA00_2804_003_002.ahx
5498	115903488	115924028	20540	/voice/NA00_2804_003_007.ahx
5499	115924480	115934184	9704	/voice/NA00_2804_003_016.ahx
5500	115934208	115954491	20283	/voice/NA00_2804_003_020.ahx
5501	115954688	115986188	31500	/voice/NA00_2804_003_020_1.ahx
5502	115986432	116009286	22854	/voice/NA00_2804_004_008.ahx
5503	116009472	116052781	43309	/voice/NA00_2804_004_015.ahx
5504	116052992	116085354	32362	/voice/NA00_2804_004_015_1.ahx
5505	116085760	116123020	37260	/voice/NA00_2804_004_019.ahx
5506	116123136	116133859	10723	/voice/NA00_2804_004_019_1.ahx
5507	116133888	116169279	35391	/voice/NA00_2804_004_019_2.ahx
5508	116169728	116175836	6108	/voice/NA00_2804_005_003.ahx
5509	116175872	116182162	6290	/voice/NA00_2804_005_009.ahx
5510	116182528	116220521	37993	/voice/NA00_2804_005_021.ahx
5511	116220928	116230855	9927	/voice/NA00_2804_005_021_1.ahx
5512	116231168	116256069	24901	/voice/NA00_2804_006_004.ahx
5513	116256256	116275498	19242	/voice/NA00_2804_006_006.ahx
5514	116275712	116297908	22196	/voice/NA00_2804_006_010.ahx
5515	116298240	116323619	25379	/voice/NA00_2804_006_010_1.ahx
5516	116323840	116350872	27032	/voice/NA00_2804_006_010_2.ahx
5517	116350976	116371540	20564	/voice/NA00_2804_006_014.ahx
5518	116371968	116397736	25768	/voice/NA00_2804_006_014_1.ahx
5519	116398080	116422550	24470	/voice/NA00_2804_006_014_2.ahx
5520	116422656	116434640	11984	/voice/NA00_2901_001_004.ahx
5521	116434944	116447290	12346	/voice/NA00_2901_002_001.ahx
5522	116447744	116477890	30146	/voice/NA00_2901_003_003.ahx
5523	116477952	116488176	10224	/voice/NA00_2901_005_002.ahx
5524	116488192	116519759	31567	/voice/NA00_2901_005_002_1.ahx
5525	116519936	116523750	3814	/voice/NA00_2902_002_002.ahx
5526	116524032	116550175	26143	/voice/NA00_2902_003_003.ahx
5527	116550656	116575803	25147	/voice/NA00_2902_003_007.ahx
5528	116576256	116588998	12742	/voice/NA00_2902_005_005.ahx
5529	116589056	116630777	41721	/voice/NA00_2902_009_001.ahx
5530	116631040	116677890	46850	/voice/NA00_2902_009_001_1.ahx
5531	116678144	116706199	28055	/voice/NA00_2902_009_004.ahx
5532	116706304	116760254	53950	/voice/NA00_2902_009_004_1.ahx
5533	116760576	116793802	33226	/voice/NA00_2902_009_004_2.ahx
5534	116793856	116844501	50645	/voice/NA00_2902_009_006.ahx
5535	116844544	116849199	4655	/voice/NA00_2903_001_013.ahx
5536	116849664	116877148	27484	/voice/NA00_2903_002_012.ahx
5537	116877312	116898436	21124	/voice/NA00_2903_003_001.ahx
5538	116898816	116916856	18040	/voice/NA00_2903_003_005.ahx
5539	116917248	116925340	8092	/voice/NA00_2903_003_007.ahx
5540	116925440	116939457	14017	/voice/NA00_2903_003_009.ahx
5541	116939776	116970480	30704	/voice/NA00_2903_004_010.ahx
5542	116970496	116979021	8525	/voice/NA00_2903_005_003.ahx
5543	116979200	116994921	15721	/voice/NA00_2903_005_014.ahx
5544	116995072	117005558	10486	/voice/NA00_2903_005_014_1.ahx
5545	117005824	117032807	26983	/voice/NA00_2903_006_011.ahx
5546	117032960	117049068	16108	/voice/NA00_2903_009_002.ahx
5547	117049344	117070098	20754	/voice/NA00_2903_009_004.ahx
5548	117070336	117106091	35755	/voice/NA00_2903_009_004_1.ahx
5549	117106176	117146892	40716	/voice/NA00_2903_009_006.ahx
5550	117147136	117183710	36574	/voice/NA00_2903_009_006_1.ahx
5551	117184000	117195480	11480	/voice/NA00_2903_009_008.ahx
5552	117195776	117210102	14326	/voice/NA00_2904_001_008.ahx
5553	117210112	117241727	31615	/voice/NA00_2904_001_015.ahx
5554	117241856	117250435	8579	/voice/NA00_2904_002_004.ahx
5555	117250560	117272343	21783	/voice/NA00_2904_003_006.ahx
5556	117272576	117288857	16281	/voice/NA00_2904_003_006_1.ahx
5557	117288960	117295045	6085	/voice/NA00_2904_004_002.ahx
5558	117295104	117313797	18693	/voice/NA00_2904_005_010.ahx
5559	117314048	117323577	9529	/voice/NA00_2904_005_012.ahx
5560	117323776	117347906	24130	/voice/NA00_2904_005_014.ahx
5561	117348352	117355074	6722	/voice/NA00_2904_006_001.ahx
5562	117355520	117375635	20115	/voice/NA00_2904_012_003.ahx
5563	117376000	117393303	17303	/voice/NA00_2904_012_005.ahx
5564	117393408	117402373	8965	/voice/NA00_2904_012_007.ahx
5565	117402624	117443411	40787	/voice/NA00_2904_012_007_1.ahx
5566	117443584	117485137	41553	/voice/NA00_2904_012_009.ahx
5567	117485568	117513310	27742	/voice/NA00_2904_012_009_1.ahx
5568	117513728	117570402	56674	/voice/NA00_2904_012_011.ahx
5569	117570560	117570823	263	/voice/NA00_2904_012_011_1.ahx
5570	117571072	117609703	38631	/voice/NA00_2904_012_013.ahx
5571	117609984	117645651	35667	/voice/NA00_2904_012_013_1.ahx
5572	117645824	117658638	12814	/voice/NA00_2905_004_005.ahx
5573	117659136	117675856	16720	/voice/NA00_2905_005_003.ahx
5574	117676032	117676295	263	/voice/NA00_2905_005_007.ahx
5575	117676544	117686350	9806	/voice/NA00_2905_005_007_1.ahx
5576	117686784	117692655	5871	/voice/NA00_2905_006_004.ahx
5577	117692928	117716842	23914	/voice/NA00_2905_012_001.ahx
5578	117716992	117736277	19285	/voice/NA00_2905_012_002.ahx
5579	117736448	117766579	30131	/voice/NA00_2905_012_002_1.ahx
5580	117766656	117783940	17284	/voice/NA00_2905_012_006.ahx
5581	117784064	117813023	28959	/voice/NA00_2906_001_011.ahx
5582	117813248	117825364	12116	/voice/NA00_2906_001_016.ahx
5583	117825536	117847304	21768	/voice/NA00_2906_001_016_1.ahx
5584	117847552	117864214	16662	/voice/NA00_2906_001_018.ahx
5585	117864448	117891876	27428	/voice/NA00_2906_001_018_1.ahx
5586	117892096	117910508	18412	/voice/NA00_2906_001_020.ahx
5587	117910528	117925568	15040	/voice/NA00_2906_001_027.ahx
5588	117925888	117931362	5474	/voice/NA00_2906_002_004.ahx
5589	117931520	117956382	24862	/voice/NA00_2906_002_007.ahx
5590	117956608	117981801	25193	/voice/NA00_2906_002_019.ahx
5591	117982208	118006893	24685	/voice/NA00_2906_002_021.ahx
5592	118007296	118034806	27510	/voice/NA00_2906_003_014.ahx
5593	118034944	118064591	29647	/voice/NA00_2906_003_022.ahx
5594	118064640	118103777	39137	/voice/NA00_2906_003_022_1.ahx
5595	118104064	118130642	26578	/voice/NA00_2906_004_009.ahx
5596	118130688	118159796	29108	/voice/NA00_2906_004_024.ahx
5597	118159872	118178522	18650	/voice/NA00_2906_004_024_1.ahx
5598	118178816	118190929	12113	/voice/NA00_2906_005_013.ahx
5599	118191104	118214697	23593	/voice/NA00_2906_005_025.ahx
5600	118215168	118228114	12946	/voice/NA00_2906_006_008.ahx
5601	118228480	118254370	25890	/voice/NA00_2906_006_023.ahx
5602	118254592	118286261	31669	/voice/NA00_2906_006_023_1.ahx
5603	118286336	118298773	12437	/voice/NA00_2906_008_001.ahx
5604	118299136	118309652	10516	/voice/NA00_2906_008_003.ahx
5605	118309888	118323021	13133	/voice/NA00_2906_008_006.ahx
5606	118323200	118348661	25461	/voice/NA00_2906_014_002.ahx
5607	118348800	118389557	40757	/voice/NA00_2906_014_005.ahx
5608	118389760	118412512	22752	/voice/NA00_2906_014_005_1.ahx
5609	118412800	118439772	26972	/voice/NA00_2906_014_010.ahx
5610	118439936	118463419	23483	/voice/NA00_2906_014_010_1.ahx
5611	118463488	118469792	6304	/voice/NA00_2906_014_012.ahx
5612	118470144	118492116	21972	/voice/NA00_2906_014_012_1.ahx
5613	118492160	118532701	40541	/voice/NA00_2906_014_015.ahx
5614	118533120	118550017	16897	/voice/NA00_2906_014_017.ahx
5615	118550528	118570734	20206	/voice/NA00_2906_014_026.ahx
5616	118571008	118622348	51340	/voice/NA00_2907_001_003.adx
5617	118622720	118650246	27526	/voice/NA00_2907_001_003.ahx
5618	118650368	118657050	6682	/voice/NA00_2907_001_006.adx
5619	118657536	118661801	4265	/voice/NA00_2907_001_006.ahx
5620	118662144	118670212	8068	/voice/NA00_2907_001_008.adx
5621	118670336	118675299	4963	/voice/NA00_2907_001_008.ahx
5622	118675456	118724996	49540	/voice/NA00_2907_001_010.adx
5623	118725120	118746438	21318	/voice/NA00_2907_001_010.ahx
5624	118746624	118773196	26572	/voice/NA00_2907_001_010_1.adx
5625	118773248	118787614	14366	/voice/NA00_2907_001_010_1.ahx
5626	118788096	118801618	13522	/voice/NA00_2907_001_013.adx
5627	118801920	118806859	4939	/voice/NA00_2907_001_013.ahx
5628	118807040	118820670	13630	/voice/NA00_2907_001_014.adx
5629	118820864	118826681	5817	/voice/NA00_2907_001_014.ahx
5630	118827008	118830918	3910	/voice/NA00_2907_001_021.adx
5631	118831104	118833635	2531	/voice/NA00_2907_001_021.ahx
5632	118833664	118887272	53608	/voice/NA00_2907_001_021_1.adx
5633	118887424	118912960	25536	/voice/NA00_2907_001_021_1.ahx
5634	118913024	118934034	21010	/voice/NA00_2907_001_021_2.adx
5635	118934528	118945228	10700	/voice/NA00_2907_001_021_2.ahx
5636	118945280	119003748	58468	/voice/NA00_2907_001_023.adx
5637	119004160	119030548	26388	/voice/NA00_2907_001_023.ahx
5638	119030784	119090296	59512	/voice/NA00_2907_001_030.adx
5639	119090688	119117614	26926	/voice/NA00_2907_001_030.ahx
5640	119117824	119122868	5044	/voice/NA00_2907_001_030_1.adx
5641	119122944	119126302	3358	/voice/NA00_2907_001_030_1.ahx
5642	119126528	119178246	51718	/voice/NA00_2907_001_032.adx
5643	119178752	119206233	27481	/voice/NA00_2907_001_032.ahx
5644	119206400	119295702	89302	/voice/NA00_2907_001_035.adx
5645	119296000	119329228	33228	/voice/NA00_2907_001_035.ahx
5646	119329280	119331606	2326	/voice/NA00_2907_001_035_1.adx
5647	119331840	119333394	1554	/voice/NA00_2907_001_035_1.ahx
5648	119333888	119343162	9274	/voice/NA00_2907_001_037.adx
5649	119343616	119343879	263	/voice/NA00_2907_001_037.ahx
5650	119344128	119380924	36796	/voice/NA00_2907_001_039.adx
5651	119380992	119399781	18789	/voice/NA00_2907_001_039.ahx
5652	119399936	119478960	79024	/voice/NA00_2907_001_041.adx
5653	119479296	119516629	37333	/voice/NA00_2907_001_041.ahx
5654	119516672	119550552	33880	/voice/NA00_2907_001_043.adx
5655	119550976	119570971	19995	/voice/NA00_2907_001_043.ahx
5656	119571456	119654440	82984	/voice/NA00_2907_001_045.adx
5657	119654912	119692458	37546	/voice/NA00_2907_001_045.ahx
5658	119692800	119697466	4666	/voice/NA00_2907_001_047.adx
5659	119697920	119700916	2996	/voice/NA00_2907_001_047.ahx
5660	119700992	119711490	10498	/voice/NA00_2907_001_050.adx
5661	119711744	119718746	7002	/voice/NA00_2907_001_050.ahx
5662	119718912	119757760	38848	/voice/NA00_2907_001_050_1.adx
5663	119757824	119780817	22993	/voice/NA00_2907_001_050_1.ahx
5664	119780864	119841726	60862	/voice/NA00_2907_001_052.adx
5665	119841792	119870716	28924	/voice/NA00_2907_001_052.ahx
5666	119870976	119905774	34798	/voice/NA00_2907_001_055.adx
5667	119905792	119926317	20525	/voice/NA00_2907_001_055.ahx
5668	119926784	119968800	42016	/voice/NA00_2907_001_057.adx
5669	119969280	119990392	21112	/voice/NA00_2907_001_057.ahx
5670	119990784	120027148	36364	/voice/NA00_2907_001_059.adx
5671	120027648	120045786	18138	/voice/NA00_2907_001_059.ahx
5672	120046080	120064876	18796	/voice/NA00_2907_001_060.adx
5673	120065024	120070167	5143	/voice/NA00_2907_001_060.ahx
5674	120070656	120095824	25168	/voice/NA00_2907_001_061.adx
5675	120096256	120107967	11711	/voice/NA00_2907_001_061.ahx
5676	120108032	120111258	3226	/voice/NA00_2907_001_066.adx
5677	120111616	120113537	1921	/voice/NA00_2907_001_066.ahx
5678	120113664	120126826	13162	/voice/NA00_2907_001_070.adx
5679	120126976	120134827	7851	/voice/NA00_2907_001_070.ahx
5680	120135168	120152038	16870	/voice/NA00_2907_001_072.adx
5681	120152064	120162795	10731	/voice/NA00_2907_001_072.ahx
5682	120162816	120198064	35248	/voice/NA00_2907_002_002.adx
5683	120198144	120218685	20541	/voice/NA00_2907_002_002.ahx
5684	120219136	120257966	38830	/voice/NA00_2907_002_009.adx
5685	120258048	120276993	18945	/voice/NA00_2907_002_009.ahx
5686	120277504	120292232	14728	/voice/NA00_2907_002_011.adx
5687	120292352	120302381	10029	/voice/NA00_2907_002_011.ahx
5688	120302592	120328678	26086	/voice/NA00_2907_002_022.adx
5689	120328704	120342193	13489	/voice/NA00_2907_002_022.ahx
5690	120342528	120372988	30460	/voice/NA00_2907_002_029.adx
5691	120373248	120388300	15052	/voice/NA00_2907_002_029.ahx
5692	120388608	120435376	46768	/voice/NA00_2907_002_031.adx
5693	120435712	120459093	23381	/voice/NA00_2907_002_031.ahx
5694	120459264	120481516	22252	/voice/NA00_2907_002_033.adx
5695	120481792	120493744	11952	/voice/NA00_2907_002_033.ahx
5696	120494080	120532262	38182	/voice/NA00_2907_002_034.adx
5697	120532480	120552843	20363	/voice/NA00_2907_002_034.ahx
5698	120552960	120597118	44158	/voice/NA00_2907_002_036.adx
5699	120597504	120619589	22085	/voice/NA00_2907_002_036.ahx
5700	120620032	120638594	18562	/voice/NA00_2907_002_063.adx
5701	120638976	120651093	12117	/voice/NA00_2907_002_063.ahx
5702	120651264	120669916	18652	/voice/NA00_2907_002_071.adx
5703	120670208	120680830	10622	/voice/NA00_2907_002_071.ahx
5704	120680960	120710664	29704	/voice/NA00_2907_002_073.adx
5705	120711168	120727365	16197	/voice/NA00_2907_002_073.ahx
5706	120727552	120736178	8626	/voice/NA00_2907_002_073_1.adx
5707	120736256	120741799	5543	/voice/NA00_2907_002_073_1.ahx
5708	120741888	120770062	28174	/voice/NA00_2907_003_012.adx
5709	120770560	120784434	13874	/voice/NA00_2907_003_012.ahx
5710	120784896	120816220	31324	/voice/NA00_2907_003_019.adx
5711	120816640	120832355	15715	/voice/NA00_2907_003_019.ahx
5712	120832512	120854818	22306	/voice/NA00_2907_003_025.adx
5713	120855040	120865826	10786	/voice/NA00_2907_003_025.ahx
5714	120866304	120892210	25906	/voice/NA00_2907_003_038.adx
5715	120892416	120906687	14271	/voice/NA00_2907_003_038.ahx
5716	120906752	120975912	69160	/voice/NA00_2907_003_040.adx
5717	120976384	121011256	34872	/voice/NA00_2907_003_040.ahx
5718	121011712	121021922	10210	/voice/NA00_2907_003_042.adx
5719	121021952	121028185	6233	/voice/NA00_2907_003_042.ahx
5720	121028608	121041284	12676	/voice/NA00_2907_003_042_1.adx
5721	121041408	121049735	8327	/voice/NA00_2907_003_042_1.ahx
5722	121050112	121085072	34960	/voice/NA00_2907_003_064.adx
5723	121085440	121101479	16039	/voice/NA00_2907_003_064.ahx
5724	121101824	121155270	53446	/voice/NA00_2907_003_065.adx
5725	121155584	121180707	25123	/voice/NA00_2907_003_065.ahx
5726	121181184	121200214	19030	/voice/NA00_2907_003_068.adx
5727	121200640	121211055	10415	/voice/NA00_2907_003_068.ahx
5728	121211392	121237208	25816	/voice/NA00_2907_004_017.adx
5729	121237504	121250821	13317	/voice/NA00_2907_004_017.ahx
5730	121251328	121328102	76774	/voice/NA00_2907_004_024.adx
5731	121328128	121366222	38094	/voice/NA00_2907_004_024.ahx
5732	121366528	121405916	39388	/voice/NA00_2907_004_024_1.adx
5733	121405952	121427569	21617	/voice/NA00_2907_004_024_1.ahx
5734	121427968	121500602	72634	/voice/NA00_2907_004_026.adx
5735	121500672	121535038	34366	/voice/NA00_2907_004_026.ahx
5736	121535488	121602542	67054	/voice/NA00_2907_004_026_1.adx
5737	121602560	121640524	37964	/voice/NA00_2907_004_026_1.ahx
5738	121640960	121657236	16276	/voice/NA00_2907_004_044.adx
5739	121657344	121666326	8982	/voice/NA00_2907_004_044.ahx
5740	121666560	121675960	9400	/voice/NA00_2907_004_046.adx
5741	121676288	121682430	6142	/voice/NA00_2907_004_046.ahx
5742	121682432	121746336	63904	/voice/NA00_2907_004_046_1.adx
5743	121746432	121778390	31958	/voice/NA00_2907_004_046_1.ahx
5744	121778688	121824610	45922	/voice/NA00_2907_004_048.adx
5745	121824768	121848662	23894	/voice/NA00_2907_004_048.ahx
5746	121848832	121912232	63400	/voice/NA00_2907_004_062.adx
5747	121912320	121944447	32127	/voice/NA00_2907_004_062.ahx
5748	121944576	121979266	34690	/voice/NA00_2907_004_062_1.adx
5749	121979392	121999198	19806	/voice/NA00_2907_004_062_1.ahx
5750	121999360	122020136	20776	/voice/NA00_2907_004_067.adx
5751	122020352	122033470	13118	/voice/NA00_2907_004_067.ahx
5752	122033664	122064466	30802	/voice/NA00_2907_005_015.adx
5753	122064896	122078460	13564	/voice/NA00_2907_005_015.ahx
5754	122078720	122106354	27634	/voice/NA00_2907_005_020.adx
5755	122106368	122119216	12848	/voice/NA00_2907_005_020.ahx
5756	122119680	122179084	59404	/voice/NA00_2907_005_028.adx
5757	122179584	122208648	29064	/voice/NA00_2907_005_028.ahx
5758	122208768	122235916	27148	/voice/NA00_2907_005_049.adx
5759	122236416	122249685	13269	/voice/NA00_2907_005_049.ahx
5760	122249728	122297990	48262	/voice/NA00_2907_005_051.adx
5761	122298368	122325884	27516	/voice/NA00_2907_005_051.ahx
5762	122326016	122353524	27508	/voice/NA00_2907_005_053.adx
5763	122353664	122366281	12617	/voice/NA00_2907_005_053.ahx
5764	122366464	122402972	36508	/voice/NA00_2907_005_069.adx
5765	122403328	122420814	17486	/voice/NA00_2907_005_069.ahx
5766	122421248	122448900	27652	/voice/NA00_2907_006_016.adx
5767	122449408	122465387	15979	/voice/NA00_2907_006_016.ahx
5768	122465792	122506044	40252	/voice/NA00_2907_006_018.adx
5769	122506240	122529443	23203	/voice/NA00_2907_006_018.ahx
5770	122529792	122592544	62752	/voice/NA00_2907_006_027.adx
5771	122592768	122625213	32445	/voice/NA00_2907_006_027.ahx
5772	122625536	122650236	24700	/voice/NA00_2907_006_054.adx
5773	122650624	122666337	15713	/voice/NA00_2907_006_054.ahx
5774	122666496	122712652	46156	/voice/NA00_2907_006_056.adx
5775	122713088	122740461	27373	/voice/NA00_2907_006_056.ahx
5776	122740736	122774274	33538	/voice/NA00_2907_006_056_1.adx
5777	122774528	122791953	17425	/voice/NA00_2907_006_056_1.ahx
5778	122792448	122847532	55084	/voice/NA00_2907_006_058.adx
5779	122847744	122876532	28788	/voice/NA00_2907_006_058.ahx
5780	122876928	122899918	22990	/voice/NA00_2907_006_074.adx
5781	122899968	122911564	11596	/voice/NA00_2907_006_074.ahx
5782	122911744	122921414	9670	/voice/NA00_2907_008_005.adx
5783	122921472	122927330	5858	/voice/NA00_2907_008_005.ahx
5784	122927616	123019816	92200	/voice/NA00_2907_008_007.adx
5785	123020288	123054009	33721	/voice/NA00_2907_008_007.ahx
5786	123054080	123106770	52690	/voice/NA00_2907_014_001.adx
5787	123106816	123135835	29019	/voice/NA00_2907_014_001.ahx
5788	123136000	123184928	48928	/voice/NA00_2907_014_004.adx
5789	123185152	123203433	18281	/voice/NA00_2907_014_004.ahx
5790	123203584	123231689	28105	/voice/NA00_3001_001_004.ahx
5791	123231744	123255371	23627	/voice/NA00_3001_001_006.ahx
5792	123255808	123262907	7099	/voice/NA00_3001_001_014.ahx
5793	123262976	123272391	9415	/voice/NA00_3001_001_022.ahx
5794	123272704	123283656	10952	/voice/NA00_3001_001_024.ahx
5795	123283968	123295434	11466	/voice/NA00_3001_001_035.ahx
5796	123295744	123306332	10588	/voice/NA00_3001_001_039.ahx
5797	123306496	123332368	25872	/voice/NA00_3001_001_041.ahx
5798	123332608	123335162	2554	/voice/NA00_3001_001_046.ahx
5799	123335168	123352860	17692	/voice/NA00_3001_001_048.ahx
5800	123353088	123355236	2148	/voice/NA00_3001_001_049.ahx
5801	123355648	123358602	2954	/voice/NA00_3001_001_051.ahx
5802	123358720	123369120	10400	/voice/NA00_3001_002_003.ahx
5803	123369472	123378300	8828	/voice/NA00_3001_002_007.ahx
5804	123378688	123406135	27447	/voice/NA00_3001_002_020.ahx
5805	123406336	123416647	10311	/voice/NA00_3001_002_027.ahx
5806	123417088	123427814	10726	/voice/NA00_3001_002_030.ahx
5807	123427840	123448173	20333	/voice/NA00_3001_002_036.ahx
5808	123448320	123450287	1967	/voice/NA00_3001_002_038.ahx
5809	123450368	123478231	27863	/voice/NA00_3001_002_043.ahx
5810	123478528	123483027	4499	/voice/NA00_3001_002_045.ahx
5811	123483136	123510439	27303	/voice/NA00_3001_002_048.ahx
5812	123510784	123534519	23735	/voice/NA00_3001_002_050.ahx
5813	123534848	123537413	2565	/voice/NA00_3001_002_050_1.ahx
5814	123537920	123540939	3019	/voice/NA00_3001_002_052.ahx
5815	123540992	123570173	29181	/voice/NA00_3001_003_009.ahx
5816	123570176	123585129	14953	/voice/NA00_3001_003_016.ahx
5817	123585536	123608917	23381	/voice/NA00_3001_003_037.ahx
5818	123609088	123642872	33784	/voice/NA00_3001_003_040.ahx
5819	123642880	123650522	7642	/voice/NA00_3001_003_042.ahx
5820	123650560	123665106	14546	/voice/NA00_3001_003_042_1.ahx
5821	123665408	123683188	17780	/voice/NA00_3001_003_042_2.ahx
5822	123683328	123695883	12555	/voice/NA00_3001_003_044.ahx
5823	123696128	123728049	31921	/voice/NA00_3001_004_012.ahx
5824	123728384	123736819	8435	/voice/NA00_3001_004_018.ahx
5825	123737088	123780398	43310	/voice/NA00_3001_004_026.ahx
5826	123780608	123814397	33789	/voice/NA00_3001_004_028.ahx
5827	123814400	123821850	7450	/voice/NA00_3001_004_031.ahx
5828	123822080	123850984	28904	/voice/NA00_3001_004_032.ahx
5829	123851264	123878031	26767	/voice/NA00_3001_004_034.ahx
5830	123878400	123907324	28924	/voice/NA00_3001_004_034_1.ahx
5831	123907584	123950037	42453	/voice/NA00_3001_005_005.ahx
5832	123950080	123979511	29431	/voice/NA00_3001_005_005_1.ahx
5833	123979776	124012951	33175	/voice/NA00_3001_005_008.ahx
5834	124013056	124033601	20545	/voice/NA00_3001_005_008_1.ahx
5835	124034048	124061684	27636	/voice/NA00_3001_005_010.ahx
5836	124061696	124069871	8175	/voice/NA00_3001_005_011.ahx
5837	124069888	124089176	19288	/voice/NA00_3001_006_013.ahx
5838	124089344	124119122	29778	/voice/NA00_3001_006_015.ahx
5839	124119552	124146160	26608	/voice/NA00_3001_006_017.ahx
5840	124146176	124153590	7414	/voice/NA00_3001_006_019.ahx
5841	124153856	124188764	34908	/voice/NA00_3001_006_019_1.ahx
5842	124189184	124209244	20060	/voice/NA00_3001_006_021.ahx
5843	124209664	124246334	36670	/voice/NA00_3001_006_021_1.ahx
5844	124246528	124275714	29186	/voice/NA00_3001_006_023.ahx
5845	124276224	124285776	9552	/voice/NA00_3001_006_025.ahx
5846	124285952	124298272	12320	/voice/NA00_3001_006_025_1.ahx
5847	124298752	124314158	15406	/voice/NA00_3001_007_047.ahx
5848	124314624	124351204	36580	/voice/NA00_3001_011_029.ahx
5849	124351488	124377883	26395	/voice/NA00_3001_011_033.ahx
5850	124378112	124392927	14815	/voice/NA00_3001_011_033_1.ahx
5851	124392960	124416033	23073	/voice/NA00_3001_011_033_2.ahx
5852	124416512	124427195	10683	/voice/NA00_3001_068_002.ahx
5853	124427264	124431295	4031	/voice/NA00_3001_070_001.ahx
5854	124431360	124447165	15805	/voice/NA00_3002_001_003.ahx
5855	124447232	124461129	13897	/voice/NA00_3002_001_006.ahx
5856	124461568	124476578	15010	/voice/NA00_3002_001_009.ahx
5857	124476928	124499708	22780	/voice/NA00_3002_001_014.ahx
5858	124499968	124505351	5383	/voice/NA00_3002_001_014_1.ahx
5859	124505600	124514221	8621	/voice/NA00_3002_001_014_2.ahx
5860	124514304	124519782	5478	/voice/NA00_3002_023_001.ahx
5861	124519936	124550106	30170	/voice/NA00_3002_023_004.ahx
5862	124550144	124576643	26499	/voice/NA00_3002_023_007.ahx
5863	124576768	124596696	19928	/voice/NA00_3002_023_010.ahx
5864	124596736	124608438	11702	/voice/NA00_3002_023_012.ahx
5865	124608512	124627847	19335	/voice/NA00_3002_024_002.ahx
5866	124627968	124652416	24448	/voice/NA00_3002_024_005.ahx
5867	124652544	124662073	9529	/voice/NA00_3002_024_008.ahx
5868	124662272	124688942	26670	/voice/NA00_3002_024_011.ahx
5869	124689408	124695294	5886	/voice/NA00_3002_024_013.ahx
5870	124695552	124721626	26074	/voice/NA00_3003_001_001.ahx
5871	124721664	124726627	4963	/voice/NA00_3003_001_002.ahx
5872	124726784	124740710	13926	/voice/NA00_3003_001_003.ahx
5873	124741120	124751668	10548	/voice/NA00_3003_001_003_1.ahx
5874	124751872	124755472	3600	/voice/NA00_3003_001_004.ahx
5875	124755968	124759358	3390	/voice/NA00_3003_001_007.ahx
5876	124759552	124916505	156953	/voice/NA00_3003_001_008.ahx
5877	124916736	124923834	7098	/voice/NA00_3003_019_006.ahx
5878	124923904	124935497	11593	/voice/NA00_3003_020_005.ahx
5879	124935680	124946854	11174	/voice/NA04_0003_001_001.ahx
5880	124946944	124955271	8327	/voice/NA04_0003_001_004.ahx
5881	124955648	124994569	38921	/voice/NA04_0003_001_006.ahx
5882	124995072	125009336	14264	/voice/NA04_0003_001_008.ahx
5883	125009408	125024814	15406	/voice/NA04_0003_001_013.ahx
5884	125025280	125038377	13097	/voice/NA04_0003_001_016.ahx
5885	125038592	125068678	30086	/voice/NA04_0003_002_003.ahx
5886	125068800	125100863	32063	/voice/NA04_0003_002_005.ahx
5887	125101056	125132536	31480	/voice/NA04_0003_002_005_1.ahx
5888	125132800	125156382	23582	/voice/NA04_0003_002_007.ahx
5889	125156864	125196954	40090	/voice/NA04_0003_002_009.ahx
5890	125197312	125231351	34039	/voice/NA04_0003_002_011.ahx
5891	125231616	125237372	5756	/voice/NA04_0003_002_014.ahx
5892	125237760	125248437	10677	/voice/NA04_0003_002_017.ahx
5893	125248512	125272538	24026	/voice/NA04_0003_007_002.ahx
5894	125272576	125315471	42895	/voice/NA04_0003_007_010.ahx
5895	125315584	125332265	16681	/voice/NA04_0003_007_012.ahx
5896	125332480	125354008	21528	/voice/NA04_0003_007_015.ahx
5897	125354496	125366797	12301	/voice/NA04_0003_007_015_1.ahx
5898	125367296	125376502	9206	/voice/NA04_0005_001_001.ahx
5899	125376512	125397078	20566	/voice/NA04_0005_001_003.ahx
5900	125397504	125432540	35036	/voice/NA04_0005_001_005.ahx
5901	125432832	125438664	5832	/voice/NA04_0005_001_007.ahx
5902	125438976	125450070	11094	/voice/NA04_0005_001_008.ahx
5903	125450240	125481802	31562	/voice/NA04_0005_001_010.ahx
5904	125481984	125514083	32099	/voice/NA04_0005_001_013.ahx
5905	125514240	125531191	16951	/voice/NA04_0005_001_015.ahx
5906	125531648	125538540	6892	/voice/NA04_0005_002_012.ahx
5907	125538816	125563285	24469	/voice/NA04_0005_002_014.ahx
5908	125563392	125569477	6085	/voice/NA04_0005_002_016.ahx
5909	125569536	125574363	4827	/voice/NA04_0005_007_002.ahx
5910	125574656	125590784	16128	/voice/NA04_0005_007_004.ahx
5911	125591040	125602198	11158	/voice/NA04_0005_007_006.ahx
5912	125602304	125615178	12874	/voice/NA04_0005_007_009.ahx
5913	125615616	125623352	7736	/voice/NA04_0005_007_011.ahx
5914	125623808	125637962	14154	/voice/NA04_0005_007_011_1.ahx
5915	125638144	125650360	12216	/voice/NA04_0005_007_011_2.ahx
5916	125650432	125665715	15283	/voice/NA04_0023_001_001.ahx
5917	125665792	125671721	5929	/voice/NA04_0023_001_003.ahx
5918	125671936	125687463	15527	/voice/NA04_0023_001_003_1.ahx
5919	125687808	125703484	15676	/voice/NA04_0023_001_005.ahx
5920	125703680	125715477	11797	/voice/NA04_0023_001_007.ahx
5921	125715968	125732712	16744	/voice/NA04_0023_001_009.ahx
5922	125732864	125747960	15096	/voice/NA04_0023_007_002.ahx
5923	125748224	125772765	24541	/voice/NA04_0023_007_004.ahx
5924	125772800	125802948	30148	/voice/NA04_0023_007_006.ahx
5925	125803008	125833220	30212	/voice/NA04_0023_007_008.ahx
5926	125833728	125836840	3112	/weapon/c001w01a.bin
5927	125837312	125839564	2252	/weapon/c001w01b.bin
5928	125839872	125844072	4200	/weapon/c001w02a.bin
5929	125844480	125848264	3784	/weapon/c001w02b.bin
5930	125848576	125852388	3812	/weapon/c001w03a.bin
5931	125852672	125856004	3332	/weapon/c001w03b.bin
5932	125856256	125860472	4216	/weapon/c001w04a.bin
5933	125860864	125864744	3880	/weapon/c001w04b.bin
5934	125864960	125870180	5220	/weapon/c001w05a.bin
5935	125870592	125875604	5012	/weapon/c001w05b.bin
5936	125875712	125880204	4492	/weapon/c001w06a.bin
5937	125880320	125884308	3988	/weapon/c001w06b.bin
5938	125884416	125889328	4912	/weapon/c001w07a.bin
5939	125889536	125894348	4812	/weapon/c001w07b.bin
5940	125894656	125899632	4976	/weapon/c001w08a.bin
5941	125899776	125902300	2524	/weapon/c001w08b.bin
5942	125902336	125907836	5500	/weapon/c001w09a.bin
5943	125907968	125912464	4496	/weapon/c001w09b.bin
5944	125912576	125917044	4468	/weapon/c001w10a.bin
5945	125917184	125920400	3216	/weapon/c001w10b.bin
5946	125920768	125926228	5460	/weapon/c001w11a.bin
5947	125926400	125930584	4184	/weapon/c001w11b.bin
5948	125931008	125935472	4464	/weapon/c001w12a.bin
5949	125935616	125938152	2536	/weapon/c001w12b.bin
5950	125938176	125942700	4524	/weapon/c001w13a.bin
5951	125942784	125945996	3212	/weapon/c001w13b.bin
5952	125946368	125951232	4864	/weapon/c001w14a.bin
5953	125951488	125955120	3632	/weapon/c001w14b.bin
5954	125955584	125961316	5732	/weapon/c001w15a.bin
5955	125961728	125965488	3760	/weapon/c001w15b.bin
5956	125965824	125969876	4052	/weapon/c001w16a.bin
5957	125969920	125972176	2256	/weapon/c001w16b.bin
5958	125972480	125977620	5140	/weapon/c001w17a.bin
5959	125978112	125982244	4132	/weapon/c001w17b.bin
5960	125982720	125989904	7184	/weapon/c001w18a.bin
5961	125990400	125994340	3940	/weapon/c001w18b.bin
5962	125994496	126000132	5636	/weapon/c001w19a.bin
5963	126000640	126005388	4748	/weapon/c001w19b.bin
5964	126005760	126010536	4776	/weapon/c001w20a.bin
5965	126010880	126014988	4108	/weapon/c001w20b.bin
5966	126015488	126021400	5912	/weapon/c001w21a.bin
5967	126021632	126025608	3976	/weapon/c001w21b.bin
5968	126025728	126029976	4248	/weapon/c002w01a.bin
5969	126030336	126034692	4356	/weapon/c002w01b.bin
5970	126034944	126039140	4196	/weapon/c002w02a.bin
5971	126039552	126043804	4252	/weapon/c002w02b.bin
5972	126044160	126047932	3772	/weapon/c002w03a.bin
5973	126048256	126052000	3744	/weapon/c002w03b.bin
5974	126052352	126056344	3992	/weapon/c002w04a.bin
5975	126056448	126060432	3984	/weapon/c002w04b.bin
5976	126060544	126065332	4788	/weapon/c002w05a.bin
5977	126065664	126070628	4964	/weapon/c002w05b.bin
5978	126070784	126074480	3696	/weapon/c002w06a.bin
5979	126074880	126078512	3632	/weapon/c002w06b.bin
5980	126078976	126084700	5724	/weapon/c002w07a.bin
5981	126085120	126090932	5812	/weapon/c002w07b.bin
5982	126091264	126096136	4872	/weapon/c002w08a.bin
5983	126096384	126101344	4960	/weapon/c002w08b.bin
5984	126101504	126106012	4508	/weapon/c002w09a.bin
5985	126106112	126110728	4616	/weapon/c002w09b.bin
5986	126111232	126115608	4376	/weapon/c002w10a.bin
5987	126115840	126120324	4484	/weapon/c002w10b.bin
5988	126120448	126124456	4008	/weapon/c002w11a.bin
5989	126124544	126128540	3996	/weapon/c002w11b.bin
5990	126128640	126134008	5368	/weapon/c002w12a.bin
5991	126134272	126139388	5116	/weapon/c002w12b.bin
5992	126139392	126144384	4992	/weapon/c002w13a.bin
5993	126144512	126149700	5188	/weapon/c002w13b.bin
5994	126150144	126155156	5012	/weapon/c002w14a.bin
5995	126155264	126160188	4924	/weapon/c002w14b.bin
5996	126160384	126164776	4392	/weapon/c002w15a.bin
5997	126164992	126169372	4380	/weapon/c002w15b.bin
5998	126169600	126174220	4620	/weapon/c002w16a.bin
5999	126174720	126179448	4728	/weapon/c002w16b.bin
6000	126179840	126185628	5788	/weapon/c002w17a.bin
6001	126185984	126192292	6308	/weapon/c002w17b.bin
6002	126192640	126197472	4832	/weapon/c002w18a.bin
6003	126197760	126202768	5008	/weapon/c002w18b.bin
6004	126202880	126207480	4600	/weapon/c002w19a.bin
6005	126207488	126212140	4652	/weapon/c002w19b.bin
6006	126212608	126217480	4872	/weapon/c002w20a.bin
6007	126217728	126222684	4956	/weapon/c002w20b.bin
6008	126222848	126228864	6016	/weapon/c002w21a.bin
6009	126228992	126234980	5988	/weapon/c002w21b.bin
6010	126235136	126238648	3512	/weapon/c003w01a.bin
6011	126238720	126242252	3532	/weapon/c003w01b.bin
6012	126242304	126245304	3000	/weapon/c003w01c.bin
6013	126245376	126248332	2956	/weapon/c003w01d.bin
6014	126248448	126252796	4348	/weapon/c003w02a.bin
6015	126253056	126257404	4348	/weapon/c003w02b.bin
6016	126257664	126260016	2352	/weapon/c003w02c.bin
6017	126260224	126262576	2352	/weapon/c003w02d.bin
6018	126262784	126266576	3792	/weapon/c003w03a.bin
6019	126266880	126270672	3792	/weapon/c003w03b.bin
6020	126270976	126273428	2452	/weapon/c003w03c.bin
6021	126273536	126275988	2452	/weapon/c003w03d.bin
6022	126276096	126280460	4364	/weapon/c003w04a.bin
6023	126280704	126285068	4364	/weapon/c003w04b.bin
6024	126285312	126287680	2368	/weapon/c003w04c.bin
6025	126287872	126290240	2368	/weapon/c003w04d.bin
6026	126290432	126293884	3452	/weapon/c003w05a.bin
6027	126294016	126297468	3452	/weapon/c003w05b.bin
6028	126297600	126299964	2364	/weapon/c003w05c.bin
6029	126300160	126302524	2364	/weapon/c003w05d.bin
6030	126302720	126306540	3820	/weapon/c003w06a.bin
6031	126306816	126310636	3820	/weapon/c003w06b.bin
6032	126310912	126314148	3236	/weapon/c003w06c.bin
6033	126314496	126317732	3236	/weapon/c003w06d.bin
6034	126318080	126321676	3596	/weapon/c003w07a.bin
6035	126322176	126325772	3596	/weapon/c003w07b.bin
6036	126326272	126329292	3020	/weapon/c003w07c.bin
6037	126329344	126332364	3020	/weapon/c003w07d.bin
6038	126332416	126336048	3632	/weapon/c003w08a.bin
6039	126336512	126340144	3632	/weapon/c003w08b.bin
6040	126340608	126343812	3204	/weapon/c003w08c.bin
6041	126344192	126347396	3204	/weapon/c003w08d.bin
6042	126347776	126352328	4552	/weapon/c003w09a.bin
6043	126352384	126356936	4552	/weapon/c003w09b.bin
6044	126356992	126359520	2528	/weapon/c003w09c.bin
6045	126359552	126362080	2528	/weapon/c003w09d.bin
6046	126362112	126365644	3532	/weapon/c003w10a.bin
6047	126365696	126369228	3532	/weapon/c003w10b.bin
6048	126369280	126371724	2444	/weapon/c003w10c.bin
6049	126371840	126374284	2444	/weapon/c003w10d.bin
6050	126374400	126379848	5448	/weapon/c003w11a.bin
6051	126380032	126385496	5464	/weapon/c003w11b.bin
6052	126385664	126390592	4928	/weapon/c003w11c.bin
6053	126390784	126395712	4928	/weapon/c003w11d.bin
6054	126395904	126399412	3508	/weapon/c003w12a.bin
6055	126399488	126402996	3508	/weapon/c003w12b.bin
6056	126403072	126405608	2536	/weapon/c003w12c.bin
6057	126405632	126408168	2536	/weapon/c003w12d.bin
6058	126408192	126413972	5780	/weapon/c003w13a.bin
6059	126414336	126420116	5780	/weapon/c003w13b.bin
6060	126420480	126426044	5564	/weapon/c003w13c.bin
6061	126426112	126431676	5564	/weapon/c003w13d.bin
6062	126431744	126435308	3564	/weapon/c003w14a.bin
6063	126435328	126438892	3564	/weapon/c003w14b.bin
6064	126438912	126441908	2996	/weapon/c003w14c.bin
6065	126441984	126444980	2996	/weapon/c003w14d.bin
6066	126445056	126448736	3680	/weapon/c003w15a.bin
6067	126449152	126452832	3680	/weapon/c003w15b.bin
6068	126453248	126456340	3092	/weapon/c003w15c.bin
6069	126456832	126459924	3092	/weapon/c003w15d.bin
6070	126460416	126464056	3640	/weapon/c003w16a.bin
6071	126464512	126468172	3660	/weapon/c003w16b.bin
6072	126468608	126471736	3128	/weapon/c003w16c.bin
6073	126472192	126475320	3128	/weapon/c003w16d.bin
6074	126475776	126483320	7544	/weapon/c003w17a.bin
6075	126483456	126491000	7544	/weapon/c003w17b.bin
6076	126491136	126496960	5824	/weapon/c003w17c.bin
6077	126497280	126503104	5824	/weapon/c003w17d.bin
6078	126503424	126507740	4316	/weapon/c003w18a.bin
6079	126508032	126512348	4316	/weapon/c003w18b.bin
6080	126512640	126516304	3664	/weapon/c003w18c.bin
6081	126516736	126520400	3664	/weapon/c003w18d.bin
6082	126520832	126526696	5864	/weapon/c003w19a.bin
6083	126526976	126532840	5864	/weapon/c003w19b.bin
6084	126533120	126538044	4924	/weapon/c003w19c.bin
6085	126538240	126543164	4924	/weapon/c003w19d.bin
6086	126543360	126547524	4164	/weapon/c003w20a.bin
6087	126547968	126552132	4164	/weapon/c003w20b.bin
6088	126552576	126555980	3404	/weapon/c003w20c.bin
6089	126556160	126559564	3404	/weapon/c003w20d.bin
6090	126559744	126563716	3972	/weapon/c003w21a.bin
6091	126563840	126567812	3972	/weapon/c003w21b.bin
6092	126567936	126571556	3620	/weapon/c003w21c.bin
6093	126572032	126575652	3620	/weapon/c003w21d.bin
6094	126576128	126580176	4048	/weapon/c004w01a.bin
6095	126580224	126584600	4376	/weapon/c004w02a.bin
6096	126584832	126588568	3736	/weapon/c004w03a.bin
6097	126588928	126592752	3824	/weapon/c004w04a.bin
6098	126593024	126596916	3892	/weapon/c004w05a.bin
6099	126597120	126601200	4080	/weapon/c004w06a.bin
6100	126601216	126604936	3720	/weapon/c004w07a.bin
6101	126605312	126609796	4484	/weapon/c004w08a.bin
6102	126609920	126613640	3720	/weapon/c004w09a.bin
6103	126614016	126618688	4672	/weapon/c004w10a.bin
6104	126619136	126622684	3548	/weapon/c004w11a.bin
6105	126622720	126626572	3852	/weapon/c004w12a.bin
6106	126626816	126630656	3840	/weapon/c004w13a.bin
6107	126630912	126635344	4432	/weapon/c004w14a.bin
6108	126635520	126640328	4808	/weapon/c004w15a.bin
6109	126640640	126645364	4724	/weapon/c004w16a.bin
6110	126645760	126649856	4096	/weapon/c004w17a.bin
6111	126649856	126653008	3152	/weapon/c004w18a.bin
6112	126653440	126658436	4996	/weapon/c004w19a.bin
6113	126658560	126663200	4640	/weapon/c004w20a.bin
6114	126663680	126668168	4488	/weapon/c004w21a.bin
6115	126668288	126672400	4112	/weapon/c005w01a.bin
6116	126672896	126677040	4144	/weapon/c005w02a.bin
6117	126677504	126681712	4208	/weapon/c005w03a.bin
6118	126682112	126686392	4280	/weapon/c005w04a.bin
6119	126686720	126690956	4236	/weapon/c005w05a.bin
6120	126691328	126695420	4092	/weapon/c005w06a.bin
6121	126695424	126700368	4944	/weapon/c005w07a.bin
6122	126700544	126705484	4940	/weapon/c005w08a.bin
6123	126705664	126710368	4704	/weapon/c005w09a.bin
6124	126710784	126715712	4928	/weapon/c005w10a.bin
6125	126715904	126719804	3900	/weapon/c005w11a.bin
6126	126720000	126724468	4468	/weapon/c005w12a.bin
6127	126724608	126729328	4720	/weapon/c005w13a.bin
6128	126729728	126734520	4792	/weapon/c005w14a.bin
6129	126734848	126740056	5208	/weapon/c005w15a.bin
6130	126740480	126746188	5708	/weapon/c005w16a.bin
6131	126746624	126751852	5228	/weapon/c005w17a.bin
6132	126752256	126757912	5656	/weapon/c005w18a.bin
6133	126758400	126765136	6736	/weapon/c005w19a.bin
6134	126765568	126771152	5584	/weapon/c005w20a.bin
6135	126771200	126777500	6300	/weapon/c005w21a.bin
6136	126777856	126782344	4488	/weapon/c006w01a.bin
6137	126782464	126787128	4664	/weapon/c006w01b.bin
6138	126787584	126792116	4532	/weapon/c006w02a.bin
6139	126792192	126796856	4664	/weapon/c006w02b.bin
6140	126797312	126801868	4556	/weapon/c006w03a.bin
6141	126801920	126806720	4800	/weapon/c006w03b.bin
6142	126807040	126811532	4492	/weapon/c006w04a.bin
6143	126811648	126816384	4736	/weapon/c006w04b.bin
6144	126816768	126821800	5032	/weapon/c006w05a.bin
6145	126821888	126827036	5148	/weapon/c006w05b.bin
6146	126827520	126832224	4704	/weapon/c006w06a.bin
6147	126832640	126837436	4796	/weapon/c006w06b.bin
6148	126837760	126842224	4464	/weapon/c006w07a.bin
6149	126842368	126846700	4332	/weapon/c006w07b.bin
6150	126846976	126851128	4152	/weapon/c006w08a.bin
6151	126851584	126855664	4080	/weapon/c006w08b.bin
6152	126855680	126860400	4720	/weapon/c006w09a.bin
6153	126860800	126865612	4812	/weapon/c006w09b.bin
6154	126865920	126870540	4620	/weapon/c006w10a.bin
6155	126871040	126875904	4864	/weapon/c006w10b.bin
6156	126876160	126880976	4816	/weapon/c006w11a.bin
6157	126881280	126886076	4796	/weapon/c006w11b.bin
6158	126886400	126891052	4652	/weapon/c006w12a.bin
6159	126891520	126896416	4896	/weapon/c006w12b.bin
6160	126896640	126900788	4148	/weapon/c006w13a.bin
6161	126901248	126905344	4096	/weapon/c006w13b.bin
6162	126905344	126910156	4812	/weapon/c006w14a.bin
6163	126910464	126915296	4832	/weapon/c006w14b.bin
6164	126915584	126920304	4720	/weapon/c006w15a.bin
6165	126920704	126925464	4760	/weapon/c006w15b.bin
6166	126925824	126929464	3640	/weapon/c006w16a.bin
6167	126929920	126933544	3624	/weapon/c006w16b.bin
6168	126934016	126938128	4112	/weapon/c006w17a.bin
6169	126938624	126942760	4136	/weapon/c006w17b.bin
6170	126943232	126947516	4284	/weapon/c006w18a.bin
6171	126947840	126951976	4136	/weapon/c006w18b.bin
6172	126952448	126957512	5064	/weapon/c006w19a.bin
6173	126957568	126962748	5180	/weapon/c006w19b.bin
6174	126963200	126966924	3724	/weapon/c006w20a.bin
6175	126967296	126971148	3852	/weapon/c006w20b.bin
6176	126971392	126976168	4776	/weapon/c006w21a.bin
6177	126976512	126981348	4836	/weapon/c006w21b.bin
6178	127006208	127013276	7068	/world/f_test04_Room_01.bin
6179	127013376	127020780	7404	/world/f_test04_Room_02.bin
6180	127021056	127028680	7624	/world/f_test04_Room_03.bin
6181	127028736	127083256	54520	/world/f_test04_Room_04.bin
6182	127083520	127091052	7532	/world/f_test04_Room_05.bin
6183	127091200	127098688	7488	/world/f_test04_Room_06.bin
6184	127098880	127141020	42140	/world/f_test04_Room_07.bin
6185	127141376	127185516	44140	/world/f_test04_Room_08.bin
6186	127185920	127213060	27140	/world/f_test04_Room_09.bin
6187	127213568	127220800	7232	/world/f_test04_Room_10.bin
6188	127221248	127228408	7160	/world/f_test04_Room_100.bin
6189	127228416	127232412	3996	/world/f_test04_Room_101.bin
6190	127232512	127236508	3996	/world/f_test04_Room_102.bin
6191	127236608	127240604	3996	/world/f_test04_Room_103.bin
6192	127240704	127244700	3996	/world/f_test04_Room_104.bin
6193	127244800	127248796	3996	/world/f_test04_Room_105.bin
6194	127248896	127252892	3996	/world/f_test04_Room_106.bin
6195	127252992	127256988	3996	/world/f_test04_Room_107.bin
6196	127257088	127261084	3996	/world/f_test04_Room_108.bin
6197	127261184	127264480	3296	/world/f_test04_Room_109.bin
6198	127264768	127271832	7064	/world/f_test04_Room_11.bin
6199	127271936	127275932	3996	/world/f_test04_Room_110.bin
6200	127276032	127280028	3996	/world/f_test04_Room_111.bin
6201	127280128	127284124	3996	/world/f_test04_Room_112.bin
6202	127284224	127288220	3996	/world/f_test04_Room_113.bin
6203	127288320	127292316	3996	/world/f_test04_Room_114.bin
6204	127292416	127296412	3996	/world/f_test04_Room_115.bin
6205	127296512	127300508	3996	/world/f_test04_Room_116.bin
6206	127300608	127304724	4116	/world/f_test04_Room_117.bin
6207	127305216	127309332	4116	/world/f_test04_Room_118.bin
6208	127309824	127313940	4116	/world/f_test04_Room_119.bin
6209	127314432	127322076	7644	/world/f_test04_Room_12.bin
6210	127322112	127326328	4216	/world/f_test04_Room_120.bin
6211	127326720	127330936	4216	/world/f_test04_Room_121.bin
6212	127331328	127335544	4216	/world/f_test04_Room_122.bin
6213	127335936	127340152	4216	/world/f_test04_Room_123.bin
6214	127340544	127344760	4216	/world/f_test04_Room_124.bin
6215	127345152	127349368	4216	/world/f_test04_Room_125.bin
6216	127349760	127353992	4232	/world/f_test04_Room_126.bin
6217	127354368	127358364	3996	/world/f_test04_Room_127.bin
6218	127358464	127362460	3996	/world/f_test04_Room_128.bin
6219	127362560	127366564	4004	/world/f_test04_Room_129.bin
6220	127366656	127374240	7584	/world/f_test04_Room_13.bin
6221	127374336	127378420	4084	/world/f_test04_Room_130.bin
6222	127378432	127382432	4000	/world/f_test04_Room_131.bin
6223	127382528	127386612	4084	/world/f_test04_Room_132.bin
6224	127386624	127390620	3996	/world/f_test04_Room_133.bin
6225	127390720	127394804	4084	/world/f_test04_Room_134.bin
6226	127394816	127398812	3996	/world/f_test04_Room_135.bin
6227	127398912	127402996	4084	/world/f_test04_Room_136.bin
6228	127403008	127407004	3996	/world/f_test04_Room_137.bin
6229	127407104	127411220	4116	/world/f_test04_Room_138.bin
6230	127411712	127415708	3996	/world/f_test04_Room_139.bin
6231	127415808	127423368	7560	/world/f_test04_Room_14.bin
6232	127423488	127427576	4088	/world/f_test04_Room_140.bin
6233	127427584	127431580	3996	/world/f_test04_Room_141.bin
6234	127431680	127435768	4088	/world/f_test04_Room_142.bin
6235	127435776	127439804	4028	/world/f_test04_Room_143.bin
6236	127439872	127443956	4084	/world/f_test04_Room_144.bin
6237	127443968	127447964	3996	/world/f_test04_Room_145.bin
6238	127448064	127452148	4084	/world/f_test04_Room_146.bin
6239	127452160	127456188	4028	/world/f_test04_Room_147.bin
6240	127456256	127460340	4084	/world/f_test04_Room_148.bin
6241	127460352	127464348	3996	/world/f_test04_Room_149.bin
6242	127464448	127471936	7488	/world/f_test04_Room_15.bin
6243	127472128	127476212	4084	/world/f_test04_Room_150.bin
6244	127476224	127480376	4152	/world/f_test04_Room_151.bin
6245	127480832	127484948	4116	/world/f_test04_Room_152.bin
6246	127485440	127489556	4116	/world/f_test04_Room_153.bin
6247	127490048	127494164	4116	/world/f_test04_Room_154.bin
6248	127494656	127498772	4116	/world/f_test04_Room_155.bin
6249	127499264	127503380	4116	/world/f_test04_Room_156.bin
6250	127503872	127507988	4116	/world/f_test04_Room_157.bin
6251	127508480	127512596	4116	/world/f_test04_Room_158.bin
6252	127513088	127517204	4116	/world/f_test04_Room_159.bin
6253	127517696	127525336	7640	/world/f_test04_Room_16.bin
6254	127525376	127529528	4152	/world/f_test04_Room_160.bin
6255	127529984	127533980	3996	/world/f_test04_Room_161.bin
6256	127534080	127538076	3996	/world/f_test04_Room_162.bin
6257	127538176	127542172	3996	/world/f_test04_Room_163.bin
6258	127542272	127546268	3996	/world/f_test04_Room_164.bin
6259	127546368	127550372	4004	/world/f_test04_Room_165.bin
6260	127550464	127554460	3996	/world/f_test04_Room_166.bin
6261	127554560	127558556	3996	/world/f_test04_Room_167.bin
6262	127558656	127562652	3996	/world/f_test04_Room_168.bin
6263	127562752	127566748	3996	/world/f_test04_Room_169.bin
6264	127566848	127596792	29944	/world/f_test04_Room_17.bin
6265	127597056	127601052	3996	/world/f_test04_Room_170.bin
6266	127601152	127605148	3996	/world/f_test04_Room_171.bin
6267	127605248	127609244	3996	/world/f_test04_Room_172.bin
6268	127609344	127613340	3996	/world/f_test04_Room_173.bin
6269	127613440	127617436	3996	/world/f_test04_Room_174.bin
6270	127617536	127621532	3996	/world/f_test04_Room_175.bin
6271	127621632	127625628	3996	/world/f_test04_Room_176.bin
6272	127625728	127629904	4176	/world/f_test04_Room_177.bin
6273	127630336	127634332	3996	/world/f_test04_Room_178.bin
6274	127634432	127638600	4168	/world/f_test04_Room_179.bin
6275	127639040	127697152	58112	/world/f_test04_Room_18.bin
6276	127697408	127701404	3996	/world/f_test04_Room_180.bin
6277	127701504	127705668	4164	/world/f_test04_Room_181.bin
6278	127706112	127710108	3996	/world/f_test04_Room_182.bin
6279	127710208	127714372	4164	/world/f_test04_Room_183.bin
6280	127714816	127718812	3996	/world/f_test04_Room_184.bin
6281	127718912	127723076	4164	/world/f_test04_Room_185.bin
6282	127723520	127727516	3996	/world/f_test04_Room_186.bin
6283	127727616	127731780	4164	/world/f_test04_Room_187.bin
6284	127732224	127736220	3996	/world/f_test04_Room_188.bin
6285	127736320	127740484	4164	/world/f_test04_Room_189.bin
6286	127740928	127787100	46172	/world/f_test04_Room_19.bin
6287	127787520	127791516	3996	/world/f_test04_Room_190.bin
6288	127791616	127795780	4164	/world/f_test04_Room_191.bin
6289	127796224	127800220	3996	/world/f_test04_Room_192.bin
6290	127800320	127804484	4164	/world/f_test04_Room_193.bin
6291	127804928	127808924	3996	/world/f_test04_Room_194.bin
6292	127809024	127813188	4164	/world/f_test04_Room_195.bin
6293	127813632	127817628	3996	/world/f_test04_Room_196.bin
6294	127817728	127846344	28616	/world/f_test04_Room_20.bin
6295	127846400	127853780	7380	/world/f_test04_Room_21.bin
6296	127854080	127874796	20716	/world/f_test04_Room_22.bin
6297	127875072	127928936	53864	/world/f_test04_Room_23.bin
6298	127929344	127967076	37732	/world/f_test04_Room_24.bin
6299	127967232	127993436	26204	/world/f_test04_Room_25.bin
6300	127993856	128023108	29252	/world/f_test04_Room_26.bin
6301	128023552	128056676	33124	/world/f_test04_Room_27.bin
6302	128056832	128096748	39916	/world/f_test04_Room_28.bin
6303	128096768	128112296	15528	/world/f_test04_Room_29.bin
6304	128112640	128119888	7248	/world/f_test04_Room_30.bin
6305	128120320	128127500	7180	/world/f_test04_Room_31.bin
6306	128128000	128144948	16948	/world/f_test04_Room_32.bin
6307	128145408	128188928	43520	/world/f_test04_Room_33.bin
6308	128188928	128224640	35712	/world/f_test04_Room_34.bin
6309	128224768	128274264	49496	/world/f_test04_Room_35.bin
6310	128274432	128334732	60300	/world/f_test04_Room_36.bin
6311	128334848	128375868	41020	/world/f_test04_Room_37.bin
6312	128376320	128422540	46220	/world/f_test04_Room_38.bin
6313	128422912	128462092	39180	/world/f_test04_Room_39.bin
6314	128462336	128469668	7332	/world/f_test04_Room_40.bin
6315	128470016	128477140	7124	/world/f_test04_Room_41.bin
6316	128477184	128494436	17252	/world/f_test04_Room_42.bin
6317	128494592	128543072	48480	/world/f_test04_Room_43.bin
6318	128543232	128577268	34036	/world/f_test04_Room_44.bin
6319	128577536	128629940	52404	/world/f_test04_Room_45.bin
6320	128630272	128688332	58060	/world/f_test04_Room_46.bin
6321	128688640	128728908	40268	/world/f_test04_Room_47.bin
6322	128729088	128764768	35680	/world/f_test04_Room_48.bin
6323	128764928	128780052	15124	/world/f_test04_Room_49.bin
6324	128780288	128837056	56768	/world/f_test04_Room_50.bin
6325	128837120	128844452	7332	/world/f_test04_Room_51.bin
6326	128844800	128867560	22760	/world/f_test04_Room_52.bin
6327	128867840	128918084	50244	/world/f_test04_Room_53.bin
6328	128918528	128963796	45268	/world/f_test04_Room_54.bin
6329	128964096	129001480	37384	/world/f_test04_Room_55.bin
6330	129001984	129025860	23876	/world/f_test04_Room_56.bin
6331	129026048	129062600	36552	/world/f_test04_Room_57.bin
6332	129062912	129107060	44148	/world/f_test04_Room_58.bin
6333	129107456	129131348	23892	/world/f_test04_Room_59.bin
6334	129131520	129139012	7492	/world/f_test04_Room_60.bin
6335	129139200	129165632	26432	/world/f_test04_Room_61.bin
6336	129165824	129215612	49788	/world/f_test04_Room_62.bin
6337	129216000	129223608	7608	/world/f_test04_Room_63.bin
6338	129223680	129240080	16400	/world/f_test04_Room_64.bin
6339	129240576	129247896	7320	/world/f_test04_Room_65.bin
6340	129248256	129255612	7356	/world/f_test04_Room_66.bin
6341	129255936	129270052	14116	/world/f_test04_Room_67.bin
6342	129270272	129295664	25392	/world/f_test04_Room_68.bin
6343	129295872	129338884	43012	/world/f_test04_Room_69.bin
6344	129339392	129346696	7304	/world/f_test04_Room_70.bin
6345	129347072	129371184	24112	/world/f_test04_Room_71.bin
6346	129371648	129393928	22280	/world/f_test04_Room_72.bin
6347	129394176	129401572	7396	/world/f_test04_Room_73.bin
6348	129401856	129417680	15824	/world/f_test04_Room_74.bin
6349	129417728	129474388	56660	/world/f_test04_Room_75.bin
6350	129474560	129514996	40436	/world/f_test04_Room_76.bin
6351	129515008	129522292	7284	/world/f_test04_Room_77.bin
6352	129522688	129534748	12060	/world/f_test04_Room_78.bin
6353	129534976	129565220	30244	/world/f_test04_Room_79.bin
6354	129565696	129572920	7224	/world/f_test04_Room_80.bin
6355	129573376	129580556	7180	/world/f_test04_Room_81.bin
6356	129581056	129588592	7536	/world/f_test04_Room_82.bin
6357	129588736	129596220	7484	/world/f_test04_Room_83.bin
6358	129596416	129603960	7544	/world/f_test04_Room_84.bin
6359	129604096	129628784	24688	/world/f_test04_Room_85.bin
6360	129629184	129648312	19128	/world/f_test04_Room_86.bin
6361	129648640	129656156	7516	/world/f_test04_Room_87.bin
6362	129656320	129663760	7440	/world/f_test04_Room_88.bin
6363	129664000	129671400	7400	/world/f_test04_Room_89.bin
6364	129671680	129678704	7024	/world/f_test04_Room_90.bin
6365	129678848	129685824	6976	/world/f_test04_Room_91.bin
6366	129686016	129692872	6856	/world/f_test04_Room_92.bin
6367	129693184	129700408	7224	/world/f_test04_Room_93.bin
6368	129700864	129708244	7380	/world/f_test04_Room_94.bin
6369	129708544	129715964	7420	/world/f_test04_Room_95.bin
6370	129716224	129723616	7392	/world/f_test04_Room_96.bin
6371	129723904	129731400	7496	/world/f_test04_Room_97.bin
6372	129731584	129764052	32468	/world/f_test04_Room_98.bin
6373	129764352	129772220	7868	/world/f_test04_Room_99.bin
6374	129772544	129791712	19168	/world/world2d.bin
6375	126981632	126983360	1728	/world/WorldArea.dat
6376	126983680	127006016	22336	/world/WorldMap.dat
6377	129792000	129918076	126076	/world/worldtex.bin
